empresa,fecha,ultimo,var,var_pct,maximo,minimo,volumen
ACS,2025-03-17,52.17,0.0,0.0,52.46,51.83,367287
ACS,2025-03-18,52.9,0.73,1.39,52.95,52.03,362179
ACS,2025-03-19,53.09,0.19,0.37,53.19,52.32,426537
ACS,2025-03-20,52.32,-0.78,-1.46,53.19,51.78,258844
ACS,2025-03-21,52.61,0.29,0.56,52.61,51.64,2109894
ACS,2025-03-24,52.46,-0.15,-0.28,52.8,52.22,279894
ACS,2025-03-25,53.29,0.82,1.57,53.38,52.51,325621
ACS,2025-03-26,53.63,0.34,0.64,54.16,53.43,278793
ACS,2025-03-27,53.82,0.19,0.36,53.82,52.37,463820
ACS,2025-03-28,52.85,-0.97,-1.8,53.72,52.7,198251
ACS,2025-03-31,51.11,-1.74,-3.3,52.56,50.91,385071
ACS,2025-04-01,51.69,0.58,1.14,51.83,51.01,421955
ACS,2025-04-02,52.03,0.34,0.66,52.03,51.2,288603
ACS,2025-04-03,50.77,-1.26,-2.42,51.59,50.19,379304
ACS,2025-04-04,48.0,-2.77,-5.46,50.14,46.95,644530
ACS,2025-04-07,44.99,-3.0,-6.26,47.36,39.72,1118797
ACS,2025-04-08,46.83,1.84,4.09,47.65,45.34,487326
ACS,2025-04-09,45.9,-0.93,-1.99,46.6,45.09,676451
ACS,2025-04-10,47.76,1.86,4.05,51.69,47.4,657161
ACS,2025-04-11,46.93,-0.83,-1.74,48.33,46.54,343017
ACS,2025-04-14,48.78,1.85,3.94,49.31,47.36,431090
ACS,2025-04-15,49.75,0.97,1.99,49.75,48.73,310416
ACS,2025-04-16,49.9,0.15,0.29,49.9,49.07,443186
ACS,2025-04-17,49.8,-0.1,-0.19,50.09,49.31,382688
ACS,2025-04-22,50.19,0.39,0.78,50.23,48.73,290445
ACS,2025-04-23,51.15,0.97,1.93,51.2,50.38,339624
ACS,2025-04-24,51.35,0.19,0.38,51.49,51.01,243841
ACS,2025-04-25,52.07,0.73,1.42,52.37,51.64,302444
ACS,2025-04-28,52.66,0.58,1.12,52.95,52.27,241419
ACS,2025-04-29,53.04,0.39,0.74,53.14,52.61,212297
ACS,2025-04-30,53.38,0.34,0.64,53.63,52.32,466325
ACS,2025-05-02,54.88,1.5,2.81,55.32,53.87,376120
ACS,2025-05-05,55.47,0.58,1.06,55.66,54.74,165757
ACS,2025-05-06,54.45,-1.02,-1.83,55.66,54.3,391878
ACS,2025-05-07,53.92,-0.53,-0.98,54.5,53.43,350552
ACS,2025-05-08,54.4,0.48,0.9,54.69,54.11,219452
ACS,2025-05-09,54.55,0.15,0.27,55.08,54.16,171943
ACS,2025-05-12,54.35,-0.19,-0.36,55.18,53.92,286664
ACS,2025-05-13,55.47,1.11,2.05,55.76,54.35,247003
ACS,2025-05-14,56.24,0.78,1.4,56.24,55.22,547274
ACS,2025-05-15,56.53,0.29,0.52,56.58,55.81,380611
ACS,2025-05-16,57.16,0.63,1.11,57.16,56.53,320891
ACS,2025-05-19,57.74,0.58,1.02,57.74,56.97,308899
ACS,2025-05-20,59.1,1.36,2.35,59.49,57.74,502761
ACS,2025-05-21,58.18,-0.92,-1.56,59.34,57.98,317057
ACS,2025-05-22,58.42,0.24,0.42,58.42,57.55,362855
ACS,2025-05-23,57.89,-0.53,-0.91,58.61,56.43,300655
ACS,2025-05-26,58.61,0.73,1.26,58.95,58.28,161793
ACS,2025-05-27,57.5,-1.11,-1.9,58.86,57.45,401329
ACS,2025-05-28,56.87,-0.63,-1.1,57.84,56.53,383141
ACS,2025-05-29,56.77,-0.1,-0.17,57.5,56.58,153829
ACS,2025-05-30,56.05,-0.73,-1.28,56.92,55.8,1685250
ACS,2025-06-02,56.43,0.39,0.69,56.73,55.9,251506
ACS,2025-06-03,56.24,-0.19,-0.34,56.68,56.1,240911
ACS,2025-06-04,55.95,-0.29,-0.52,56.82,55.8,225788
ACS,2025-06-05,56.87,0.92,1.65,56.87,55.95,246184
ACS,2025-06-06,55.76,-1.11,-1.96,56.92,55.76,311066
ACS,2025-06-09,55.56,-0.19,-0.35,56.0,55.51,136600
ACS,2025-06-10,55.22,-0.34,-0.61,55.8,55.13,230255
ACS,2025-06-11,54.88,-0.34,-0.61,55.27,54.74,247662
ACS,2025-06-12,55.42,0.53,0.97,55.71,54.4,292713
ACS,2025-06-13,54.59,-0.82,-1.49,54.79,54.21,363036
ACS,2025-06-16,54.79,0.19,0.35,54.98,54.4,201972
ACS,2025-06-17,54.21,-0.58,-1.06,54.45,53.63,255426
ACS,2025-06-18,54.35,0.15,0.27,54.5,54.01,313321
ACS,2025-06-19,53.24,-1.11,-2.05,54.06,53.04,273482
ACS,2025-06-20,53.24,0.0,0.0,53.87,52.95,1299507
ACS,2025-06-23,54.3,1.07,2.0,54.35,53.0,212715
ACS,2025-06-24,55.03,0.73,1.34,55.56,54.74,196381
ACS,2025-06-25,55.76,0.73,1.32,56.0,55.22,274332
ACS,2025-06-26,56.1,0.34,0.61,56.73,55.9,494544
ACS,2025-06-27,57.16,1.07,1.9,57.16,55.76,644580
ACS,2025-06-30,57.11,-0.05,-0.08,57.5,56.43,359745
ACS,2025-07-01,56.57,-0.54,-0.95,57.37,55.73,372924
ACS,2025-07-02,56.62,0.05,0.09,56.97,55.88,288905
ACS,2025-07-03,56.57,-0.05,-0.09,56.67,56.08,198455
ACS,2025-07-04,56.22,-0.35,-0.62,56.57,55.58,191942
ACS,2025-07-07,56.32,0.1,0.18,56.32,55.48,251511
ACS,2025-07-08,56.08,-0.25,-0.44,56.47,55.58,313433
ACS,2025-07-09,56.42,0.35,0.62,56.42,55.93,261427
ACS,2025-07-10,55.83,-0.6,-1.06,56.42,55.83,248186
ACS,2025-07-11,56.17,0.35,0.62,56.22,55.43,240384
ACS,2025-07-14,56.42,0.25,0.44,56.42,55.38,187845
ACS,2025-07-15,55.43,-1.0,-1.76,56.57,55.33,230920
ACS,2025-07-16,55.68,0.25,0.45,56.22,55.38,172904
ACS,2025-07-17,57.82,2.14,3.84,58.12,55.93,306729
ACS,2025-07-18,58.51,0.7,1.2,58.76,57.87,264828
ACS,2025-07-21,58.76,0.25,0.43,59.26,58.51,241972
ACS,2025-07-22,59.21,0.45,0.76,59.51,58.46,224658
ACS,2025-07-23,59.61,0.4,0.67,59.66,58.46,389553
ACS,2025-07-24,60.85,1.24,2.09,61.15,59.91,455767
ACS,2025-07-25,60.11,-0.75,-1.23,60.95,59.56,167284
ACS,2025-07-28,60.5,0.4,0.66,60.7,60.25,310253
ACS,2025-07-29,61.8,1.29,2.14,61.8,60.4,460925
ACS,2025-07-30,60.8,-1.0,-1.61,62.39,60.8,457288
ACS,2025-07-31,60.11,-0.7,-1.15,61.55,60.11,337996
ACS,2025-08-01,58.31,-1.79,-2.98,59.91,58.31,321916
ACS,2025-08-04,59.11,0.8,1.37,59.41,58.66,164179
ACS,2025-08-05,59.11,0.0,0.0,59.61,58.76,157350
ACS,2025-08-06,59.56,0.45,0.76,59.71,59.16,225647
ACS,2025-08-07,61.05,1.49,2.51,61.15,59.81,216059
ACS,2025-08-08,61.95,0.9,1.47,62.15,61.1,265520
ACS,2025-08-11,62.79,0.85,1.37,62.94,61.55,280582
ACS,2025-08-12,63.74,0.95,1.51,63.94,62.79,266759
ACS,2025-08-13,63.94,0.2,0.31,64.53,63.94,268907
ACS,2025-08-14,65.13,1.19,1.87,65.18,63.99,272411
ACS,2025-08-15,65.18,0.05,0.08,65.53,64.98,209352
ACS,2025-08-18,65.33,0.15,0.23,65.48,64.83,181058
ACS,2025-08-19,65.38,0.05,0.08,65.58,65.08,264818
ACS,2025-08-20,65.23,-0.15,-0.23,65.38,64.63,191296
ACS,2025-08-21,65.63,0.4,0.61,65.68,64.78,272346
ACS,2025-08-22,66.23,0.6,0.91,66.42,65.43,174341
ACS,2025-08-25,64.93,-1.29,-1.95,65.98,64.68,153482
ACS,2025-08-26,64.63,-0.3,-0.46,64.73,63.49,833355
ACS,2025-08-27,63.99,-0.65,-1.0,64.73,63.59,221897
ACS,2025-08-28,64.58,0.6,0.93,64.78,63.59,220477
ACS,2025-08-29,64.24,-0.35,-0.54,64.73,64.09,213073
ACS,2025-09-01,64.43,0.2,0.31,64.58,63.89,121977
ACS,2025-09-02,63.29,-1.14,-1.78,64.38,62.54,274683
ACS,2025-09-03,63.79,0.5,0.79,63.89,63.09,235026
ACS,2025-09-04,64.58,0.8,1.25,64.78,63.49,278966
ACS,2025-09-05,64.58,0.0,0.0,64.98,64.24,290189
ACS,2025-09-08,65.83,1.24,1.93,65.88,64.78,150802
ACS,2025-09-09,65.63,-0.2,-0.3,65.98,65.43,195582
ACS,2025-09-10,67.77,2.14,3.26,68.31,65.93,398994
ACS,2025-09-11,68.71,0.95,1.4,68.71,67.57,289193
ACS,2025-09-12,68.36,-0.35,-0.51,68.76,68.12,179951
ACS,2025-09-15,69.26,0.9,1.31,69.31,68.56,196854
ACS,2025-09-16,68.17,-1.09,-1.58,69.41,68.07,256091
ACS,2025-09-17,67.67,-0.5,-0.73,68.56,67.67,428143
ACS,2025-09-18,68.76,1.09,1.62,68.91,68.17,196695
ACS,2025-09-19,68.27,-0.5,-0.72,69.11,67.92,1226044
ACS,2025-09-22,67.87,-0.4,-0.58,68.31,67.62,192434
ACS,2025-09-23,67.47,-0.4,-0.59,68.56,67.42,315758
ACS,2025-09-24,66.47,-1.0,-1.47,67.82,66.37,282827
ACS,2025-09-25,65.33,-1.14,-1.72,66.27,64.68,351326
ACS,2025-09-26,66.42,1.09,1.68,66.62,65.53,228683
ACS,2025-09-29,66.32,-0.1,-0.15,67.02,66.18,187442
ACS,2025-09-30,67.67,1.34,2.03,68.02,66.27,298517
ACS,2025-10-01,67.47,-0.2,-0.29,68.02,66.87,351263
ACS,2025-10-02,69.71,2.24,3.32,70.26,68.86,432525
ACS,2025-10-03,69.46,-0.25,-0.36,70.35,69.16,211900
ACS,2025-10-06,70.21,0.75,1.07,70.5,69.01,228318
ACS,2025-10-07,70.06,-0.15,-0.21,70.9,69.96,212326
ACS,2025-10-08,70.75,0.7,0.99,70.75,69.96,429094
ACS,2025-10-09,70.85,0.1,0.14,71.5,70.55,210809
ACS,2025-10-10,71.15,0.3,0.42,72.05,70.55,215752
ACS,2025-10-13,71.75,0.6,0.84,71.85,71.2,195109
ACS,2025-10-14,71.75,0.0,0.0,71.95,70.7,169376
ACS,2025-10-15,69.91,-1.84,-2.57,72.3,69.91,320321
ACS,2025-10-16,71.9,1.99,2.85,71.9,69.51,304128
ACS,2025-10-17,69.86,-2.04,-2.84,71.05,69.71,278687
ACS,2025-10-20,70.55,0.7,1.0,71.0,70.11,215381
ACS,2025-10-21,69.66,-0.9,-1.27,70.8,69.46,196713
ACS,2025-10-22,69.51,-0.15,-0.21,71.15,69.41,654754
ACS,2025-10-23,70.5,1.0,1.43,70.65,69.16,275846
ACS,2025-10-24,71.7,1.19,1.69,71.7,69.86,220609
ACS,2025-10-27,72.44,0.75,1.04,72.74,71.55,236682
ACS,2025-10-28,72.39,-0.05,-0.07,72.49,71.8,246325
ACS,2025-10-29,72.15,-0.25,-0.34,72.84,72.0,204989
ACS,2025-10-30,72.25,0.1,0.14,72.74,71.95,219608
ACS,2025-10-31,70.85,-1.39,-1.93,72.15,70.7,229258
ACS,2025-11-03,72.99,2.14,3.02,73.04,70.85,301516
ACS,2025-11-04,72.79,-0.2,-0.27,72.84,71.1,234040
ACS,2025-11-05,73.49,0.7,0.96,73.59,72.05,273586
ACS,2025-11-06,74.73,1.24,1.69,75.53,71.5,627795
ACS,2025-11-07,75.13,0.4,0.53,76.33,74.73,446700
ACS,2025-11-10,77.17,2.04,2.72,77.67,75.63,331218
ACS,2025-11-11,77.72,0.55,0.71,78.27,76.97,422413
ACS,2025-11-12,78.42,0.7,0.9,78.86,77.57,285234
ACS,2025-11-13,77.42,-1.0,-1.27,79.51,77.02,328778
ACS,2025-11-14,77.52,0.1,0.13,77.52,75.08,386993
ACS,2025-11-17,77.42,-0.1,-0.13,78.27,76.28,306633
ACS,2025-11-18,76.62,-0.8,-1.03,77.27,75.73,506323
ACS,2025-11-19,76.52,-0.1,-0.13,77.17,75.73,282566
ACS,2025-11-20,77.92,1.39,1.82,79.06,77.22,323577
ACS,2025-11-21,71.95,-5.97,-7.66,76.47,71.0,859414
ACS,2025-11-24,75.23,3.28,4.56,75.88,72.39,3103923
ACS,2025-11-25,77.92,2.69,3.57,78.61,76.13,350684
ACS,2025-11-26,79.51,1.59,2.04,79.96,78.22,367658
ACS,2025-11-27,79.11,-0.4,-0.5,80.11,79.11,692838
ACS,2025-11-28,79.26,0.15,0.19,79.76,78.56,220469
ACS,2025-12-01,77.22,-2.04,-2.57,79.21,74.93,463830
ACS,2025-12-02,79.86,2.64,3.41,80.31,77.92,807916
ACS,2025-12-03,81.05,1.19,1.5,81.65,79.71,618009
ACS,2025-12-04,81.65,0.6,0.74,81.8,80.7,351564
ACS,2025-12-05,80.8,-0.85,-1.04,82.74,80.65,278503
ACS,2025-12-08,83.04,2.24,2.77,83.04,81.15,292124
ACS,2025-12-09,84.14,1.09,1.32,85.18,81.6,529205
ACS,2025-12-10,85.83,1.69,2.01,85.83,84.39,424210
ACS,2025-12-11,84.98,-0.85,-0.99,86.72,84.83,262890
ACS,2025-12-12,84.24,-0.75,-0.88,86.67,84.24,352080
ACS,2025-12-15,86.13,1.89,2.24,86.38,83.79,258644
ACS,2025-12-16,84.83,-1.29,-1.5,85.88,84.49,372227
ACS,2025-12-17,82.89,-1.94,-2.29,84.88,82.3,338704
ACS,2025-12-18,84.63,1.74,2.1,84.88,82.15,271174
ACS,2025-12-19,84.49,-0.15,-0.18,85.68,84.49,1045906
ACS,2025-12-22,84.24,-0.25,-0.29,84.83,83.49,222868
ACS,2025-12-23,84.19,-0.05,-0.06,84.19,83.24,192978
ACS,2025-12-24,83.79,-0.4,-0.47,83.94,83.59,63217
ACS,2025-12-29,84.14,0.35,0.42,84.29,83.19,282646
ACS,2025-12-30,85.08,0.95,1.12,85.08,83.99,195212
ACS,2025-12-31,84.44,-0.65,-0.76,84.63,83.99,84243
ACS,2026-01-02,85.18,0.75,0.88,85.68,83.59,261324
ACS,2026-01-05,86.87,1.69,1.99,86.92,85.58,284688
ACS,2026-01-06,88.32,1.44,1.66,88.91,86.13,319633
ACS,2026-01-07,92.15,3.83,4.34,92.3,88.96,455952
ACS,2026-01-08,91.95,-0.2,-0.22,92.7,91.0,276524
ACS,2026-01-09,91.2,-0.75,-0.81,91.9,89.51,581077
ACS,2026-01-12,92.6,1.39,1.53,93.14,89.71,423874
ACS,2026-01-13,93.29,0.7,0.75,93.34,91.4,262681
ACS,2026-01-14,93.64,0.35,0.37,94.29,92.4,314098
ACS,2026-01-15,94.04,0.4,0.43,95.48,92.6,343183
ACS,2026-01-16,96.08,2.04,2.17,96.28,93.94,316189
ACS,2026-01-19,95.53,-0.55,-0.57,95.63,93.84,282245
ACS,2026-01-20,93.19,-2.34,-2.45,94.49,91.95,882476
ACS,2026-01-21,92.65,-0.54,-0.58,93.1,91.4,272792
ACS,2026-01-22,95.15,2.5,2.7,96.1,93.15,400845
ACS,2026-01-23,94.3,-0.85,-0.89,95.45,93.65,168152
ACS,2026-01-26,95.05,0.75,0.8,95.85,93.3,219488
ACS,2026-01-27,96.35,1.3,1.37,96.6,94.75,376672
ACS,2026-01-28,93.8,-2.55,-2.65,96.65,93.55,247086
ACS,2026-01-29,94.0,0.2,0.21,96.3,93.25,286644
ACS,2026-01-30,94.65,0.65,0.69,95.7,94.1,253806
ACS,2026-02-02,95.55,0.9,0.95,96.2,91.65,231411
ACS,2026-02-03,96.4,0.85,0.89,97.45,95.45,217874
ACS,2026-02-04,93.45,-2.95,-3.06,97.0,93.25,299028
ACS,2026-02-05,94.25,0.8,0.86,95.25,92.55,372377
ACS,2026-02-06,96.9,2.65,2.81,96.95,93.95,288913
ACS,2026-02-09,100.1,3.2,3.3,100.1,96.7,359785
ACS,2026-02-10,97.9,-2.2,-2.2,99.7,97.5,399436
ACS,2026-02-11,99.6,1.7,1.74,100.4,97.5,364815
ACS,2026-02-12,97.9,-1.7,-1.71,100.9,97.55,221877
ACS,2026-02-13,98.3,0.4,0.41,99.3,96.5,224335
ACS,2026-02-16,102.9,4.6,4.68,102.9,99.65,375608
ACS,2026-02-17,101.8,-1.1,-1.07,102.3,100.5,218010
ACS,2026-02-18,106.0,4.2,4.13,106.0,101.8,336424
ACS,2026-02-19,104.6,-1.4,-1.32,106.7,103.2,302539
ACS,2026-02-20,106.0,1.4,1.34,107.7,104.4,399252
ACS,2026-02-23,106.2,0.2,0.19,107.0,104.2,295845
ACS,2026-02-24,107.8,1.6,1.51,108.9,105.2,363151
ACS,2026-02-25,108.7,0.9,0.83,109.5,107.3,275924
ACS,2026-02-26,109.9,1.2,1.1,111.9,107.3,475367
ACS,2026-02-27,109.6,-0.3,-0.27,111.1,108.4,683646
ACS,2026-03-02,109.6,0.0,0.0,109.6,105.3,432559
ACS,2026-03-03,104.9,-4.7,-4.29,106.6,102.3,713464
ACS,2026-03-04,107.8,2.9,2.76,107.9,101.4,531027
ACS,2026-03-05,105.4,-2.4,-2.23,109.9,104.3,437562
ACS,2026-03-06,102.7,-2.7,-2.56,105.8,100.7,468427
ACS,2026-03-09,103.5,0.8,0.78,104.1,97.6,451715
ACS,2026-03-10,107.1,3.6,3.48,108.1,105.4,440239
ACS,2026-03-11,107.1,0.0,0.0,107.8,105.4,347109
ACS,2026-03-12,105.3,-1.8,-1.68,108.1,103.9,439247
ACS,2026-03-13,103.3,-2.0,-1.9,105.3,102.9,306862
ACS,2026-03-16,105.8,2.5,2.42,106.9,103.2,252883
Acciona,2025-03-17,118.92,0.0,0.0,119.21,117.18,80005
Acciona,2025-03-18,121.82,2.9,2.44,121.91,119.01,101730
Acciona,2025-03-19,122.49,0.68,0.56,122.98,121.14,87083
Acciona,2025-03-20,121.82,-0.68,-0.55,123.75,120.85,73747
Acciona,2025-03-21,120.66,-1.16,-0.95,122.88,120.17,163282
Acciona,2025-03-24,117.47,-3.19,-2.64,121.62,117.08,83090
Acciona,2025-03-25,118.05,0.58,0.49,119.4,117.08,37263
Acciona,2025-03-26,118.05,0.0,0.0,119.01,117.66,52334
Acciona,2025-03-27,116.98,-1.06,-0.9,118.24,116.31,59901
Acciona,2025-03-28,118.82,1.84,1.57,119.5,116.5,77646
Acciona,2025-03-31,116.79,-2.03,-1.71,119.69,115.82,94937
Acciona,2025-04-01,116.98,0.19,0.17,117.95,115.34,69555
Acciona,2025-04-02,117.37,0.39,0.33,117.76,116.02,52139
Acciona,2025-04-03,120.27,2.9,2.47,120.75,115.73,96574
Acciona,2025-04-04,110.99,-9.28,-7.72,120.66,109.64,119878
Acciona,2025-04-07,103.06,-7.93,-7.14,110.31,101.22,203196
Acciona,2025-04-08,105.09,2.03,1.97,106.35,102.0,137585
Acciona,2025-04-09,101.71,-3.38,-3.22,103.06,99.77,104671
Acciona,2025-04-10,107.7,5.99,5.89,113.79,106.54,126309
Acciona,2025-04-11,108.48,0.77,0.72,109.35,106.45,75531
Acciona,2025-04-14,109.06,0.58,0.53,110.7,108.48,74702
Acciona,2025-04-15,112.25,3.19,2.93,112.63,109.54,74120
Acciona,2025-04-16,112.05,-0.19,-0.17,113.21,111.67,60978
Acciona,2025-04-17,112.25,0.19,0.17,112.83,108.57,76212
Acciona,2025-04-22,114.95,2.71,2.41,114.95,111.67,64723
Acciona,2025-04-23,116.98,2.03,1.77,117.76,115.44,91310
Acciona,2025-04-24,118.43,1.45,1.24,119.59,116.89,105516
Acciona,2025-04-25,120.08,1.64,1.39,120.66,117.95,83272
Acciona,2025-04-28,122.4,2.32,1.93,122.69,120.85,96054
Acciona,2025-04-29,122.49,0.1,0.08,123.65,122.49,98599
Acciona,2025-04-30,124.14,1.64,1.34,124.14,122.01,112260
Acciona,2025-05-02,123.36,-0.77,-0.62,125.59,122.59,104874
Acciona,2025-05-05,125.3,1.93,1.57,125.69,123.46,60777
Acciona,2025-05-06,122.69,-2.61,-2.08,126.56,122.4,99109
Acciona,2025-05-07,120.95,-1.74,-1.42,123.94,120.95,73199
Acciona,2025-05-08,118.53,-2.42,-2.0,121.24,118.53,91615
Acciona,2025-05-09,121.72,3.19,2.69,123.27,119.11,62100
Acciona,2025-05-12,122.98,1.26,1.03,123.94,121.62,76400
Acciona,2025-05-13,125.49,2.51,2.04,128.39,123.75,130446
Acciona,2025-05-14,126.46,0.97,0.77,127.43,125.4,100972
Acciona,2025-05-15,126.65,0.19,0.15,127.14,122.2,122402
Acciona,2025-05-16,130.42,3.77,2.98,130.52,126.85,153293
Acciona,2025-05-19,128.01,-2.42,-1.85,129.65,125.78,126259
Acciona,2025-05-20,131.2,3.19,2.49,132.26,128.78,101671
Acciona,2025-05-21,131.1,-0.1,-0.07,132.07,130.33,87431
Acciona,2025-05-22,130.42,-0.68,-0.52,130.52,128.78,83866
Acciona,2025-05-23,130.23,-0.19,-0.15,131.1,127.81,101702
Acciona,2025-05-26,133.23,3.0,2.3,133.32,130.91,51830
Acciona,2025-05-27,131.1,-2.13,-1.6,133.03,131.0,153542
Acciona,2025-05-28,131.0,-0.1,-0.07,131.39,130.04,86412
Acciona,2025-05-29,133.71,2.71,2.07,134.1,131.1,52015
Acciona,2025-05-30,137.29,3.58,2.68,138.25,133.81,260926
Acciona,2025-06-02,138.06,0.77,0.56,138.64,136.42,82723
Acciona,2025-06-03,144.73,6.67,4.83,146.18,139.8,207774
Acciona,2025-06-04,145.7,0.97,0.67,148.89,144.83,157509
Acciona,2025-06-05,144.73,-0.97,-0.66,147.83,143.76,142280
Acciona,2025-06-06,144.15,-0.58,-0.4,146.86,143.67,69675
Acciona,2025-06-09,143.96,-0.19,-0.13,145.31,143.28,78919
Acciona,2025-06-10,143.86,-0.1,-0.07,145.79,143.38,145192
Acciona,2025-06-11,143.47,-0.39,-0.27,144.44,142.7,68838
Acciona,2025-06-12,143.47,0.0,0.0,144.34,142.89,94531
Acciona,2025-06-13,140.38,-3.09,-2.16,141.83,136.13,206969
Acciona,2025-06-16,142.99,2.61,1.86,143.57,139.8,105485
Acciona,2025-06-17,141.64,-1.35,-0.95,142.22,140.57,79158
Acciona,2025-06-18,140.86,-0.77,-0.55,142.12,140.57,74934
Acciona,2025-06-19,140.38,-0.48,-0.34,141.15,139.12,74089
Acciona,2025-06-20,142.02,1.64,1.17,143.38,140.48,224868
Acciona,2025-06-23,143.96,1.93,1.36,144.25,140.77,168031
Acciona,2025-06-24,145.6,1.64,1.14,146.47,144.05,96788
Acciona,2025-06-25,145.41,-0.19,-0.13,147.34,145.41,82356
Acciona,2025-06-26,145.5,0.1,0.07,148.21,145.31,79774
Acciona,2025-06-27,148.99,3.48,2.39,149.57,145.21,89542
Acciona,2025-06-30,147.73,-1.26,-0.84,150.15,147.24,92195
Acciona,2025-07-01,148.99,1.26,0.85,149.66,148.41,184928
Acciona,2025-07-02,151.21,2.22,1.49,151.89,149.37,70029
Acciona,2025-07-03,154.59,3.38,2.24,155.08,151.98,96141
Acciona,2025-07-04,155.66,1.06,0.69,156.62,153.72,100023
Acciona,2025-07-07,153.92,-1.74,-1.12,156.53,152.85,144912
Acciona,2025-07-08,152.0,-1.92,-1.24,154.9,151.5,170170
Acciona,2025-07-09,154.7,2.7,1.78,154.7,152.3,87277
Acciona,2025-07-10,154.1,-0.6,-0.39,155.9,153.5,147717
Acciona,2025-07-11,154.6,0.5,0.32,154.6,151.4,58247
Acciona,2025-07-14,155.3,0.7,0.45,155.5,153.4,57928
Acciona,2025-07-15,156.8,1.5,0.97,157.6,155.5,94077
Acciona,2025-07-16,155.9,-0.9,-0.57,158.3,155.9,239844
Acciona,2025-07-17,159.2,3.3,2.12,160.2,156.5,116087
Acciona,2025-07-18,160.5,1.3,0.82,160.9,159.3,99934
Acciona,2025-07-21,164.2,3.7,2.31,164.2,160.8,79858
Acciona,2025-07-22,168.5,4.3,2.62,168.5,162.5,99549
Acciona,2025-07-23,165.3,-3.2,-1.9,168.9,164.4,775954
Acciona,2025-07-24,169.4,4.1,2.48,169.4,164.2,95853
Acciona,2025-07-25,172.3,2.9,1.71,172.3,168.5,83142
Acciona,2025-07-28,172.9,0.6,0.35,177.7,171.9,91106
Acciona,2025-07-29,167.4,-5.5,-3.18,171.5,166.3,102448
Acciona,2025-07-30,168.4,1.0,0.6,169.1,164.0,83135
Acciona,2025-07-31,168.2,-0.2,-0.12,170.1,167.5,60390
Acciona,2025-08-01,164.8,-3.4,-2.02,167.4,164.1,93537
Acciona,2025-08-04,166.4,1.6,0.97,166.6,164.4,121648
Acciona,2025-08-05,167.7,1.3,0.78,168.2,166.1,91462
Acciona,2025-08-06,170.1,2.4,1.43,170.4,167.2,56290
Acciona,2025-08-07,170.2,0.1,0.06,170.7,168.0,62742
Acciona,2025-08-08,171.8,1.6,0.94,172.8,170.5,53636
Acciona,2025-08-11,171.0,-0.8,-0.47,171.0,168.5,46910
Acciona,2025-08-12,171.1,0.1,0.06,172.8,170.4,53880
Acciona,2025-08-13,172.4,1.3,0.76,173.1,171.5,50853
Acciona,2025-08-14,173.5,1.1,0.64,173.5,172.1,48990
Acciona,2025-08-15,174.4,0.9,0.52,174.7,172.7,38946
Acciona,2025-08-18,174.9,0.5,0.29,177.4,174.1,57711
Acciona,2025-08-19,175.4,0.5,0.29,175.4,173.6,67848
Acciona,2025-08-20,177.5,2.1,1.2,177.8,175.2,49093
Acciona,2025-08-21,176.9,-0.6,-0.34,178.0,175.6,67911
Acciona,2025-08-22,178.6,1.7,0.96,179.0,175.5,47782
Acciona,2025-08-25,173.5,-5.1,-2.86,178.6,172.1,50793
Acciona,2025-08-26,174.3,0.8,0.46,175.2,172.6,142046
Acciona,2025-08-27,174.5,0.2,0.11,177.0,173.6,44832
Acciona,2025-08-28,173.3,-1.2,-0.69,174.7,171.2,56026
Acciona,2025-08-29,169.2,-4.1,-2.37,173.8,169.2,75778
Acciona,2025-09-01,167.7,-1.5,-0.89,169.5,167.1,41909
Acciona,2025-09-02,164.3,-3.4,-2.03,168.0,164.1,54176
Acciona,2025-09-03,165.1,0.8,0.49,165.7,163.7,40698
Acciona,2025-09-04,165.2,0.1,0.06,166.0,164.4,54882
Acciona,2025-09-05,167.7,2.5,1.51,169.4,166.1,46100
Acciona,2025-09-08,169.4,1.7,1.01,169.8,167.5,40753
Acciona,2025-09-09,166.7,-2.7,-1.59,170.4,165.7,58113
Acciona,2025-09-10,169.3,2.6,1.56,170.3,166.3,63660
Acciona,2025-09-11,169.1,-0.2,-0.12,170.7,167.3,71839
Acciona,2025-09-12,166.8,-2.3,-1.36,170.2,165.2,50519
Acciona,2025-09-15,168.6,1.8,1.08,168.8,166.1,47819
Acciona,2025-09-16,166.2,-2.4,-1.42,166.2,163.7,132347
Acciona,2025-09-17,169.5,3.3,1.99,169.8,165.2,58047
Acciona,2025-09-18,168.2,-1.3,-0.77,170.1,167.5,61188
Acciona,2025-09-19,166.2,-2.0,-1.19,169.6,164.5,247782
Acciona,2025-09-22,168.9,2.7,1.62,169.0,165.7,67767
Acciona,2025-09-23,170.9,2.0,1.18,172.4,169.0,50654
Acciona,2025-09-24,172.2,1.3,0.76,172.9,170.8,38001
Acciona,2025-09-25,169.0,-3.2,-1.86,172.5,169.0,42608
Acciona,2025-09-26,169.9,0.9,0.53,171.2,168.2,31455
Acciona,2025-09-29,169.3,-0.6,-0.35,171.2,168.0,43979
Acciona,2025-09-30,170.9,1.6,0.95,171.2,167.5,66862
Acciona,2025-10-01,174.2,3.3,1.93,174.3,169.1,48593
Acciona,2025-10-02,173.7,-0.5,-0.29,175.0,172.2,44112
Acciona,2025-10-03,175.5,1.8,1.04,176.0,173.5,43483
Acciona,2025-10-06,178.4,2.9,1.65,179.3,174.7,52366
Acciona,2025-10-07,178.7,0.3,0.17,180.1,177.1,54385
Acciona,2025-10-08,181.0,2.3,1.29,183.2,179.5,55962
Acciona,2025-10-09,186.0,5.0,2.76,186.6,181.0,70008
Acciona,2025-10-10,182.6,-3.4,-1.83,186.6,182.6,72903
Acciona,2025-10-13,183.9,1.3,0.71,184.8,181.7,43996
Acciona,2025-10-14,182.0,-1.9,-1.03,183.9,179.0,52092
Acciona,2025-10-15,185.9,3.9,2.14,185.9,182.0,57523
Acciona,2025-10-16,188.7,2.8,1.51,188.7,185.9,37859
Acciona,2025-10-17,186.3,-2.4,-1.27,188.8,183.8,56184
Acciona,2025-10-20,187.8,1.5,0.81,189.8,186.5,33035
Acciona,2025-10-21,186.5,-1.3,-0.69,189.3,186.1,41401
Acciona,2025-10-22,187.8,1.3,0.7,192.1,186.9,80098
Acciona,2025-10-23,190.5,2.7,1.44,190.9,186.6,41158
Acciona,2025-10-24,191.3,0.8,0.42,191.3,188.3,35427
Acciona,2025-10-27,190.0,-1.3,-0.68,191.4,188.7,47500
Acciona,2025-10-28,195.8,5.8,3.05,197.6,192.4,82587
Acciona,2025-10-29,194.2,-1.6,-0.82,196.2,193.5,63571
Acciona,2025-10-30,194.5,0.3,0.15,195.0,191.0,64304
Acciona,2025-10-31,192.0,-2.5,-1.29,196.3,191.5,62087
Acciona,2025-11-03,194.3,2.3,1.2,194.4,191.1,104448
Acciona,2025-11-04,199.1,4.8,2.47,199.1,190.5,70087
Acciona,2025-11-05,198.2,-0.9,-0.45,202.4,195.9,74594
Acciona,2025-11-06,195.9,-2.3,-1.16,198.1,194.4,56188
Acciona,2025-11-07,194.9,-1.0,-0.51,198.7,194.4,220142
Acciona,2025-11-10,198.5,3.6,1.85,199.8,196.2,33686
Acciona,2025-11-11,195.1,-3.4,-1.71,199.1,193.8,34277
Acciona,2025-11-12,201.2,6.1,3.13,201.2,196.7,227677
Acciona,2025-11-13,198.1,-3.1,-1.54,203.0,198.1,49575
Acciona,2025-11-14,183.0,-15.1,-7.62,195.0,175.7,224568
Acciona,2025-11-17,181.3,-1.7,-0.93,183.7,178.5,83568
Acciona,2025-11-18,179.8,-1.5,-0.83,182.4,177.0,100273
Acciona,2025-11-19,176.9,-2.9,-1.61,180.2,174.1,113867
Acciona,2025-11-20,174.1,-2.8,-1.58,179.7,174.1,78641
Acciona,2025-11-21,169.1,-5.0,-2.87,173.2,165.0,136050
Acciona,2025-11-24,170.9,1.8,1.06,170.9,166.7,334277
Acciona,2025-11-25,169.2,-1.7,-0.99,171.9,167.2,1304213
Acciona,2025-11-26,173.2,4.0,2.36,174.4,171.3,80348
Acciona,2025-11-27,174.2,1.0,0.58,175.6,172.6,67882
Acciona,2025-11-28,172.9,-1.3,-0.75,175.2,171.1,42972
Acciona,2025-12-01,170.0,-2.9,-1.68,172.6,169.1,138105
Acciona,2025-12-02,172.3,2.3,1.35,173.9,169.5,73095
Acciona,2025-12-03,170.8,-1.5,-0.87,173.4,170.5,227874
Acciona,2025-12-04,175.0,4.2,2.46,175.5,171.8,83038
Acciona,2025-12-05,174.1,-0.9,-0.51,175.8,173.4,98484
Acciona,2025-12-08,176.7,2.6,1.49,177.9,174.7,58134
Acciona,2025-12-09,176.6,-0.1,-0.06,179.2,175.1,56552
Acciona,2025-12-10,176.8,0.2,0.11,178.4,175.3,55220
Acciona,2025-12-11,176.4,-0.4,-0.23,177.4,175.2,46974
Acciona,2025-12-12,178.9,2.5,1.42,180.2,176.8,41803
Acciona,2025-12-15,182.0,3.1,1.73,182.9,179.1,49924
Acciona,2025-12-16,184.3,2.3,1.26,186.4,181.5,79513
Acciona,2025-12-17,181.7,-2.6,-1.41,184.8,180.2,86716
Acciona,2025-12-18,181.4,-0.3,-0.17,182.3,179.8,78304
Acciona,2025-12-19,186.5,5.1,2.81,187.9,181.6,123750
Acciona,2025-12-22,185.4,-1.1,-0.59,186.4,182.5,51981
Acciona,2025-12-23,184.2,-1.2,-0.65,186.2,184.2,36383
Acciona,2025-12-24,184.4,0.2,0.11,184.7,183.8,8621
Acciona,2025-12-29,185.9,1.5,0.81,185.9,182.8,41019
Acciona,2025-12-30,186.1,0.2,0.11,186.4,184.4,32647
Acciona,2025-12-31,185.9,-0.2,-0.11,185.9,184.6,20200
Acciona,2026-01-02,190.7,4.8,2.58,191.1,186.1,62208
Acciona,2026-01-05,191.7,1.0,0.52,193.0,187.1,72441
Acciona,2026-01-06,193.1,1.4,0.73,197.1,192.8,76561
Acciona,2026-01-07,196.6,3.5,1.81,198.2,194.1,82074
Acciona,2026-01-08,192.9,-3.7,-1.88,197.0,191.6,54205
Acciona,2026-01-09,191.5,-1.4,-0.73,193.9,189.2,57104
Acciona,2026-01-12,188.0,-3.5,-1.83,191.1,186.9,37296
Acciona,2026-01-13,189.2,1.2,0.64,190.1,187.5,44372
Acciona,2026-01-14,188.2,-1.0,-0.53,192.3,184.0,60015
Acciona,2026-01-15,186.1,-2.1,-1.12,189.1,185.3,53773
Acciona,2026-01-16,186.0,-0.1,-0.05,186.6,184.2,42850
Acciona,2026-01-19,183.2,-2.8,-1.51,184.3,182.1,45089
Acciona,2026-01-20,175.7,-7.5,-4.09,181.1,174.1,106669
Acciona,2026-01-21,176.6,0.9,0.51,177.8,173.8,75118
Acciona,2026-01-22,181.4,4.8,2.72,181.4,176.4,54764
Acciona,2026-01-23,181.0,-0.4,-0.22,182.0,179.7,38597
Acciona,2026-01-26,181.1,0.1,0.06,182.8,180.6,44083
Acciona,2026-01-27,183.1,2.0,1.1,183.5,180.3,52414
Acciona,2026-01-28,182.2,-0.9,-0.49,184.0,179.6,49419
Acciona,2026-01-29,180.7,-1.5,-0.82,184.1,179.6,47485
Acciona,2026-01-30,181.4,0.7,0.39,183.6,179.2,49416
Acciona,2026-02-02,180.4,-1.0,-0.55,182.7,179.5,33558
Acciona,2026-02-03,182.1,1.7,0.94,182.7,180.3,70339
Acciona,2026-02-04,182.3,0.2,0.11,184.7,181.6,42607
Acciona,2026-02-05,181.1,-1.2,-0.66,183.1,178.9,55676
Acciona,2026-02-06,184.6,3.5,1.93,184.6,179.9,48212
Acciona,2026-02-09,189.7,5.1,2.76,189.7,184.3,60367
Acciona,2026-02-10,190.8,1.1,0.58,190.8,186.7,82322
Acciona,2026-02-11,189.9,-0.9,-0.47,192.5,188.0,50771
Acciona,2026-02-12,186.1,-3.8,-2.0,194.1,185.7,80765
Acciona,2026-02-13,189.7,3.6,1.93,192.6,185.1,73428
Acciona,2026-02-16,193.8,4.1,2.16,194.9,189.6,53865
Acciona,2026-02-17,196.8,3.0,1.55,196.8,192.7,68542
Acciona,2026-02-18,201.6,4.8,2.44,203.2,196.2,79801
Acciona,2026-02-19,196.8,-4.8,-2.38,200.6,194.4,82394
Acciona,2026-02-20,197.5,0.7,0.36,199.7,196.3,109582
Acciona,2026-02-23,196.3,-1.2,-0.61,199.1,195.7,49612
Acciona,2026-02-24,202.6,6.3,3.21,203.6,196.9,76993
Acciona,2026-02-25,219.4,16.8,8.29,219.6,203.4,138141
Acciona,2026-02-26,219.8,0.4,0.18,223.2,214.2,148186
Acciona,2026-02-27,246.8,27.0,12.28,260.0,222.4,506937
Acciona,2026-03-02,246.4,-0.4,-0.16,246.4,233.2,227109
Acciona,2026-03-03,217.4,-29.0,-11.77,238.6,217.4,229218
Acciona,2026-03-04,221.2,3.8,1.75,225.2,216.0,400904
Acciona,2026-03-05,216.0,-5.2,-2.35,225.6,216.0,88946
Acciona,2026-03-06,209.8,-6.2,-2.87,217.8,207.2,88338
Acciona,2026-03-09,208.4,-1.4,-0.67,211.0,198.6,68931
Acciona,2026-03-10,216.0,7.6,3.65,219.0,212.0,69966
Acciona,2026-03-11,218.2,2.2,1.02,220.8,213.4,91922
Acciona,2026-03-12,215.8,-2.4,-1.1,218.4,212.8,75941
Acciona,2026-03-13,216.4,0.6,0.28,222.6,212.4,76718
Acciona,2026-03-16,218.0,1.6,0.74,219.6,214.4,124424
Acciona Energia,2025-03-17,17.65,0.0,0.0,17.65,17.38,261619
Acciona Energia,2025-03-18,17.81,0.17,0.94,17.83,17.64,262172
Acciona Energia,2025-03-19,17.72,-0.09,-0.49,17.79,17.51,247606
Acciona Energia,2025-03-20,17.77,0.05,0.28,17.94,17.49,361625
Acciona Energia,2025-03-21,17.57,-0.21,-1.16,17.81,17.5,350897
Acciona Energia,2025-03-24,17.1,-0.47,-2.67,17.72,17.06,410950
Acciona Energia,2025-03-25,17.26,0.17,0.97,17.49,17.11,395868
Acciona Energia,2025-03-26,17.06,-0.21,-1.19,17.35,17.04,404395
Acciona Energia,2025-03-27,16.75,-0.31,-1.83,17.09,16.72,310539
Acciona Energia,2025-03-28,17.11,0.36,2.16,17.26,16.79,232833
Acciona Energia,2025-03-31,16.57,-0.54,-3.14,17.18,16.57,276305
Acciona Energia,2025-04-01,16.35,-0.22,-1.36,16.63,16.28,221192
Acciona Energia,2025-04-02,16.39,0.05,0.3,16.43,16.19,173585
Acciona Energia,2025-04-03,16.88,0.49,2.98,17.2,16.23,315169
Acciona Energia,2025-04-04,15.7,-1.18,-7.01,17.04,15.62,387604
Acciona Energia,2025-04-07,14.64,-1.06,-6.72,15.31,13.89,545988
Acciona Energia,2025-04-08,14.97,0.32,2.2,15.15,14.59,301857
Acciona Energia,2025-04-09,14.43,-0.54,-3.59,14.67,14.19,281437
Acciona Energia,2025-04-10,15.15,0.72,5.01,16.05,14.96,272438
Acciona Energia,2025-04-11,15.29,0.14,0.9,15.43,15.08,206339
Acciona Energia,2025-04-14,15.33,0.04,0.26,15.63,15.31,186257
Acciona Energia,2025-04-15,15.7,0.37,2.42,15.71,15.31,184099
Acciona Energia,2025-04-16,15.87,0.17,1.06,15.93,15.65,123714
Acciona Energia,2025-04-17,15.5,-0.36,-2.28,15.58,15.08,319981
Acciona Energia,2025-04-22,15.56,0.06,0.38,15.6,15.22,219982
Acciona Energia,2025-04-23,15.59,0.03,0.19,15.92,15.56,260002
Acciona Energia,2025-04-24,15.54,-0.05,-0.31,15.78,15.48,243969
Acciona Energia,2025-04-25,15.84,0.29,1.89,15.86,15.54,465800
Acciona Energia,2025-04-28,16.11,0.27,1.73,16.2,15.86,157961
Acciona Energia,2025-04-29,15.94,-0.17,-1.03,16.28,15.89,226200
Acciona Energia,2025-04-30,16.07,0.13,0.8,16.15,15.91,268983
Acciona Energia,2025-05-02,15.58,-0.49,-3.04,16.23,15.47,258329
Acciona Energia,2025-05-05,16.0,0.42,2.7,16.03,15.54,191503
Acciona Energia,2025-05-06,15.77,-0.23,-1.47,16.2,15.65,163816
Acciona Energia,2025-05-07,15.71,-0.06,-0.37,15.76,15.48,205351
Acciona Energia,2025-05-08,15.62,-0.09,-0.56,15.81,15.6,274421
Acciona Energia,2025-05-09,16.22,0.6,3.82,16.22,15.61,295690
Acciona Energia,2025-05-12,16.55,0.33,2.05,16.77,16.13,300495
Acciona Energia,2025-05-13,17.45,0.9,5.43,17.55,16.62,845677
Acciona Energia,2025-05-14,17.22,-0.22,-1.29,17.58,17.16,618072
Acciona Energia,2025-05-15,17.15,-0.08,-0.45,17.24,16.33,677752
Acciona Energia,2025-05-16,17.25,0.11,0.63,17.49,17.19,304698
Acciona Energia,2025-05-19,17.0,-0.25,-1.47,17.37,16.78,311222
Acciona Energia,2025-05-20,17.59,0.59,3.45,17.66,17.08,468634
Acciona Energia,2025-05-21,17.52,-0.07,-0.39,17.76,17.31,274730
Acciona Energia,2025-05-22,17.31,-0.21,-1.17,17.46,17.18,352704
Acciona Energia,2025-05-23,17.45,0.14,0.79,17.55,17.1,439636
Acciona Energia,2025-05-26,17.8,0.35,2.02,17.8,17.53,228832
Acciona Energia,2025-05-27,17.51,-0.29,-1.65,17.79,17.45,478804
Acciona Energia,2025-05-28,17.61,0.1,0.56,17.66,17.41,313189
Acciona Energia,2025-05-29,18.2,0.6,3.39,18.4,17.66,395632
Acciona Energia,2025-05-30,18.83,0.63,3.44,19.04,18.3,538989
Acciona Energia,2025-06-02,18.65,-0.18,-0.93,18.79,18.5,451301
Acciona Energia,2025-06-03,19.29,0.64,3.41,19.61,18.73,441756
Acciona Energia,2025-06-04,19.49,0.21,1.06,19.84,19.31,326650
Acciona Energia,2025-06-05,19.32,-0.18,-0.9,19.61,19.12,398669
Acciona Energia,2025-06-06,19.34,0.02,0.1,19.75,19.28,274944
Acciona Energia,2025-06-09,19.34,0.0,0.0,19.53,19.31,376000
Acciona Energia,2025-06-10,19.45,0.12,0.61,19.63,19.34,368951
Acciona Energia,2025-06-11,19.39,-0.07,-0.35,19.51,19.29,258203
Acciona Energia,2025-06-12,19.5,0.12,0.61,19.5,19.29,261755
Acciona Energia,2025-06-13,19.26,-0.24,-1.25,19.37,18.83,544553
Acciona Energia,2025-06-16,19.19,-0.07,-0.36,19.46,19.1,296570
Acciona Energia,2025-06-17,18.88,-0.31,-1.61,19.16,18.76,280465
Acciona Energia,2025-06-18,18.61,-0.27,-1.43,18.89,18.58,145778
Acciona Energia,2025-06-19,18.64,0.03,0.16,18.73,18.3,161212
Acciona Energia,2025-06-20,18.65,0.01,0.05,18.83,18.49,447606
Acciona Energia,2025-06-23,18.74,0.09,0.48,18.74,18.17,326840
Acciona Energia,2025-06-24,18.84,0.1,0.53,19.0,18.7,216769
Acciona Energia,2025-06-25,19.33,0.49,2.6,19.73,18.98,371769
Acciona Energia,2025-06-26,19.57,0.24,1.24,19.73,19.32,251607
Acciona Energia,2025-06-27,20.28,0.71,3.63,20.28,19.67,440235
Acciona Energia,2025-06-30,19.6,-0.68,-3.35,20.28,19.59,646796
Acciona Energia,2025-07-01,20.0,0.4,2.04,20.0,19.65,289130
Acciona Energia,2025-07-02,20.66,0.66,3.3,20.76,20.12,524587
Acciona Energia,2025-07-03,21.46,0.8,3.87,21.5,20.8,516079
Acciona Energia,2025-07-04,22.26,0.8,3.73,22.52,21.5,899135
Acciona Energia,2025-07-07,22.1,-0.16,-0.72,22.36,22.04,403953
Acciona Energia,2025-07-08,22.0,-0.1,-0.45,22.32,21.86,396968
Acciona Energia,2025-07-09,22.32,0.32,1.45,22.46,22.02,357022
Acciona Energia,2025-07-10,22.38,0.06,0.27,22.52,22.34,280247
Acciona Energia,2025-07-11,22.62,0.24,1.07,22.66,22.22,327159
Acciona Energia,2025-07-14,22.82,0.2,0.88,22.88,22.36,318264
Acciona Energia,2025-07-15,23.1,0.28,1.23,23.3,22.8,385205
Acciona Energia,2025-07-16,23.3,0.2,0.87,23.48,23.08,298238
Acciona Energia,2025-07-17,23.54,0.24,1.03,23.84,23.46,348906
Acciona Energia,2025-07-18,24.16,0.62,2.63,24.18,23.6,529781
Acciona Energia,2025-07-21,24.88,0.72,2.98,24.88,24.2,410777
Acciona Energia,2025-07-22,25.6,0.72,2.89,25.64,24.8,531226
Acciona Energia,2025-07-23,25.06,-0.54,-2.11,25.6,24.82,505732
Acciona Energia,2025-07-24,24.48,-0.58,-2.31,25.02,24.38,372562
Acciona Energia,2025-07-25,24.36,-0.12,-0.49,24.54,24.14,355451
Acciona Energia,2025-07-28,24.28,-0.08,-0.33,24.8,24.14,5276531
Acciona Energia,2025-07-29,23.26,-1.02,-4.2,24.04,23.04,737528
Acciona Energia,2025-07-30,23.54,0.28,1.2,23.8,23.04,437696
Acciona Energia,2025-07-31,23.58,0.04,0.17,23.8,23.34,300409
Acciona Energia,2025-08-01,23.22,-0.36,-1.53,23.5,23.14,389007
Acciona Energia,2025-08-04,23.46,0.24,1.03,23.46,23.04,430212
Acciona Energia,2025-08-05,23.56,0.1,0.43,23.68,23.42,269352
Acciona Energia,2025-08-06,23.56,0.0,0.0,23.72,23.4,291743
Acciona Energia,2025-08-07,23.48,-0.08,-0.34,23.78,23.26,201997
Acciona Energia,2025-08-08,23.6,0.12,0.51,23.82,23.52,271617
Acciona Energia,2025-08-11,23.32,-0.28,-1.19,23.6,23.06,179284
Acciona Energia,2025-08-12,23.22,-0.1,-0.43,23.58,23.22,170107
Acciona Energia,2025-08-13,23.26,0.04,0.17,23.46,23.24,232240
Acciona Energia,2025-08-14,23.28,0.02,0.09,23.4,23.14,158325
Acciona Energia,2025-08-15,23.38,0.1,0.43,23.4,23.16,146856
Acciona Energia,2025-08-18,23.7,0.32,1.37,24.0,23.4,265673
Acciona Energia,2025-08-19,23.74,0.04,0.17,23.78,23.6,159752
Acciona Energia,2025-08-20,23.96,0.22,0.93,24.06,23.7,117344
Acciona Energia,2025-08-21,23.8,-0.16,-0.67,24.06,23.8,170436
Acciona Energia,2025-08-22,24.1,0.3,1.26,24.16,23.64,126666
Acciona Energia,2025-08-25,23.3,-0.8,-3.32,24.16,23.12,260822
Acciona Energia,2025-08-26,23.28,-0.02,-0.09,23.52,23.16,130006
Acciona Energia,2025-08-27,23.78,0.5,2.15,24.12,23.28,249081
Acciona Energia,2025-08-28,23.58,-0.2,-0.84,23.62,22.9,168189
Acciona Energia,2025-08-29,22.98,-0.6,-2.54,23.58,22.98,204361
Acciona Energia,2025-09-01,22.52,-0.46,-2.0,22.96,22.42,175489
Acciona Energia,2025-09-02,22.46,-0.06,-0.27,22.54,22.18,189728
Acciona Energia,2025-09-03,22.42,-0.04,-0.18,22.66,22.26,165265
Acciona Energia,2025-09-04,22.28,-0.14,-0.62,22.48,22.24,235387
Acciona Energia,2025-09-05,22.74,0.46,2.06,22.86,22.16,176809
Acciona Energia,2025-09-08,22.78,0.04,0.18,22.98,22.64,320658
Acciona Energia,2025-09-09,22.28,-0.5,-2.19,22.94,22.28,289009
Acciona Energia,2025-09-10,22.58,0.3,1.35,22.78,22.24,618880
Acciona Energia,2025-09-11,22.6,0.02,0.09,22.72,22.42,504179
Acciona Energia,2025-09-12,22.4,-0.2,-0.88,22.78,22.18,145117
Acciona Energia,2025-09-15,22.3,-0.1,-0.45,22.48,22.2,270718
Acciona Energia,2025-09-16,21.98,-0.32,-1.43,22.52,21.86,141257
Acciona Energia,2025-09-17,22.46,0.48,2.18,22.58,21.86,159719
Acciona Energia,2025-09-18,22.28,-0.18,-0.8,22.48,22.18,100237
Acciona Energia,2025-09-19,22.04,-0.24,-1.08,22.44,21.64,1434448
Acciona Energia,2025-09-22,22.26,0.22,1.0,22.3,21.9,131569
Acciona Energia,2025-09-23,22.56,0.3,1.35,22.86,22.36,134062
Acciona Energia,2025-09-24,22.74,0.18,0.8,22.82,22.52,92314
Acciona Energia,2025-09-25,22.18,-0.56,-2.46,22.8,22.18,107161
Acciona Energia,2025-09-26,22.12,-0.06,-0.27,22.54,21.98,124677
Acciona Energia,2025-09-29,21.94,-0.18,-0.81,22.34,21.88,92722
Acciona Energia,2025-09-30,22.04,0.1,0.46,22.18,21.7,208719
Acciona Energia,2025-10-01,22.52,0.48,2.18,22.56,21.84,5332675
Acciona Energia,2025-10-02,22.78,0.26,1.15,22.86,22.4,179714
Acciona Energia,2025-10-03,23.74,0.96,4.21,23.74,22.46,469061
Acciona Energia,2025-10-06,25.0,1.26,5.31,25.24,23.66,548091
Acciona Energia,2025-10-07,24.86,-0.14,-0.56,25.16,24.62,217146
Acciona Energia,2025-10-08,24.66,-0.2,-0.8,25.12,24.5,207602
Acciona Energia,2025-10-09,24.96,0.3,1.22,25.16,24.54,253617
Acciona Energia,2025-10-10,24.54,-0.42,-1.68,25.1,24.54,175675
Acciona Energia,2025-10-13,24.92,0.38,1.55,24.92,24.38,228257
Acciona Energia,2025-10-14,24.04,-0.88,-3.53,24.96,23.76,419578
Acciona Energia,2025-10-15,24.3,0.26,1.08,24.42,23.82,405636
Acciona Energia,2025-10-16,24.6,0.3,1.23,24.84,24.26,375806
Acciona Energia,2025-10-17,24.44,-0.16,-0.65,24.62,24.22,272860
Acciona Energia,2025-10-20,24.48,0.04,0.16,24.92,24.32,533091
Acciona Energia,2025-10-21,24.02,-0.46,-1.88,24.64,24.02,247613
Acciona Energia,2025-10-22,23.9,-0.12,-0.5,24.72,23.8,338874
Acciona Energia,2025-10-23,24.4,0.5,2.09,24.5,23.64,253206
Acciona Energia,2025-10-24,24.48,0.08,0.33,24.56,23.92,212426
Acciona Energia,2025-10-27,24.28,-0.2,-0.82,24.56,24.1,162384
Acciona Energia,2025-10-28,24.7,0.42,1.73,24.9,24.26,754833
Acciona Energia,2025-10-29,24.26,-0.44,-1.78,24.88,24.26,216545
Acciona Energia,2025-10-30,24.16,-0.1,-0.41,24.32,23.5,524833
Acciona Energia,2025-10-31,23.86,-0.3,-1.24,24.32,23.84,153567
Acciona Energia,2025-11-03,24.12,0.26,1.09,24.3,23.64,296863
Acciona Energia,2025-11-04,24.78,0.66,2.74,24.78,23.58,5303732
Acciona Energia,2025-11-05,25.06,0.28,1.13,25.06,24.5,264134
Acciona Energia,2025-11-06,24.4,-0.66,-2.63,25.16,24.38,277030
Acciona Energia,2025-11-07,24.1,-0.3,-1.23,24.96,24.06,224442
Acciona Energia,2025-11-10,24.5,0.4,1.66,24.62,24.26,137885
Acciona Energia,2025-11-11,23.82,-0.68,-2.78,24.58,23.72,179868
Acciona Energia,2025-11-12,24.22,0.4,1.68,24.28,23.9,910785
Acciona Energia,2025-11-13,24.08,-0.14,-0.58,24.6,24.04,175445
Acciona Energia,2025-11-14,22.66,-1.42,-5.9,23.34,21.84,945745
Acciona Energia,2025-11-17,22.46,-0.2,-0.88,23.04,22.08,367724
Acciona Energia,2025-11-18,21.8,-0.66,-2.94,22.42,21.8,369459
Acciona Energia,2025-11-19,21.14,-0.66,-3.03,21.72,21.14,911501
Acciona Energia,2025-11-20,20.74,-0.4,-1.89,21.48,20.74,243441
Acciona Energia,2025-11-21,20.14,-0.6,-2.89,20.54,19.94,331104
Acciona Energia,2025-11-24,20.48,0.34,1.69,20.52,19.99,377513
Acciona Energia,2025-11-25,20.3,-0.18,-0.88,20.44,20.0,254690
Acciona Energia,2025-11-26,20.7,0.4,1.97,20.96,20.48,324594
Acciona Energia,2025-11-27,21.14,0.44,2.13,21.3,20.82,213127
Acciona Energia,2025-11-28,21.08,-0.06,-0.28,21.2,20.88,194189
Acciona Energia,2025-12-01,20.66,-0.42,-1.99,21.0,20.62,147241
Acciona Energia,2025-12-02,21.08,0.42,2.03,21.3,20.54,244722
Acciona Energia,2025-12-03,20.92,-0.16,-0.76,21.36,20.84,193354
Acciona Energia,2025-12-04,21.3,0.38,1.82,21.36,20.9,156198
Acciona Energia,2025-12-05,21.06,-0.24,-1.13,21.58,21.02,258768
Acciona Energia,2025-12-08,21.12,0.06,0.28,21.3,21.1,119060
Acciona Energia,2025-12-09,21.08,-0.04,-0.19,21.38,21.04,103035
Acciona Energia,2025-12-10,20.84,-0.24,-1.14,21.1,20.82,261784
Acciona Energia,2025-12-11,20.48,-0.36,-1.73,20.74,20.42,293096
Acciona Energia,2025-12-12,20.92,0.44,2.15,21.08,20.52,194412
Acciona Energia,2025-12-15,21.46,0.54,2.58,21.46,21.0,259137
Acciona Energia,2025-12-16,21.72,0.26,1.21,21.82,21.3,222209
Acciona Energia,2025-12-17,21.5,-0.22,-1.01,21.86,21.4,154736
Acciona Energia,2025-12-18,21.54,0.04,0.19,21.56,21.3,172550
Acciona Energia,2025-12-19,21.8,0.26,1.21,22.0,21.44,900210
Acciona Energia,2025-12-22,21.7,-0.1,-0.46,21.76,21.38,136462
Acciona Energia,2025-12-23,21.84,0.14,0.65,22.04,21.32,166545
Acciona Energia,2025-12-24,22.04,0.2,0.92,22.04,21.8,44691
Acciona Energia,2025-12-29,22.26,0.22,1.0,22.26,21.7,186072
Acciona Energia,2025-12-30,22.36,0.1,0.45,22.48,22.12,152900
Acciona Energia,2025-12-31,22.4,0.04,0.18,22.42,22.22,111116
Acciona Energia,2026-01-02,23.14,0.74,3.3,23.22,22.38,204491
Acciona Energia,2026-01-05,23.34,0.2,0.86,23.48,22.78,336673
Acciona Energia,2026-01-06,23.58,0.24,1.03,23.9,23.34,235679
Acciona Energia,2026-01-07,23.74,0.16,0.68,24.16,23.72,521683
Acciona Energia,2026-01-08,23.02,-0.72,-3.03,23.78,22.94,231073
Acciona Energia,2026-01-09,22.48,-0.54,-2.35,23.1,22.3,306525
Acciona Energia,2026-01-12,21.9,-0.58,-2.58,22.48,21.72,234760
Acciona Energia,2026-01-13,22.34,0.44,2.01,22.38,21.86,279983
Acciona Energia,2026-01-14,21.86,-0.48,-2.15,22.62,21.52,371333
Acciona Energia,2026-01-15,21.86,0.0,0.0,22.1,21.76,268535
Acciona Energia,2026-01-16,21.86,0.0,0.0,21.98,21.6,260605
Acciona Energia,2026-01-19,21.68,-0.18,-0.82,21.78,21.22,200327
Acciona Energia,2026-01-20,20.7,-0.98,-4.52,21.38,20.42,540595
Acciona Energia,2026-01-21,20.92,0.22,1.06,21.2,20.64,362080
Acciona Energia,2026-01-22,21.3,0.38,1.82,21.4,20.62,255298
Acciona Energia,2026-01-23,21.34,0.04,0.19,21.4,21.08,273592
Acciona Energia,2026-01-26,21.44,0.1,0.47,21.56,21.3,140785
Acciona Energia,2026-01-27,21.7,0.26,1.21,21.72,21.26,183431
Acciona Energia,2026-01-28,21.7,0.0,0.0,21.78,21.38,144476
Acciona Energia,2026-01-29,21.34,-0.36,-1.66,21.96,21.24,234295
Acciona Energia,2026-01-30,21.38,0.04,0.19,21.66,21.16,155074
Acciona Energia,2026-02-02,21.16,-0.22,-1.03,21.5,21.08,153638
Acciona Energia,2026-02-03,21.54,0.38,1.8,21.58,21.1,167942
Acciona Energia,2026-02-04,21.36,-0.18,-0.84,21.76,21.32,147401
Acciona Energia,2026-02-05,21.16,-0.2,-0.94,21.36,20.9,273027
Acciona Energia,2026-02-06,21.28,0.12,0.57,21.4,20.98,183181
Acciona Energia,2026-02-09,21.44,0.16,0.75,21.68,21.26,317669
Acciona Energia,2026-02-10,21.9,0.46,2.15,21.94,21.36,285872
Acciona Energia,2026-02-11,21.74,-0.16,-0.73,22.08,21.66,235494
Acciona Energia,2026-02-12,21.22,-0.52,-2.39,22.18,21.2,360085
Acciona Energia,2026-02-13,21.5,0.28,1.32,21.68,21.24,257274
Acciona Energia,2026-02-16,21.46,-0.04,-0.19,21.76,21.32,151464
Acciona Energia,2026-02-17,21.62,0.16,0.75,21.78,21.42,201634
Acciona Energia,2026-02-18,22.24,0.62,2.87,22.28,21.66,405619
Acciona Energia,2026-02-19,21.54,-0.7,-3.15,21.98,21.3,301919
Acciona Energia,2026-02-20,21.78,0.24,1.11,21.84,21.44,220303
Acciona Energia,2026-02-23,21.4,-0.38,-1.74,21.72,21.28,177691
Acciona Energia,2026-02-24,21.52,0.12,0.56,21.78,21.42,194730
Acciona Energia,2026-02-25,21.96,0.44,2.04,22.08,21.38,282768
Acciona Energia,2026-02-26,21.44,-0.52,-2.37,22.2,21.24,434662
Acciona Energia,2026-02-27,22.1,0.66,3.08,22.56,20.44,1110458
Acciona Energia,2026-03-02,21.78,-0.32,-1.45,21.94,20.98,648830
Acciona Energia,2026-03-03,19.86,-1.92,-8.82,21.56,19.77,953849
Acciona Energia,2026-03-04,20.7,0.84,4.23,21.22,19.51,510994
Acciona Energia,2026-03-05,20.14,-0.56,-2.71,21.16,20.14,282219
Acciona Energia,2026-03-06,19.9,-0.24,-1.19,20.6,19.78,321899
Acciona Energia,2026-03-09,19.66,-0.24,-1.21,19.95,19.12,404932
Acciona Energia,2026-03-10,20.64,0.98,4.98,20.9,20.0,311875
Acciona Energia,2026-03-11,20.58,-0.06,-0.29,21.08,20.46,224736
Acciona Energia,2026-03-12,20.7,0.12,0.58,20.8,20.26,182594
Acciona Energia,2026-03-13,20.8,0.1,0.48,21.18,20.32,250631
Acciona Energia,2026-03-16,20.72,-0.08,-0.38,21.06,20.56,190845
Acerinox,2025-03-17,10.73,0.0,0.0,10.82,10.67,571456
Acerinox,2025-03-18,10.86,0.12,1.15,10.86,10.73,588439
Acerinox,2025-03-19,10.83,-0.03,-0.26,10.87,10.77,324743
Acerinox,2025-03-20,10.79,-0.04,-0.35,10.86,10.63,709764
Acerinox,2025-03-21,10.77,-0.02,-0.18,10.84,10.68,742732
Acerinox,2025-03-24,10.72,-0.05,-0.44,10.96,10.69,494640
Acerinox,2025-03-25,10.86,0.14,1.33,10.87,10.7,424531
Acerinox,2025-03-26,10.83,-0.04,-0.35,10.9,10.75,403173
Acerinox,2025-03-27,10.59,-0.24,-2.19,10.78,10.55,569197
Acerinox,2025-03-28,10.48,-0.11,-1.08,10.64,10.41,451204
Acerinox,2025-03-31,10.26,-0.22,-2.08,10.4,10.18,653994
Acerinox,2025-04-01,10.53,0.28,2.68,10.6,10.32,485776
Acerinox,2025-04-02,10.42,-0.11,-1.08,10.54,10.34,392931
Acerinox,2025-04-03,9.75,-0.66,-6.38,10.32,9.75,1402082
Acerinox,2025-04-04,8.8,-0.95,-9.78,9.63,8.69,2945341
Acerinox,2025-04-07,8.52,-0.28,-3.23,9.0,7.88,3525081
Acerinox,2025-04-08,8.67,0.15,1.78,9.0,8.57,1730795
Acerinox,2025-04-09,8.47,-0.19,-2.24,8.55,8.26,1835884
Acerinox,2025-04-10,8.89,0.42,4.93,9.97,8.85,1950227
Acerinox,2025-04-11,8.83,-0.06,-0.69,8.98,8.68,911462
Acerinox,2025-04-14,9.17,0.34,3.82,9.22,8.95,759781
Acerinox,2025-04-15,9.19,0.02,0.26,9.25,9.12,536250
Acerinox,2025-04-16,9.24,0.05,0.57,9.25,9.02,433591
Acerinox,2025-04-17,9.22,-0.02,-0.26,9.28,9.13,601923
Acerinox,2025-04-22,9.24,0.02,0.21,9.3,9.15,487668
Acerinox,2025-04-23,9.54,0.3,3.24,9.64,9.36,849247
Acerinox,2025-04-24,9.56,0.02,0.2,9.58,9.43,501745
Acerinox,2025-04-25,9.63,0.08,0.79,9.7,9.52,559283
Acerinox,2025-04-28,9.61,-0.02,-0.2,9.75,9.61,606913
Acerinox,2025-04-29,9.56,-0.06,-0.59,9.69,9.55,332667
Acerinox,2025-04-30,9.43,-0.13,-1.34,9.58,9.27,861504
Acerinox,2025-05-02,9.77,0.35,3.67,9.81,9.57,717460
Acerinox,2025-05-05,9.81,0.04,0.39,9.84,9.74,391860
Acerinox,2025-05-06,9.69,-0.12,-1.26,9.85,9.61,660746
Acerinox,2025-05-07,9.74,0.06,0.59,9.77,9.68,508585
Acerinox,2025-05-08,9.41,-0.34,-3.46,9.67,9.26,1396498
Acerinox,2025-05-09,9.44,0.03,0.3,9.58,9.36,805177
Acerinox,2025-05-12,9.9,0.46,4.88,10.0,9.56,1337869
Acerinox,2025-05-13,10.09,0.19,1.92,10.09,9.9,742964
Acerinox,2025-05-14,10.0,-0.09,-0.85,10.15,9.92,1210894
Acerinox,2025-05-15,10.14,0.14,1.42,10.14,9.86,559397
Acerinox,2025-05-16,10.11,-0.04,-0.37,10.15,10.01,737407
Acerinox,2025-05-19,10.2,0.09,0.94,10.2,10.04,481527
Acerinox,2025-05-20,10.27,0.07,0.65,10.31,10.13,477883
Acerinox,2025-05-21,10.19,-0.08,-0.74,10.27,10.13,389274
Acerinox,2025-05-22,9.96,-0.23,-2.23,10.15,9.94,517261
Acerinox,2025-05-23,9.85,-0.11,-1.14,10.04,9.6,745935
Acerinox,2025-05-26,10.1,0.25,2.5,10.2,9.99,518522
Acerinox,2025-05-27,10.06,-0.04,-0.38,10.09,9.98,394497
Acerinox,2025-05-28,10.0,-0.06,-0.57,10.15,9.98,577996
Acerinox,2025-05-29,9.94,-0.06,-0.57,10.19,9.94,489056
Acerinox,2025-05-30,9.88,-0.07,-0.67,9.97,9.88,772298
Acerinox,2025-06-02,10.4,0.52,5.28,10.53,10.06,1983442
Acerinox,2025-06-03,10.3,-0.1,-1.0,10.43,10.23,905108
Acerinox,2025-06-04,10.25,-0.05,-0.46,10.46,10.1,958862
Acerinox,2025-06-05,10.18,-0.07,-0.65,10.31,10.13,684262
Acerinox,2025-06-06,10.17,-0.01,-0.09,10.25,10.12,476117
Acerinox,2025-06-09,10.23,0.06,0.56,10.23,10.11,443636
Acerinox,2025-06-10,10.23,0.0,0.0,10.26,10.14,519025
Acerinox,2025-06-11,10.22,-0.01,-0.09,10.29,10.12,645669
Acerinox,2025-06-12,9.97,-0.25,-2.41,10.15,9.88,866288
Acerinox,2025-06-13,10.0,0.03,0.29,10.0,9.71,584720
Acerinox,2025-06-16,10.12,0.12,1.23,10.13,10.02,416214
Acerinox,2025-06-17,10.11,-0.01,-0.09,10.2,9.97,383331
Acerinox,2025-06-18,10.09,-0.03,-0.28,10.11,9.98,326788
Acerinox,2025-06-19,9.87,-0.22,-2.16,10.04,9.87,422244
Acerinox,2025-06-20,9.93,0.07,0.67,10.07,9.85,2158352
Acerinox,2025-06-23,9.78,-0.15,-1.53,9.88,9.71,575480
Acerinox,2025-06-24,9.99,0.21,2.13,10.01,9.92,519498
Acerinox,2025-06-25,10.0,0.01,0.09,10.08,9.97,401575
Acerinox,2025-06-26,10.17,0.17,1.71,10.27,10.0,1294228
Acerinox,2025-06-27,10.29,0.11,1.12,10.29,10.17,462625
Acerinox,2025-06-30,10.27,-0.02,-0.18,10.31,10.19,445347
Acerinox,2025-07-01,9.84,-0.43,-4.16,10.16,9.8,2339532
Acerinox,2025-07-02,10.26,0.42,4.24,10.3,9.93,1861817
Acerinox,2025-07-03,10.12,-0.13,-1.3,10.33,10.09,862050
Acerinox,2025-07-04,10.02,-0.1,-1.03,10.11,9.97,695809
Acerinox,2025-07-07,10.13,0.11,1.14,10.13,9.95,694474
Acerinox,2025-07-08,10.33,0.2,1.97,10.36,10.06,938072
Acerinox,2025-07-09,10.41,0.08,0.73,10.5,10.34,1031184
Acerinox,2025-07-10,10.55,0.14,1.37,10.66,10.48,827420
Acerinox,2025-07-11,10.54,-0.01,-0.09,10.62,10.51,623604
Acerinox,2025-07-14,10.53,-0.01,-0.09,10.58,10.43,1012562
Acerinox,2025-07-15,10.57,0.04,0.36,10.67,10.53,1673107
Acerinox,2025-07-16,10.29,-0.28,-2.68,10.6,10.29,1512770
Acerinox,2025-07-17,10.43,0.15,1.42,10.44,10.32,593829
Acerinox,2025-07-18,10.29,-0.15,-1.4,10.46,10.27,744390
Acerinox,2025-07-21,10.56,0.27,2.66,10.65,10.31,1209514
Acerinox,2025-07-22,10.59,0.03,0.28,10.63,10.5,462081
Acerinox,2025-07-23,10.52,-0.07,-0.65,10.68,10.51,606994
Acerinox,2025-07-24,10.02,-0.5,-4.73,10.36,9.98,4153668
Acerinox,2025-07-25,9.9,-0.13,-1.27,10.03,9.84,1673464
Acerinox,2025-07-28,10.02,0.13,1.28,10.2,9.93,1559838
Acerinox,2025-07-29,9.95,-0.08,-0.78,10.06,9.93,715241
Acerinox,2025-07-30,9.93,-0.02,-0.2,10.02,9.89,605247
Acerinox,2025-07-31,9.89,-0.04,-0.39,9.93,9.72,850393
Acerinox,2025-08-01,9.71,-0.18,-1.83,9.91,9.69,750425
Acerinox,2025-08-04,9.73,0.02,0.25,9.81,9.69,1134614
Acerinox,2025-08-05,9.7,-0.03,-0.3,9.81,9.7,490218
Acerinox,2025-08-06,9.83,0.13,1.31,9.88,9.71,455843
Acerinox,2025-08-07,10.15,0.32,3.28,10.18,9.85,1161586
Acerinox,2025-08-08,10.3,0.15,1.44,10.32,10.18,1037558
Acerinox,2025-08-11,10.23,-0.07,-0.66,10.36,10.21,502895
Acerinox,2025-08-12,10.35,0.12,1.15,10.38,10.22,532771
Acerinox,2025-08-13,10.36,0.01,0.09,10.38,10.29,401663
Acerinox,2025-08-14,10.41,0.06,0.57,10.41,10.31,415292
Acerinox,2025-08-15,10.46,0.05,0.47,10.59,10.42,1183943
Acerinox,2025-08-18,10.43,-0.03,-0.28,10.44,10.3,578047
Acerinox,2025-08-19,10.69,0.25,2.43,10.75,10.43,1555624
Acerinox,2025-08-20,10.63,-0.06,-0.55,10.67,10.58,345082
Acerinox,2025-08-21,10.47,-0.16,-1.47,10.65,10.4,695118
Acerinox,2025-08-22,10.54,0.07,0.65,10.56,10.41,445900
Acerinox,2025-08-25,10.63,0.09,0.83,10.65,10.51,430047
Acerinox,2025-08-26,10.44,-0.19,-1.74,10.59,10.43,622903
Acerinox,2025-08-27,10.37,-0.08,-0.75,10.5,10.36,357613
Acerinox,2025-08-28,10.39,0.03,0.28,10.54,10.35,345319
Acerinox,2025-08-29,10.3,-0.1,-0.94,10.44,10.27,477973
Acerinox,2025-09-01,10.38,0.09,0.85,10.4,10.29,323618
Acerinox,2025-09-02,10.22,-0.17,-1.6,10.38,10.2,503234
Acerinox,2025-09-03,10.3,0.08,0.76,10.44,10.21,385302
Acerinox,2025-09-04,10.33,0.03,0.28,10.35,10.23,355018
Acerinox,2025-09-05,10.46,0.14,1.32,10.65,10.37,1103782
Acerinox,2025-09-08,10.47,0.01,0.09,10.59,10.4,361128
Acerinox,2025-09-09,10.46,-0.01,-0.09,10.62,10.46,477767
Acerinox,2025-09-10,10.38,-0.08,-0.75,10.61,10.38,434862
Acerinox,2025-09-11,10.56,0.18,1.69,10.6,10.39,663117
Acerinox,2025-09-12,10.5,-0.06,-0.55,10.74,10.49,553621
Acerinox,2025-09-15,10.58,0.08,0.74,10.65,10.55,361981
Acerinox,2025-09-16,10.6,0.02,0.18,10.67,10.55,458941
Acerinox,2025-09-17,10.61,0.01,0.09,10.62,10.52,398784
Acerinox,2025-09-18,10.69,0.08,0.74,10.75,10.59,766526
Acerinox,2025-09-19,10.67,-0.02,-0.18,10.79,10.55,1756414
Acerinox,2025-09-22,10.68,0.01,0.09,10.78,10.55,750557
Acerinox,2025-09-23,10.78,0.1,0.91,10.87,10.71,782537
Acerinox,2025-09-24,10.79,0.01,0.09,10.85,10.65,506891
Acerinox,2025-09-25,10.71,-0.08,-0.72,10.87,10.65,384445
Acerinox,2025-09-26,11.01,0.3,2.83,11.06,10.74,1667536
Acerinox,2025-09-29,10.99,-0.02,-0.18,11.08,10.93,538947
Acerinox,2025-09-30,10.83,-0.16,-1.42,10.99,10.79,570265
Acerinox,2025-10-01,11.34,0.51,4.68,11.41,10.73,2090744
Acerinox,2025-10-02,11.3,-0.04,-0.34,11.55,11.26,1113359
Acerinox,2025-10-03,11.6,0.29,2.59,11.63,11.4,994890
Acerinox,2025-10-06,11.6,0.0,0.0,11.65,11.51,588806
Acerinox,2025-10-07,11.78,0.19,1.6,11.85,11.58,1087293
Acerinox,2025-10-08,12.2,0.42,3.56,12.25,11.85,1814561
Acerinox,2025-10-09,12.09,-0.11,-0.88,12.32,12.03,798804
Acerinox,2025-10-10,11.56,-0.54,-4.44,12.01,11.56,1140298
Acerinox,2025-10-13,11.63,0.08,0.68,11.7,11.56,684783
Acerinox,2025-10-14,11.47,-0.17,-1.43,11.53,11.31,816976
Acerinox,2025-10-15,11.39,-0.08,-0.68,11.58,11.39,604026
Acerinox,2025-10-16,11.37,-0.02,-0.17,11.45,11.29,384720
Acerinox,2025-10-17,11.29,-0.08,-0.69,11.38,11.14,740937
Acerinox,2025-10-20,11.52,0.22,1.99,11.55,11.31,416453
Acerinox,2025-10-21,11.49,-0.03,-0.25,11.58,11.36,472199
Acerinox,2025-10-22,11.59,0.1,0.85,11.69,11.46,1652239
Acerinox,2025-10-23,11.61,0.03,0.25,11.75,11.57,388873
Acerinox,2025-10-24,11.71,0.1,0.84,11.73,11.6,374471
Acerinox,2025-10-27,11.79,0.08,0.67,11.87,11.74,596802
Acerinox,2025-10-28,11.82,0.03,0.25,11.88,11.67,765190
Acerinox,2025-10-29,11.45,-0.37,-3.14,11.84,11.44,1216109
Acerinox,2025-10-30,11.23,-0.21,-1.88,11.54,11.17,1022748
Acerinox,2025-10-31,10.91,-0.32,-2.87,11.15,10.78,2387661
Acerinox,2025-11-03,11.07,0.16,1.43,11.15,10.92,987704
Acerinox,2025-11-04,10.94,-0.13,-1.15,11.01,10.77,741653
Acerinox,2025-11-05,10.88,-0.06,-0.54,10.97,10.83,422280
Acerinox,2025-11-06,10.87,-0.01,-0.09,11.04,10.85,455781
Acerinox,2025-11-07,11.0,0.13,1.17,11.03,10.83,883838
Acerinox,2025-11-10,11.03,0.03,0.27,11.1,10.95,588500
Acerinox,2025-11-11,10.99,-0.04,-0.35,11.08,10.95,661616
Acerinox,2025-11-12,11.22,0.23,2.13,11.26,11.02,750432
Acerinox,2025-11-13,11.2,-0.02,-0.17,11.31,11.2,422228
Acerinox,2025-11-14,11.19,-0.02,-0.17,11.19,10.97,334609
Acerinox,2025-11-17,11.13,-0.06,-0.52,11.19,11.08,279506
Acerinox,2025-11-18,11.04,-0.09,-0.79,11.06,10.88,572535
Acerinox,2025-11-19,11.27,0.23,2.12,11.28,10.91,755047
Acerinox,2025-11-20,11.45,0.18,1.56,11.5,11.25,1351396
Acerinox,2025-11-21,11.25,-0.2,-1.71,11.33,11.07,470377
Acerinox,2025-11-24,11.47,0.21,1.91,11.6,11.31,771673
Acerinox,2025-11-25,11.62,0.16,1.36,11.64,11.34,528900
Acerinox,2025-11-26,11.78,0.16,1.34,11.97,11.64,2266975
Acerinox,2025-11-27,11.75,-0.03,-0.25,11.85,11.71,585365
Acerinox,2025-11-28,11.88,0.13,1.08,11.93,11.71,729631
Acerinox,2025-12-01,11.9,0.02,0.16,11.99,11.78,721885
Acerinox,2025-12-02,11.74,-0.16,-1.31,11.92,11.74,458268
Acerinox,2025-12-03,11.64,-0.1,-0.83,11.88,11.64,605077
Acerinox,2025-12-04,11.52,-0.13,-1.09,11.71,11.51,796559
Acerinox,2025-12-05,11.46,-0.06,-0.51,11.64,11.38,674371
Acerinox,2025-12-08,11.64,0.19,1.62,11.7,11.44,378643
Acerinox,2025-12-09,11.6,-0.04,-0.34,11.74,11.58,508401
Acerinox,2025-12-10,11.47,-0.14,-1.18,11.62,11.47,514934
Acerinox,2025-12-11,11.6,0.14,1.19,11.61,11.49,910439
Acerinox,2025-12-12,11.69,0.09,0.76,11.84,11.59,907870
Acerinox,2025-12-15,11.79,0.1,0.83,11.83,11.67,637301
Acerinox,2025-12-16,11.91,0.12,0.99,12.07,11.79,1167211
Acerinox,2025-12-17,11.61,-0.29,-2.46,11.97,11.61,600830
Acerinox,2025-12-18,11.71,0.1,0.84,11.75,11.57,681293
Acerinox,2025-12-19,11.62,-0.09,-0.75,11.67,11.53,711362
Acerinox,2025-12-22,11.72,0.1,0.84,11.72,11.52,525296
Acerinox,2025-12-23,11.78,0.06,0.5,11.79,11.66,357449
Acerinox,2025-12-24,11.82,0.04,0.33,11.85,11.76,148645
Acerinox,2025-12-29,12.03,0.21,1.82,12.14,11.79,963544
Acerinox,2025-12-30,12.33,0.29,2.43,12.36,12.05,1221196
Acerinox,2025-12-31,12.36,0.03,0.24,12.36,12.27,598327
Acerinox,2026-01-02,12.69,0.33,2.69,12.69,12.23,1524672
Acerinox,2026-01-05,12.76,0.07,0.54,12.87,12.6,1643326
Acerinox,2026-01-06,12.71,-0.05,-0.38,12.83,12.59,698274
Acerinox,2026-01-07,12.98,0.27,2.15,12.98,12.73,1672179
Acerinox,2026-01-08,12.82,-0.17,-1.28,13.0,12.7,1414385
Acerinox,2026-01-09,12.84,0.03,0.23,12.91,12.75,984844
Acerinox,2026-01-12,12.91,0.07,0.53,13.0,12.79,1222793
Acerinox,2026-01-13,13.02,0.11,0.83,13.05,12.74,1843348
Acerinox,2026-01-14,12.9,-0.12,-0.9,13.03,12.73,1394535
Acerinox,2026-01-15,13.15,0.24,1.89,13.17,12.88,1966752
Acerinox,2026-01-16,12.93,-0.21,-1.63,13.18,12.91,1357693
Acerinox,2026-01-19,12.9,-0.03,-0.23,12.99,12.72,995683
Acerinox,2026-01-20,12.62,-0.28,-2.19,12.82,12.52,1426184
Acerinox,2026-01-21,12.89,0.27,2.14,12.93,12.7,837252
Acerinox,2026-01-22,13.43,0.54,4.19,13.46,13.0,1909758
Acerinox,2026-01-23,13.11,-0.32,-2.38,13.36,13.07,1062948
Acerinox,2026-01-26,12.96,-0.15,-1.14,13.15,12.84,1045836
Acerinox,2026-01-27,12.96,0.0,0.0,13.0,12.77,824593
Acerinox,2026-01-28,12.81,-0.15,-1.16,13.07,12.75,780129
Acerinox,2026-01-29,12.37,-0.44,-3.43,12.61,12.07,2168125
Acerinox,2026-01-30,12.51,0.14,1.13,12.53,12.22,2101506
Acerinox,2026-02-02,12.54,0.03,0.24,12.62,12.1,948889
Acerinox,2026-02-03,12.85,0.31,2.47,12.88,12.6,1410863
Acerinox,2026-02-04,12.51,-0.34,-2.65,12.84,12.51,1112902
Acerinox,2026-02-05,12.66,0.15,1.2,12.74,12.41,1085628
Acerinox,2026-02-06,13.31,0.65,5.13,13.32,12.57,2202469
Acerinox,2026-02-09,13.38,0.07,0.53,13.41,13.26,892305
Acerinox,2026-02-10,13.63,0.25,1.87,13.69,13.38,1496675
Acerinox,2026-02-11,13.93,0.3,2.2,13.98,13.68,1437702
Acerinox,2026-02-12,13.75,-0.18,-1.29,14.1,13.64,1983917
Acerinox,2026-02-13,13.12,-0.63,-4.58,13.79,12.65,4218753
Acerinox,2026-02-16,13.4,0.28,2.13,13.44,13.02,952864
Acerinox,2026-02-17,13.18,-0.22,-1.64,13.4,13.05,1526793
Acerinox,2026-02-18,13.43,0.25,1.9,13.45,13.24,1401593
Acerinox,2026-02-19,13.09,-0.34,-2.53,13.37,13.07,749957
Acerinox,2026-02-20,13.18,0.09,0.69,13.29,13.09,967525
Acerinox,2026-02-23,13.22,0.04,0.3,13.32,13.09,895542
Acerinox,2026-02-24,13.18,-0.04,-0.3,13.36,13.13,815385
Acerinox,2026-02-25,13.32,0.14,1.06,13.33,13.1,842631
Acerinox,2026-02-26,13.2,-0.12,-0.9,13.38,13.1,1039217
Acerinox,2026-02-27,13.53,0.33,2.5,13.6,12.9,1823684
Acerinox,2026-03-02,13.43,-0.1,-0.74,13.52,12.8,1690695
Acerinox,2026-03-03,12.16,-1.27,-9.46,13.1,11.97,3186453
Acerinox,2026-03-04,12.81,0.65,5.35,12.92,12.01,2136864
Acerinox,2026-03-05,12.62,-0.19,-1.48,13.03,12.6,1223277
Acerinox,2026-03-06,12.42,-0.2,-1.58,12.84,12.36,859870
Acerinox,2026-03-09,12.12,-0.3,-2.42,12.17,11.68,1967885
Acerinox,2026-03-10,12.52,0.4,3.3,12.58,12.38,1094391
Acerinox,2026-03-11,12.38,-0.14,-1.12,12.54,12.31,804443
Acerinox,2026-03-12,12.12,-0.26,-2.1,12.42,11.97,915924
Acerinox,2026-03-13,11.9,-0.22,-1.82,12.1,11.8,910106
Acerinox,2026-03-16,11.92,0.02,0.17,12.1,11.84,560356
Aena,2025-03-17,20.73,0.0,0.0,20.73,20.4,788170
Aena,2025-03-18,20.92,0.19,0.92,20.92,20.44,1644570
Aena,2025-03-19,20.84,-0.08,-0.37,20.84,20.65,975030
Aena,2025-03-20,20.84,0.0,0.0,20.96,20.75,2274520
Aena,2025-03-21,20.79,-0.06,-0.27,21.02,20.73,4436670
Aena,2025-03-24,20.67,-0.11,-0.55,21.09,20.65,1579120
Aena,2025-03-25,20.9,0.23,1.11,21.0,20.69,1352960
Aena,2025-03-26,20.9,0.0,0.0,21.0,20.86,1208030
Aena,2025-03-27,20.94,0.04,0.18,20.96,20.59,858500
Aena,2025-03-28,21.0,0.06,0.27,21.03,20.82,1419070
Aena,2025-03-31,20.69,-0.31,-1.46,20.92,20.69,2960070
Aena,2025-04-01,20.9,0.21,1.02,20.96,20.63,1044460
Aena,2025-04-02,21.26,0.36,1.74,21.26,20.86,1580820
Aena,2025-04-03,21.36,0.1,0.45,21.61,21.15,2096860
Aena,2025-04-04,20.63,-0.73,-3.4,21.4,20.5,4042610
Aena,2025-04-07,19.7,-0.94,-4.54,20.63,19.33,5547160
Aena,2025-04-08,19.75,0.06,0.29,19.91,19.06,3341630
Aena,2025-04-09,19.1,-0.65,-3.29,19.64,19.01,4345690
Aena,2025-04-10,19.77,0.67,3.5,20.23,19.52,2318210
Aena,2025-04-11,19.83,0.06,0.29,19.93,19.58,1234630
Aena,2025-04-14,20.25,0.42,2.12,20.25,19.85,3157140
Aena,2025-04-15,20.54,0.29,1.42,20.61,20.25,6860140
Aena,2025-04-16,20.71,0.17,0.84,20.71,20.46,2944300
Aena,2025-04-17,20.82,0.11,0.55,20.98,20.58,1330810
Aena,2025-04-22,21.2,0.38,1.81,21.2,20.6,1949870
Aena,2025-04-23,21.16,-0.04,-0.19,21.46,21.02,5079540
Aena,2025-04-24,21.54,0.38,1.8,21.54,21.16,5740270
Aena,2025-04-25,21.6,0.06,0.28,21.74,21.54,7277690
Aena,2025-04-28,21.66,0.06,0.28,21.72,21.48,1576650
Aena,2025-04-29,21.56,-0.1,-0.46,21.8,21.48,8583780
Aena,2025-04-30,22.14,0.58,2.69,22.24,21.68,3998440
Aena,2025-05-02,22.82,0.68,3.07,22.82,22.04,1872590
Aena,2025-05-05,22.98,0.16,0.7,23.02,22.72,942240
Aena,2025-05-06,23.32,0.34,1.48,23.32,22.98,4900840
Aena,2025-05-07,23.06,-0.26,-1.11,23.38,22.94,1647730
Aena,2025-05-08,22.92,-0.14,-0.61,23.24,22.78,1106530
Aena,2025-05-09,22.9,-0.02,-0.09,23.1,22.84,962860
Aena,2025-05-12,22.6,-0.3,-1.31,23.34,22.4,1722250
Aena,2025-05-13,22.78,0.18,0.8,22.86,22.64,958970
Aena,2025-05-14,22.88,0.1,0.44,22.96,22.64,4206190
Aena,2025-05-15,23.36,0.48,2.1,23.4,22.9,1381590
Aena,2025-05-16,23.54,0.18,0.77,23.68,23.36,1124500
Aena,2025-05-19,23.7,0.16,0.68,23.72,23.44,5119060
Aena,2025-05-20,24.26,0.56,2.36,24.4,23.78,3721260
Aena,2025-05-21,24.3,0.04,0.16,24.4,24.2,973550
Aena,2025-05-22,24.06,-0.24,-0.99,24.38,23.96,1101260
Aena,2025-05-23,23.82,-0.24,-1.0,24.12,23.52,1007110
Aena,2025-05-26,23.92,0.1,0.42,24.1,23.86,2980240
Aena,2025-05-27,23.94,0.02,0.08,24.04,23.84,1775830
Aena,2025-05-28,23.74,-0.2,-0.84,23.96,23.7,1127340
Aena,2025-05-29,23.52,-0.22,-0.93,23.86,23.52,4679080
Aena,2025-05-30,23.7,0.18,0.77,23.88,23.62,6773450
Aena,2025-06-02,23.9,0.2,0.84,23.94,23.6,754730
Aena,2025-06-03,23.72,-0.18,-0.75,24.04,23.62,958530
Aena,2025-06-04,24.02,0.3,1.26,24.08,23.66,915130
Aena,2025-06-05,24.0,-0.02,-0.08,24.1,23.84,792550
Aena,2025-06-06,24.26,0.26,1.08,24.26,23.94,851550
Aena,2025-06-09,23.96,-0.3,-1.24,24.24,23.94,1100510
Aena,2025-06-10,23.86,-0.1,-0.42,24.16,23.84,736000
Aena,2025-06-11,23.9,0.04,0.17,24.06,23.86,1046540
Aena,2025-06-12,23.48,-0.42,-1.76,23.76,23.32,1084010
Aena,2025-06-13,23.04,-0.44,-1.87,23.36,22.76,11946840
Aena,2025-06-16,23.32,0.28,1.22,23.4,23.14,9384140
Aena,2025-06-17,23.12,-0.2,-0.86,23.36,23.1,1395620
Aena,2025-06-18,23.12,0.0,0.0,23.28,23.02,1634650
Aena,2025-06-19,22.74,-0.38,-1.64,23.08,22.68,1287366
Aena,2025-06-20,22.77,0.03,0.15,22.95,22.45,5091636
Aena,2025-06-23,22.5,-0.27,-1.19,22.99,22.48,912190
Aena,2025-06-24,22.76,0.26,1.16,23.03,22.69,1880544
Aena,2025-06-25,22.62,-0.14,-0.61,22.75,22.52,2485251
Aena,2025-06-26,22.43,-0.19,-0.84,22.71,22.43,6621788
Aena,2025-06-27,22.5,0.07,0.29,22.65,22.39,6442837
Aena,2025-06-30,22.66,0.16,0.71,22.8,22.55,2790249
Aena,2025-07-01,22.75,0.09,0.4,22.9,22.67,1291374
Aena,2025-07-02,22.64,-0.11,-0.48,22.97,22.59,1040781
Aena,2025-07-03,22.7,0.06,0.27,22.74,22.52,784479
Aena,2025-07-04,22.52,-0.18,-0.79,22.75,22.45,656496
Aena,2025-07-07,22.69,0.17,0.75,22.74,22.53,1284732
Aena,2025-07-08,22.88,0.18,0.82,22.99,22.64,1513927
Aena,2025-07-09,23.43,0.56,2.45,23.5,22.93,1181012
Aena,2025-07-10,23.3,-0.14,-0.6,23.44,23.17,1270077
Aena,2025-07-11,23.38,0.08,0.36,23.52,23.24,822087
Aena,2025-07-14,23.5,0.12,0.51,23.5,23.17,661846
Aena,2025-07-15,22.95,-0.55,-2.34,23.51,22.86,916206
Aena,2025-07-16,23.38,0.43,1.87,23.8,23.23,1722470
Aena,2025-07-17,23.6,0.23,0.96,23.64,23.3,1320427
Aena,2025-07-18,23.43,-0.17,-0.74,23.75,23.39,1106743
Aena,2025-07-21,23.61,0.18,0.77,23.65,23.31,1078566
Aena,2025-07-22,23.51,-0.1,-0.4,23.58,23.45,648581
Aena,2025-07-23,23.47,-0.05,-0.19,23.85,23.43,1245810
Aena,2025-07-24,23.6,0.13,0.55,23.84,23.48,1101830
Aena,2025-07-25,23.53,-0.07,-0.3,23.61,23.25,911185
Aena,2025-07-28,23.64,0.11,0.47,23.81,23.52,1474283
Aena,2025-07-29,23.81,0.17,0.72,23.84,23.5,1547869
Aena,2025-07-30,23.9,0.09,0.36,24.07,23.54,1118191
Aena,2025-07-31,23.59,-0.3,-1.26,24.01,23.5,1335343
Aena,2025-08-01,23.52,-0.07,-0.32,23.62,23.36,1050474
Aena,2025-08-04,24.16,0.64,2.7,24.16,23.48,1150059
Aena,2025-08-05,24.2,0.05,0.19,24.27,24.05,916893
Aena,2025-08-06,24.32,0.12,0.5,24.36,24.11,1003234
Aena,2025-08-07,24.54,0.22,0.9,24.74,24.32,979176
Aena,2025-08-08,24.48,-0.06,-0.24,24.6,24.38,700178
Aena,2025-08-11,24.71,0.23,0.94,24.77,24.54,760714
Aena,2025-08-12,24.9,0.19,0.77,24.9,24.68,1126435
Aena,2025-08-13,25.13,0.23,0.92,25.3,25.04,496971
Aena,2025-08-14,25.41,0.28,1.11,25.41,25.2,716421
Aena,2025-08-15,25.64,0.23,0.91,25.71,25.44,663648
Aena,2025-08-18,25.71,0.07,0.27,25.78,25.51,793139
Aena,2025-08-19,25.63,-0.08,-0.31,25.82,25.61,1528631
Aena,2025-08-20,25.64,0.01,0.04,25.81,25.61,1131432
Aena,2025-08-21,25.43,-0.21,-0.82,25.69,25.37,1179137
Aena,2025-08-22,25.5,0.07,0.28,25.68,25.4,726916
Aena,2025-08-25,25.36,-0.14,-0.55,25.53,25.23,539294
Aena,2025-08-26,25.13,-0.23,-0.91,25.23,24.93,2162204
Aena,2025-08-27,25.15,0.02,0.08,25.36,25.02,665596
Aena,2025-08-28,25.05,-0.1,-0.4,25.25,24.83,414632
Aena,2025-08-29,24.74,-0.31,-1.24,25.03,24.66,948078
Aena,2025-09-01,24.74,0.0,0.0,24.82,24.56,390123
Aena,2025-09-02,24.21,-0.53,-2.14,24.68,24.13,816762
Aena,2025-09-03,24.42,0.21,0.87,24.44,24.17,825237
Aena,2025-09-04,24.3,-0.12,-0.49,24.49,24.06,1899564
Aena,2025-09-05,24.41,0.11,0.45,24.47,24.27,863963
Aena,2025-09-08,24.48,0.07,0.29,24.5,24.35,560088
Aena,2025-09-09,24.43,-0.05,-0.2,24.55,24.35,690984
Aena,2025-09-10,24.43,0.0,0.0,24.61,24.39,884588
Aena,2025-09-11,24.64,0.21,0.86,24.67,24.45,545770
Aena,2025-09-12,24.87,0.23,0.93,24.93,24.61,1386096
Aena,2025-09-15,24.55,-0.32,-1.29,24.98,24.45,894621
Aena,2025-09-16,24.66,0.11,0.45,24.71,24.52,1006006
Aena,2025-09-17,24.41,-0.25,-1.01,24.76,24.41,1151531
Aena,2025-09-18,23.24,-1.17,-4.79,24.63,23.01,2447982
Aena,2025-09-19,23.31,0.07,0.3,23.61,23.17,6575608
Aena,2025-09-22,23.3,-0.01,-0.04,23.57,23.29,1553319
Aena,2025-09-23,23.3,0.0,0.0,23.42,23.28,889805
Aena,2025-09-24,23.22,-0.08,-0.34,23.49,23.22,1443195
Aena,2025-09-25,23.23,0.01,0.04,23.34,23.08,719363
Aena,2025-09-26,22.95,-0.28,-1.21,23.02,22.6,1437081
Aena,2025-09-29,22.81,-0.14,-0.61,22.99,22.76,1667241
Aena,2025-09-30,23.27,0.46,2.02,23.27,22.79,2851142
Aena,2025-10-01,23.0,-0.27,-1.16,23.42,22.9,1214526
Aena,2025-10-02,22.82,-0.18,-0.78,23.09,22.7,1433977
Aena,2025-10-03,22.84,0.02,0.09,23.1,22.81,5614379
Aena,2025-10-06,22.69,-0.15,-0.66,22.86,22.67,785514
Aena,2025-10-07,22.75,0.06,0.26,22.79,22.62,1323271
Aena,2025-10-08,22.48,-0.27,-1.19,22.77,22.25,1474712
Aena,2025-10-09,22.42,-0.06,-0.27,22.51,22.3,1077243
Aena,2025-10-10,22.79,0.37,1.65,22.83,22.53,1360046
Aena,2025-10-13,22.68,-0.11,-0.48,22.88,22.66,645417
Aena,2025-10-14,22.96,0.28,1.23,23.03,22.75,1199112
Aena,2025-10-15,23.08,0.12,0.52,23.14,22.89,1286646
Aena,2025-10-16,23.41,0.33,1.43,23.41,22.99,1455490
Aena,2025-10-17,23.76,0.35,1.5,23.79,23.15,3389608
Aena,2025-10-20,23.51,-0.25,-1.05,23.73,23.27,1696474
Aena,2025-10-21,23.27,-0.24,-1.02,23.71,23.18,1299299
Aena,2025-10-22,23.58,0.31,1.33,23.7,23.3,1772584
Aena,2025-10-23,23.81,0.23,0.98,23.85,23.47,771315
Aena,2025-10-24,23.86,0.05,0.21,23.9,23.63,572276
Aena,2025-10-27,24.02,0.16,0.67,24.06,23.83,814512
Aena,2025-10-28,24.16,0.14,0.58,24.23,23.92,1338564
Aena,2025-10-29,23.13,-1.03,-4.26,23.95,23.13,2046080
Aena,2025-10-30,23.81,0.68,2.94,23.81,23.09,1236353
Aena,2025-10-31,23.55,-0.26,-1.09,23.76,23.33,985331
Aena,2025-11-03,23.68,0.13,0.55,23.77,23.52,847381
Aena,2025-11-04,23.76,0.08,0.34,23.76,23.31,942737
Aena,2025-11-05,23.72,-0.04,-0.17,23.89,23.49,1230330
Aena,2025-11-06,22.44,-1.28,-5.4,23.0,22.3,2489884
Aena,2025-11-07,21.96,-0.48,-2.14,22.7,21.96,1971659
Aena,2025-11-10,22.45,0.49,2.23,22.51,22.07,1012726
Aena,2025-11-11,22.78,0.33,1.47,23.04,22.48,1043714
Aena,2025-11-12,22.87,0.09,0.4,22.91,22.73,2110118
Aena,2025-11-13,23.19,0.32,1.4,23.37,22.88,1012518
Aena,2025-11-14,23.04,-0.15,-0.65,23.19,22.77,751764
Aena,2025-11-17,22.86,-0.18,-0.78,23.08,22.8,529436
Aena,2025-11-18,22.44,-0.42,-1.84,22.68,22.31,1432174
Aena,2025-11-19,22.55,0.11,0.49,22.64,22.34,1124210
Aena,2025-11-20,22.65,0.1,0.44,23.08,22.65,1066176
Aena,2025-11-21,23.12,0.47,2.08,23.22,22.6,1031164
Aena,2025-11-24,23.47,0.35,1.51,23.47,23.13,4670937
Aena,2025-11-25,23.3,-0.17,-0.72,23.5,23.16,940354
Aena,2025-11-26,23.4,0.1,0.43,23.56,23.21,747675
Aena,2025-11-27,23.49,0.09,0.38,23.54,23.4,569481
Aena,2025-11-28,23.46,-0.03,-0.13,23.49,23.33,576941
Aena,2025-12-01,23.45,-0.01,-0.04,23.51,23.21,763870
Aena,2025-12-02,23.4,-0.05,-0.21,23.71,23.4,1134747
Aena,2025-12-03,23.27,-0.13,-0.56,23.55,23.27,1266280
Aena,2025-12-04,23.11,-0.16,-0.69,23.36,23.09,1170677
Aena,2025-12-05,23.07,-0.04,-0.17,23.32,23.03,511451
Aena,2025-12-08,23.3,0.23,1.0,23.33,23.02,627797
Aena,2025-12-09,23.2,-0.1,-0.43,23.4,23.15,679042
Aena,2025-12-10,23.05,-0.15,-0.65,23.17,22.89,780493
Aena,2025-12-11,23.29,0.24,1.04,23.32,22.9,995198
Aena,2025-12-12,23.6,0.31,1.33,23.6,23.35,1329246
Aena,2025-12-15,23.82,0.22,0.93,23.87,23.47,1016874
Aena,2025-12-16,23.47,-0.35,-1.47,23.93,23.47,1126543
Aena,2025-12-17,23.47,0.0,0.0,23.57,23.33,1118143
Aena,2025-12-18,23.63,0.16,0.68,23.75,23.43,1026056
Aena,2025-12-19,23.58,-0.05,-0.21,23.9,23.49,3879545
Aena,2025-12-22,23.84,0.26,1.1,23.89,23.53,1134288
Aena,2025-12-23,23.88,0.04,0.17,23.94,23.72,946518
Aena,2025-12-24,23.86,-0.02,-0.08,24.02,23.86,185958
Aena,2025-12-29,23.84,-0.02,-0.08,23.96,23.63,843797
Aena,2025-12-30,23.83,-0.01,-0.04,23.88,23.75,843105
Aena,2025-12-31,23.82,-0.01,-0.04,23.83,23.67,732516
Aena,2026-01-02,23.69,-0.13,-0.55,23.89,23.66,533673
Aena,2026-01-05,24.35,0.66,2.79,24.42,23.69,1300295
Aena,2026-01-06,24.99,0.64,2.63,25.03,24.45,1861205
Aena,2026-01-07,24.87,-0.12,-0.48,25.44,24.86,1631046
Aena,2026-01-08,25.3,0.43,1.73,25.34,24.89,771519
Aena,2026-01-09,25.28,-0.02,-0.08,25.35,25.02,1168140
Aena,2026-01-12,25.21,-0.07,-0.28,25.31,25.09,1238596
Aena,2026-01-13,24.56,-0.65,-2.58,25.3,24.54,1188263
Aena,2026-01-14,24.62,0.06,0.24,24.74,24.4,1532837
Aena,2026-01-15,25.13,0.51,2.07,25.22,24.79,1402064
Aena,2026-01-16,25.52,0.39,1.55,25.52,25.1,1903861
Aena,2026-01-19,25.41,-0.11,-0.43,25.53,25.25,1055761
Aena,2026-01-20,25.31,-0.1,-0.39,25.42,25.18,1813483
Aena,2026-01-21,25.2,-0.11,-0.43,25.42,25.16,1008698
Aena,2026-01-22,25.6,0.4,1.59,25.72,25.47,1009737
Aena,2026-01-23,25.39,-0.21,-0.82,25.61,25.22,886881
Aena,2026-01-26,25.47,0.08,0.32,25.58,25.32,856183
Aena,2026-01-27,25.88,0.41,1.61,25.88,25.4,1688712
Aena,2026-01-28,25.42,-0.46,-1.78,25.81,25.16,1254349
Aena,2026-01-29,25.52,0.1,0.39,25.73,25.41,1485124
Aena,2026-01-30,26.23,0.71,2.78,26.54,25.74,2822437
Aena,2026-02-02,26.41,0.18,0.69,26.45,26.13,2123437
Aena,2026-02-03,26.57,0.16,0.61,26.57,26.24,1332029
Aena,2026-02-04,26.99,0.42,1.58,27.16,26.56,1503826
Aena,2026-02-05,27.19,0.2,0.74,27.28,26.89,1479758
Aena,2026-02-06,27.66,0.47,1.73,27.8,27.16,1329924
Aena,2026-02-09,27.72,0.06,0.22,27.78,27.48,1071913
Aena,2026-02-10,27.36,-0.36,-1.3,27.79,27.22,1451946
Aena,2026-02-11,27.52,0.16,0.58,27.89,27.38,1526960
Aena,2026-02-12,27.51,-0.01,-0.04,27.8,27.18,1429319
Aena,2026-02-13,27.69,0.18,0.65,27.88,27.48,2038872
Aena,2026-02-16,28.4,0.71,2.56,28.49,27.81,1105483
Aena,2026-02-17,28.81,0.41,1.44,28.81,28.03,1524996
Aena,2026-02-18,27.72,-1.09,-3.78,28.86,27.71,1781499
Aena,2026-02-19,27.06,-0.66,-2.38,27.86,26.97,1865640
Aena,2026-02-20,27.0,-0.06,-0.22,27.31,26.84,1955394
Aena,2026-02-23,27.41,0.41,1.52,27.52,27.0,1166536
Aena,2026-02-24,27.45,0.04,0.15,27.68,27.31,1317024
Aena,2026-02-25,26.93,-0.52,-1.89,27.42,26.73,1679479
Aena,2026-02-26,26.92,-0.01,-0.04,27.21,26.78,1473784
Aena,2026-02-27,26.67,-0.25,-0.93,27.03,26.56,4086038
Aena,2026-03-02,26.37,-0.3,-1.12,26.37,25.78,2179677
Aena,2026-03-03,25.45,-0.92,-3.49,26.25,25.43,2317506
Aena,2026-03-04,25.91,0.46,1.81,26.11,25.1,2216174
Aena,2026-03-05,25.48,-0.43,-1.66,26.02,25.46,1938862
Aena,2026-03-06,25.46,-0.02,-0.08,25.72,25.12,1724676
Aena,2026-03-09,25.22,-0.24,-0.94,25.29,24.85,2774776
Aena,2026-03-10,25.47,0.25,0.99,25.68,25.31,1240591
Aena,2026-03-11,25.7,0.23,0.9,25.7,25.25,1435470
Aena,2026-03-12,25.53,-0.17,-0.66,25.87,25.51,1730757
Aena,2026-03-13,25.48,-0.05,-0.2,25.67,25.0,1365406
Aena,2026-03-16,25.7,0.22,0.86,25.75,25.3,1550617
Almirall,2025-03-17,10.13,0.0,0.0,10.21,10.08,225901
Almirall,2025-03-18,10.2,0.07,0.68,10.2,10.09,67376
Almirall,2025-03-19,10.22,0.02,0.19,10.26,10.13,86234
Almirall,2025-03-20,10.09,-0.13,-1.25,10.26,10.05,83381
Almirall,2025-03-21,10.09,0.0,0.0,10.11,9.98,99447
Almirall,2025-03-24,9.94,-0.15,-1.46,10.06,9.86,70606
Almirall,2025-03-25,10.06,0.12,1.18,10.09,9.83,71065
Almirall,2025-03-26,9.85,-0.22,-2.15,10.07,9.85,71434
Almirall,2025-03-27,9.89,0.05,0.5,9.97,9.73,145836
Almirall,2025-03-28,9.88,-0.01,-0.1,9.97,9.86,65400
Almirall,2025-03-31,9.62,-0.26,-2.63,9.82,9.61,123611
Almirall,2025-04-01,9.68,0.05,0.56,9.74,9.63,86257
Almirall,2025-04-02,9.52,-0.16,-1.67,9.68,9.33,190244
Almirall,2025-04-03,9.5,-0.02,-0.21,9.65,9.41,167532
Almirall,2025-04-04,9.12,-0.37,-3.93,9.45,9.03,234428
Almirall,2025-04-07,8.84,-0.28,-3.07,9.19,8.49,284689
Almirall,2025-04-08,9.01,0.17,1.89,9.09,8.83,146759
Almirall,2025-04-09,8.6,-0.41,-4.58,8.84,8.51,216957
Almirall,2025-04-10,8.98,0.38,4.45,9.47,8.82,207155
Almirall,2025-04-11,8.99,0.01,0.11,9.07,8.9,118492
Almirall,2025-04-14,9.18,0.19,2.07,9.2,9.07,90720
Almirall,2025-04-15,9.23,0.05,0.53,9.26,9.12,67250
Almirall,2025-04-16,9.22,-0.01,-0.11,9.25,9.13,203814
Almirall,2025-04-17,9.2,-0.02,-0.21,9.22,9.06,51487
Almirall,2025-04-22,9.13,-0.07,-0.75,9.23,9.03,68310
Almirall,2025-04-23,9.26,0.13,1.4,9.28,9.17,63799
Almirall,2025-04-24,9.37,0.12,1.27,9.41,9.24,65999
Almirall,2025-04-25,9.48,0.11,1.15,9.53,9.39,55061
Almirall,2025-04-28,9.54,0.06,0.62,9.57,9.47,47354
Almirall,2025-04-29,9.58,0.04,0.41,9.61,9.44,55509
Almirall,2025-04-30,9.57,-0.01,-0.1,9.64,9.52,75379
Almirall,2025-05-02,9.76,0.19,1.95,9.82,9.67,83876
Almirall,2025-05-05,10.01,0.26,2.62,10.05,9.74,125895
Almirall,2025-05-06,10.07,0.06,0.59,10.25,10.03,136781
Almirall,2025-05-07,10.03,-0.04,-0.39,10.05,9.84,126641
Almirall,2025-05-08,9.81,-0.23,-2.25,10.07,9.8,119488
Almirall,2025-05-09,9.62,-0.19,-1.9,9.84,9.57,136221
Almirall,2025-05-12,10.6,0.98,10.2,10.74,10.07,480145
Almirall,2025-05-13,10.23,-0.37,-3.52,10.76,10.21,249908
Almirall,2025-05-14,9.81,-0.42,-4.13,10.23,9.81,188940
Almirall,2025-05-15,9.89,0.08,0.86,9.99,9.81,126387
Almirall,2025-05-16,10.18,0.29,2.93,10.3,9.95,126436
Almirall,2025-05-19,9.99,-0.19,-1.87,10.22,9.96,115639
Almirall,2025-05-20,10.2,0.21,2.1,10.36,10.0,126630
Almirall,2025-05-21,10.46,0.26,2.55,10.56,10.2,130432
Almirall,2025-05-22,10.58,0.12,1.15,10.64,10.34,105525
Almirall,2025-05-23,10.66,0.08,0.76,10.74,10.42,218432
Almirall,2025-05-26,10.84,0.18,1.69,10.98,10.68,161730
Almirall,2025-05-27,11.02,0.18,1.66,11.06,10.84,223608
Almirall,2025-05-28,11.0,-0.02,-0.18,11.1,10.9,132221
Almirall,2025-05-29,11.0,0.0,0.0,11.08,10.94,69557
Almirall,2025-05-30,11.16,0.16,1.45,11.3,10.94,215197
Almirall,2025-06-02,11.06,-0.1,-0.9,11.28,11.0,136957
Almirall,2025-06-03,11.2,0.14,1.27,11.26,11.0,117323
Almirall,2025-06-04,11.18,-0.02,-0.18,11.28,11.12,95207
Almirall,2025-06-05,11.28,0.1,0.89,11.4,11.16,64694
Almirall,2025-06-06,11.12,-0.16,-1.42,11.32,11.12,88947
Almirall,2025-06-09,11.14,0.02,0.18,11.34,11.1,100147
Almirall,2025-06-10,11.14,0.0,0.0,11.2,11.06,94741
Almirall,2025-06-11,10.96,-0.18,-1.62,11.26,10.92,127214
Almirall,2025-06-12,11.14,0.18,1.64,11.18,10.84,228754
Almirall,2025-06-13,10.96,-0.18,-1.62,11.1,10.6,108787
Almirall,2025-06-16,10.94,-0.02,-0.18,11.14,10.9,119707
Almirall,2025-06-17,10.9,-0.04,-0.37,10.94,10.8,74618
Almirall,2025-06-18,10.8,-0.1,-0.92,10.88,10.7,99198
Almirall,2025-06-19,10.88,0.08,0.74,10.96,10.68,116322
Almirall,2025-06-20,10.68,-0.2,-1.84,10.94,10.68,481206
Almirall,2025-06-23,10.62,-0.06,-0.56,10.7,10.54,61671
Almirall,2025-06-24,10.74,0.12,1.13,10.82,10.66,104858
Almirall,2025-06-25,10.74,0.0,0.0,10.88,10.64,108126
Almirall,2025-06-26,10.76,0.02,0.19,10.8,10.68,62508
Almirall,2025-06-27,10.66,-0.1,-0.93,10.78,10.64,71155
Almirall,2025-06-30,10.64,-0.02,-0.19,10.7,10.6,38936
Almirall,2025-07-01,10.64,0.0,0.0,10.68,10.56,87743
Almirall,2025-07-02,10.6,-0.04,-0.38,10.62,10.44,99271
Almirall,2025-07-03,10.62,0.02,0.19,10.68,10.6,89205
Almirall,2025-07-04,10.76,0.14,1.32,10.78,10.56,59558
Almirall,2025-07-07,10.68,-0.08,-0.74,10.74,10.64,71598
Almirall,2025-07-08,10.82,0.14,1.31,10.9,10.66,98887
Almirall,2025-07-09,10.88,0.06,0.55,10.94,10.8,68763
Almirall,2025-07-10,11.0,0.12,1.1,11.06,10.8,81218
Almirall,2025-07-11,10.94,-0.06,-0.55,11.08,10.9,81257
Almirall,2025-07-14,11.02,0.08,0.73,11.02,10.86,48506
Almirall,2025-07-15,10.78,-0.24,-2.18,11.06,10.76,92601
Almirall,2025-07-16,10.64,-0.14,-1.3,10.74,10.46,124383
Almirall,2025-07-17,10.68,0.04,0.38,10.76,10.56,94867
Almirall,2025-07-18,10.7,0.02,0.19,10.78,10.52,189401
Almirall,2025-07-21,10.64,-0.06,-0.56,10.72,10.6,59106
Almirall,2025-07-22,10.58,-0.06,-0.56,10.7,10.5,82788
Almirall,2025-07-23,10.52,-0.06,-0.57,10.68,10.5,92280
Almirall,2025-07-24,10.76,0.24,2.28,10.84,10.6,95720
Almirall,2025-07-25,10.74,-0.02,-0.19,11.5,10.6,428070
Almirall,2025-07-28,10.8,0.06,0.56,11.18,10.76,147450
Almirall,2025-07-29,10.98,0.18,1.67,11.08,10.76,119423
Almirall,2025-07-30,10.84,-0.14,-1.28,10.98,10.8,101903
Almirall,2025-07-31,10.58,-0.26,-2.4,10.94,10.52,128187
Almirall,2025-08-01,10.24,-0.34,-3.21,10.54,10.18,144863
Almirall,2025-08-04,10.3,0.06,0.59,10.38,10.22,76357
Almirall,2025-08-05,10.34,0.04,0.39,10.4,10.26,68301
Almirall,2025-08-06,10.14,-0.2,-1.93,10.36,10.06,99437
Almirall,2025-08-07,10.24,0.1,0.99,10.28,10.08,76101
Almirall,2025-08-08,10.3,0.06,0.59,10.34,10.22,62978
Almirall,2025-08-11,10.42,0.12,1.17,10.48,10.3,84134
Almirall,2025-08-12,10.38,-0.04,-0.38,10.48,10.26,69444
Almirall,2025-08-13,10.8,0.42,4.05,10.92,10.44,220688
Almirall,2025-08-14,11.22,0.42,3.89,11.28,10.9,460414
Almirall,2025-08-15,11.1,-0.12,-1.07,11.38,11.0,191379
Almirall,2025-08-18,11.32,0.22,1.98,11.32,11.12,155237
Almirall,2025-08-19,11.14,-0.18,-1.59,11.4,11.1,149333
Almirall,2025-08-20,11.08,-0.06,-0.54,11.12,10.94,97815
Almirall,2025-08-21,11.08,0.0,0.0,11.18,10.98,77517
Almirall,2025-08-22,11.2,0.12,1.08,11.26,11.06,89637
Almirall,2025-08-25,11.02,-0.18,-1.61,11.2,11.0,58326
Almirall,2025-08-26,11.08,0.06,0.54,11.18,10.98,343303
Almirall,2025-08-27,11.16,0.08,0.72,11.18,11.02,84299
Almirall,2025-08-28,11.4,0.24,2.15,11.42,11.1,163843
Almirall,2025-08-29,11.16,-0.24,-2.11,11.42,11.12,64142
Almirall,2025-09-01,11.18,0.02,0.18,11.32,11.16,58759
Almirall,2025-09-02,11.28,0.1,0.89,11.34,11.12,112639
Almirall,2025-09-03,11.2,-0.08,-0.71,11.3,11.04,66023
Almirall,2025-09-04,11.12,-0.08,-0.71,11.26,11.1,122247
Almirall,2025-09-05,10.96,-0.16,-1.44,11.12,10.88,107608
Almirall,2025-09-08,11.22,0.26,2.37,11.22,10.98,78402
Almirall,2025-09-09,11.08,-0.14,-1.25,11.22,11.04,44409
Almirall,2025-09-10,11.08,0.0,0.0,11.2,11.02,65263
Almirall,2025-09-11,11.26,0.18,1.62,11.26,11.08,102624
Almirall,2025-09-12,11.14,-0.12,-1.07,11.3,11.08,54584
Almirall,2025-09-15,11.18,0.04,0.36,11.28,11.06,91940
Almirall,2025-09-16,11.12,-0.06,-0.54,11.26,11.1,46033
Almirall,2025-09-17,11.28,0.16,1.44,11.3,10.94,100114
Almirall,2025-09-18,11.26,-0.02,-0.18,11.32,11.2,44062
Almirall,2025-09-19,11.46,0.2,1.78,11.54,11.24,212599
Almirall,2025-09-22,11.6,0.14,1.22,11.66,11.38,105478
Almirall,2025-09-23,11.38,-0.22,-1.9,11.6,11.34,89510
Almirall,2025-09-24,11.48,0.1,0.88,11.54,11.32,83899
Almirall,2025-09-25,11.3,-0.18,-1.57,11.42,11.24,78414
Almirall,2025-09-26,11.22,-0.08,-0.71,11.26,11.12,71342
Almirall,2025-09-29,11.32,0.1,0.89,11.42,11.22,67866
Almirall,2025-09-30,11.5,0.18,1.59,11.52,11.3,118283
Almirall,2025-10-01,11.84,0.34,2.96,12.0,11.58,185849
Almirall,2025-10-02,11.88,0.04,0.34,11.92,11.76,81749
Almirall,2025-10-03,11.94,0.06,0.51,12.0,11.82,116369
Almirall,2025-10-06,12.0,0.06,0.5,12.14,11.88,131542
Almirall,2025-10-07,11.78,-0.22,-1.83,12.0,11.6,85320
Almirall,2025-10-08,11.9,0.12,1.02,11.94,11.76,65897
Almirall,2025-10-09,11.92,0.02,0.17,12.06,11.9,227855
Almirall,2025-10-10,11.98,0.06,0.5,12.08,11.86,174335
Almirall,2025-10-13,12.0,0.02,0.17,12.12,11.84,127550
Almirall,2025-10-14,12.08,0.08,0.67,12.16,11.94,131431
Almirall,2025-10-15,12.02,-0.06,-0.5,12.1,11.84,156654
Almirall,2025-10-16,12.12,0.1,0.83,12.12,11.9,137503
Almirall,2025-10-17,12.12,0.0,0.0,12.16,11.98,109444
Almirall,2025-10-20,12.02,-0.1,-0.83,12.16,11.94,80439
Almirall,2025-10-21,11.96,-0.06,-0.5,12.02,11.86,71002
Almirall,2025-10-22,12.08,0.12,1.0,12.12,11.96,163982
Almirall,2025-10-23,12.26,0.18,1.49,12.26,12.0,265606
Almirall,2025-10-24,12.62,0.36,2.94,12.66,12.3,170383
Almirall,2025-10-27,12.56,-0.06,-0.48,12.7,12.34,121388
Almirall,2025-10-28,12.66,0.1,0.8,12.7,12.5,292465
Almirall,2025-10-29,12.68,0.02,0.16,12.82,12.6,100760
Almirall,2025-10-30,12.6,-0.08,-0.63,12.64,12.46,119926
Almirall,2025-10-31,12.48,-0.12,-0.95,12.6,12.4,205761
Almirall,2025-11-03,12.1,-0.38,-3.04,12.44,12.08,152262
Almirall,2025-11-04,12.18,0.08,0.66,12.18,11.94,106817
Almirall,2025-11-05,11.86,-0.32,-2.63,12.12,11.86,121198
Almirall,2025-11-06,11.82,-0.04,-0.34,11.88,11.62,94694
Almirall,2025-11-07,11.58,-0.24,-2.03,11.78,11.5,148226
Almirall,2025-11-10,11.8,0.22,1.9,12.84,11.68,638877
Almirall,2025-11-11,12.08,0.28,2.37,12.08,11.8,147142
Almirall,2025-11-12,12.34,0.26,2.15,12.34,12.06,123268
Almirall,2025-11-13,12.34,0.0,0.0,12.46,12.26,89876
Almirall,2025-11-14,12.36,0.02,0.16,12.38,12.08,96719
Almirall,2025-11-17,12.36,0.0,0.0,12.5,12.22,167866
Almirall,2025-11-18,12.3,-0.06,-0.49,12.34,12.12,101157
Almirall,2025-11-19,12.44,0.14,1.14,12.44,12.22,153449
Almirall,2025-11-20,12.52,0.08,0.64,12.72,12.48,192356
Almirall,2025-11-21,12.48,-0.04,-0.32,12.58,12.16,168707
Almirall,2025-11-24,12.58,0.1,0.8,12.58,12.32,461207
Almirall,2025-11-25,12.72,0.14,1.11,12.78,12.4,129562
Almirall,2025-11-26,12.7,-0.02,-0.16,12.76,12.58,79443
Almirall,2025-11-27,12.58,-0.12,-0.94,12.74,12.48,100583
Almirall,2025-11-28,12.64,0.06,0.48,12.66,12.42,112577
Almirall,2025-12-01,12.68,0.04,0.32,12.68,12.5,2619445
Almirall,2025-12-02,12.72,0.04,0.32,12.98,12.66,197524
Almirall,2025-12-03,12.78,0.06,0.47,12.84,12.62,150913
Almirall,2025-12-04,12.88,0.1,0.78,12.88,12.78,103459
Almirall,2025-12-05,12.96,0.08,0.62,13.12,12.74,199789
Almirall,2025-12-08,13.12,0.16,1.23,13.24,13.0,184319
Almirall,2025-12-09,13.04,-0.08,-0.61,13.2,12.94,170934
Almirall,2025-12-10,13.08,0.04,0.31,13.12,12.86,151968
Almirall,2025-12-11,13.22,0.14,1.07,13.22,12.92,110141
Almirall,2025-12-12,13.22,0.0,0.0,13.38,13.16,243903
Almirall,2025-12-15,13.3,0.08,0.61,13.4,13.1,210535
Almirall,2025-12-16,12.72,-0.58,-4.36,13.24,12.7,164958
Almirall,2025-12-17,12.84,0.12,0.94,12.94,12.64,123456
Almirall,2025-12-18,12.9,0.06,0.47,12.96,12.72,156160
Almirall,2025-12-19,12.96,0.06,0.47,13.04,12.76,150449
Almirall,2025-12-22,13.0,0.04,0.31,13.0,12.74,160609
Almirall,2025-12-23,12.96,-0.04,-0.31,13.06,12.86,265886
Almirall,2025-12-24,12.82,-0.14,-1.08,12.98,12.8,129301
Almirall,2025-12-29,13.0,0.18,1.4,13.06,12.78,259283
Almirall,2025-12-30,12.9,-0.1,-0.77,13.0,12.9,91892
Almirall,2025-12-31,12.84,-0.06,-0.47,12.96,12.84,165821
Almirall,2026-01-02,12.9,0.06,0.47,12.94,12.8,148580
Almirall,2026-01-05,13.14,0.24,1.86,13.28,12.86,215022
Almirall,2026-01-06,13.18,0.04,0.3,13.2,13.08,101385
Almirall,2026-01-07,13.58,0.4,3.03,13.58,13.18,219244
Almirall,2026-01-08,13.52,-0.06,-0.44,13.72,13.36,120960
Almirall,2026-01-09,13.18,-0.34,-2.51,13.46,13.02,137154
Almirall,2026-01-12,13.18,0.0,0.0,13.18,12.98,125530
Almirall,2026-01-13,13.08,-0.1,-0.76,13.2,12.96,138907
Almirall,2026-01-14,13.22,0.14,1.07,13.3,13.08,193443
Almirall,2026-01-15,13.18,-0.04,-0.3,13.34,13.0,203149
Almirall,2026-01-16,13.22,0.04,0.3,13.38,13.12,158051
Almirall,2026-01-19,12.9,-0.32,-2.42,13.12,12.72,207709
Almirall,2026-01-20,12.3,-0.6,-4.65,12.72,12.24,260876
Almirall,2026-01-21,12.4,0.1,0.81,12.54,12.14,133058
Almirall,2026-01-22,12.56,0.16,1.29,12.58,12.38,125079
Almirall,2026-01-23,12.86,0.3,2.39,12.86,12.44,228426
Almirall,2026-01-26,12.74,-0.12,-0.93,12.9,12.64,201097
Almirall,2026-01-27,12.82,0.08,0.63,12.82,12.66,67992
Almirall,2026-01-28,12.46,-0.36,-2.81,12.84,12.3,203929
Almirall,2026-01-29,12.28,-0.18,-1.44,12.46,12.22,135621
Almirall,2026-01-30,12.62,0.34,2.77,12.62,12.2,192198
Almirall,2026-02-02,12.82,0.2,1.58,12.82,12.44,187978
Almirall,2026-02-03,12.84,0.02,0.16,12.86,12.68,110238
Almirall,2026-02-04,12.94,0.1,0.78,13.02,12.66,89399
Almirall,2026-02-05,13.04,0.1,0.77,13.04,12.8,96089
Almirall,2026-02-06,12.88,-0.16,-1.23,13.06,12.7,96185
Almirall,2026-02-09,13.04,0.16,1.24,13.06,12.86,160523
Almirall,2026-02-10,13.28,0.24,1.84,13.34,13.02,132509
Almirall,2026-02-11,13.56,0.28,2.11,13.7,13.16,194253
Almirall,2026-02-12,13.36,-0.2,-1.47,13.64,13.36,117179
Almirall,2026-02-13,13.4,0.04,0.3,13.44,13.16,92975
Almirall,2026-02-16,13.52,0.12,0.9,13.58,13.32,72437
Almirall,2026-02-17,13.72,0.2,1.48,13.74,13.28,156814
Almirall,2026-02-18,13.82,0.1,0.73,13.82,13.58,102100
Almirall,2026-02-19,13.7,-0.12,-0.87,13.98,13.44,217941
Almirall,2026-02-20,13.42,-0.28,-2.04,13.88,13.34,139042
Almirall,2026-02-23,12.6,-0.82,-6.11,13.58,12.6,370261
Almirall,2026-02-24,12.84,0.24,1.9,12.96,12.4,357485
Almirall,2026-02-25,13.2,0.36,2.8,13.22,12.92,193112
Almirall,2026-02-26,12.86,-0.34,-2.58,13.22,12.8,142696
Almirall,2026-02-27,12.88,0.02,0.16,13.02,12.8,250656
Almirall,2026-03-02,12.4,-0.48,-3.73,12.84,12.32,269696
Almirall,2026-03-03,12.02,-0.38,-3.06,12.34,11.92,245700
Almirall,2026-03-04,12.18,0.16,1.33,12.3,11.92,151709
Almirall,2026-03-05,12.1,-0.08,-0.66,12.4,12.08,137147
Almirall,2026-03-06,11.98,-0.12,-0.99,12.2,11.86,169304
Almirall,2026-03-09,11.84,-0.14,-1.17,11.88,11.48,133887
Almirall,2026-03-10,11.94,0.1,0.84,12.28,11.94,129201
Almirall,2026-03-11,11.72,-0.22,-1.84,12.1,11.64,129111
Almirall,2026-03-12,11.56,-0.16,-1.37,11.98,11.5,133573
Almirall,2026-03-13,11.36,-0.2,-1.73,11.52,11.26,136551
Almirall,2026-03-16,11.48,0.12,1.06,11.54,11.24,149875
Amadeus,2025-03-17,69.84,0.0,0.0,69.84,68.1,1004458
Amadeus,2025-03-18,70.02,0.18,0.25,71.06,69.59,1330226
Amadeus,2025-03-19,71.16,1.14,1.62,71.25,69.22,635076
Amadeus,2025-03-20,72.74,1.59,2.23,73.04,71.16,907022
Amadeus,2025-03-21,72.66,-0.08,-0.11,72.78,71.8,2161427
Amadeus,2025-03-24,71.78,-0.88,-1.21,73.49,71.49,712041
Amadeus,2025-03-25,73.27,1.49,2.07,73.6,72.39,806954
Amadeus,2025-03-26,72.29,-0.98,-1.34,73.31,72.27,1001640
Amadeus,2025-03-27,72.66,0.37,0.51,72.66,71.76,1324428
Amadeus,2025-03-28,70.21,-2.45,-3.37,72.62,69.47,1504784
Amadeus,2025-03-31,69.04,-1.18,-1.67,69.94,68.49,1353820
Amadeus,2025-04-01,69.88,0.84,1.22,70.14,68.41,750060
Amadeus,2025-04-02,71.33,1.45,2.07,71.33,69.9,865131
Amadeus,2025-04-03,70.51,-0.82,-1.15,70.84,68.94,1053755
Amadeus,2025-04-04,65.85,-4.66,-6.61,70.02,64.77,1494403
Amadeus,2025-04-07,61.97,-3.88,-5.89,65.55,60.15,2088292
Amadeus,2025-04-08,64.16,2.19,3.54,65.36,62.34,1004262
Amadeus,2025-04-09,61.6,-2.57,-4.0,63.22,60.05,1534963
Amadeus,2025-04-10,64.34,2.74,4.45,68.43,64.34,1132890
Amadeus,2025-04-11,64.12,-0.22,-0.33,65.44,63.3,869607
Amadeus,2025-04-14,65.14,1.02,1.59,65.81,64.87,605376
Amadeus,2025-04-15,67.45,2.31,3.55,67.45,65.3,1504856
Amadeus,2025-04-16,67.16,-0.29,-0.44,67.2,66.04,575511
Amadeus,2025-04-17,66.63,-0.53,-0.79,67.24,66.08,662431
Amadeus,2025-04-22,67.28,0.65,0.97,67.41,66.02,599767
Amadeus,2025-04-23,67.79,0.51,0.76,68.79,67.57,903540
Amadeus,2025-04-24,67.94,0.16,0.23,68.16,67.14,538159
Amadeus,2025-04-25,68.55,0.61,0.89,69.12,68.22,2647841
Amadeus,2025-04-28,67.92,-0.63,-0.91,69.12,67.71,643458
Amadeus,2025-04-29,67.57,-0.35,-0.52,68.43,67.49,505647
Amadeus,2025-04-30,67.75,0.18,0.26,68.45,65.96,2448960
Amadeus,2025-05-02,69.0,1.25,1.85,69.41,68.33,862826
Amadeus,2025-05-05,68.86,-0.14,-0.2,69.2,68.45,586697
Amadeus,2025-05-06,69.51,0.65,0.94,69.51,68.28,564875
Amadeus,2025-05-07,68.8,-0.71,-1.01,69.26,67.98,829227
Amadeus,2025-05-08,65.75,-3.06,-4.44,68.8,64.79,1265420
Amadeus,2025-05-09,66.47,0.72,1.1,66.85,64.73,760398
Amadeus,2025-05-12,68.32,1.84,2.77,68.63,66.71,669793
Amadeus,2025-05-13,69.8,1.49,2.18,70.08,68.14,541841
Amadeus,2025-05-14,69.96,0.16,0.22,70.63,69.67,873780
Amadeus,2025-05-15,70.49,0.53,0.76,70.49,69.29,776865
Amadeus,2025-05-16,70.88,0.39,0.56,71.14,70.39,635597
Amadeus,2025-05-19,71.12,0.24,0.33,71.12,69.92,485837
Amadeus,2025-05-20,71.96,0.84,1.18,72.51,71.16,741864
Amadeus,2025-05-21,72.15,0.2,0.27,72.94,70.88,638423
Amadeus,2025-05-22,71.59,-0.57,-0.79,72.27,71.35,563012
Amadeus,2025-05-23,70.82,-0.76,-1.07,72.15,69.45,571965
Amadeus,2025-05-26,72.15,1.33,1.88,72.39,71.72,356894
Amadeus,2025-05-27,72.47,0.31,0.43,72.9,71.82,718228
Amadeus,2025-05-28,71.68,-0.78,-1.08,72.47,71.68,730763
Amadeus,2025-05-29,71.23,-0.45,-0.63,72.27,70.98,303335
Amadeus,2025-05-30,71.86,0.63,0.88,71.92,71.02,993528
Amadeus,2025-06-02,72.57,0.71,0.98,72.86,71.08,509492
Amadeus,2025-06-03,72.1,-0.47,-0.65,72.86,71.66,444475
Amadeus,2025-06-04,72.37,0.27,0.38,72.84,72.02,404129
Amadeus,2025-06-05,72.9,0.53,0.73,72.92,71.82,501973
Amadeus,2025-06-06,73.45,0.55,0.75,73.52,72.41,433365
Amadeus,2025-06-09,73.23,-0.22,-0.29,73.82,73.21,332752
Amadeus,2025-06-10,73.47,0.24,0.32,73.74,73.11,315250
Amadeus,2025-06-11,72.49,-0.98,-1.33,73.68,72.49,583887
Amadeus,2025-06-12,70.31,-2.17,-3.0,72.06,69.49,563288
Amadeus,2025-06-13,69.2,-1.12,-1.59,69.51,68.32,527765
Amadeus,2025-06-16,70.7,1.51,2.18,71.25,69.24,625339
Amadeus,2025-06-17,68.79,-1.92,-2.71,69.16,67.57,889134
Amadeus,2025-06-18,68.84,0.06,0.09,69.29,68.77,649958
Amadeus,2025-06-19,66.79,-2.06,-2.99,68.65,66.69,682200
Amadeus,2025-06-20,66.83,0.04,0.06,67.88,66.77,1317959
Amadeus,2025-06-23,66.0,-0.82,-1.23,66.98,65.81,1179575
Amadeus,2025-06-24,68.06,2.06,3.12,68.86,67.73,657245
Amadeus,2025-06-25,67.26,-0.8,-1.18,68.49,67.2,644097
Amadeus,2025-06-26,67.3,0.04,0.06,67.47,66.63,2219656
Amadeus,2025-06-27,68.73,1.43,2.12,68.82,67.59,578489
Amadeus,2025-06-30,70.0,1.27,1.85,70.0,68.94,760715
Amadeus,2025-07-01,70.12,0.12,0.17,70.61,69.73,1646837
Amadeus,2025-07-02,69.89,-0.23,-0.33,70.6,69.17,605642
Amadeus,2025-07-03,70.44,0.56,0.79,70.44,69.21,455624
Amadeus,2025-07-04,69.71,-0.73,-1.04,70.21,69.57,378335
Amadeus,2025-07-07,70.35,0.63,0.91,70.38,69.61,430845
Amadeus,2025-07-08,70.11,-0.24,-0.34,70.68,69.63,568561
Amadeus,2025-07-09,70.64,0.54,0.76,70.84,70.17,371950
Amadeus,2025-07-10,71.54,0.89,1.26,71.54,69.91,606328
Amadeus,2025-07-11,71.14,-0.4,-0.55,71.85,70.68,525227
Amadeus,2025-07-14,71.14,0.0,0.0,71.14,70.05,347067
Amadeus,2025-07-15,70.25,-0.89,-1.25,71.89,70.17,421886
Amadeus,2025-07-16,69.79,-0.46,-0.65,70.66,69.77,512616
Amadeus,2025-07-17,70.19,0.4,0.57,70.88,69.77,725625
Amadeus,2025-07-18,69.97,-0.22,-0.31,70.6,69.71,485575
Amadeus,2025-07-21,69.63,-0.34,-0.48,70.23,69.63,473794
Amadeus,2025-07-22,70.01,0.38,0.54,70.05,69.31,572434
Amadeus,2025-07-23,70.6,0.59,0.85,71.12,70.21,672612
Amadeus,2025-07-24,71.69,1.09,1.54,71.69,70.62,652604
Amadeus,2025-07-25,71.3,-0.4,-0.55,71.69,70.62,386808
Amadeus,2025-07-28,70.86,-0.44,-0.61,72.47,70.68,520675
Amadeus,2025-07-29,70.76,-0.1,-0.14,71.63,70.76,586597
Amadeus,2025-07-30,70.13,-0.63,-0.9,71.08,69.79,689899
Amadeus,2025-07-31,69.83,-0.3,-0.42,72.98,69.08,1253462
Amadeus,2025-08-01,68.86,-0.97,-1.39,69.89,68.38,685841
Amadeus,2025-08-04,69.87,1.01,1.47,69.87,68.64,668911
Amadeus,2025-08-05,69.51,-0.36,-0.51,70.46,69.43,684113
Amadeus,2025-08-06,70.29,0.77,1.11,70.54,69.53,599174
Amadeus,2025-08-07,70.86,0.58,0.82,72.03,70.38,657806
Amadeus,2025-08-08,70.31,-0.56,-0.78,70.96,70.29,395059
Amadeus,2025-08-11,69.93,-0.38,-0.54,70.74,69.93,463759
Amadeus,2025-08-12,69.17,-0.75,-1.08,70.21,69.0,572349
Amadeus,2025-08-13,69.83,0.65,0.95,69.95,69.37,388636
Amadeus,2025-08-14,70.64,0.81,1.16,70.76,70.13,313751
Amadeus,2025-08-15,71.59,0.95,1.35,71.59,70.7,507617
Amadeus,2025-08-18,71.4,-0.2,-0.28,71.73,70.78,198291
Amadeus,2025-08-19,71.65,0.26,0.36,72.09,71.1,469535
Amadeus,2025-08-20,71.4,-0.26,-0.36,71.67,70.5,571701
Amadeus,2025-08-21,71.12,-0.28,-0.39,71.4,70.9,325801
Amadeus,2025-08-22,71.89,0.77,1.09,72.67,71.16,273270
Amadeus,2025-08-25,71.79,-0.1,-0.14,72.33,71.46,305696
Amadeus,2025-08-26,71.38,-0.42,-0.58,71.99,70.9,558618
Amadeus,2025-08-27,71.97,0.59,0.83,72.37,71.46,403313
Amadeus,2025-08-28,71.85,-0.12,-0.17,72.41,71.61,300639
Amadeus,2025-08-29,71.0,-0.85,-1.19,71.83,71.0,400621
Amadeus,2025-09-01,68.26,-2.74,-3.85,70.13,67.95,703399
Amadeus,2025-09-02,67.23,-1.03,-1.51,68.32,66.78,689381
Amadeus,2025-09-03,67.67,0.44,0.65,68.26,67.63,669102
Amadeus,2025-09-04,67.59,-0.08,-0.12,67.97,67.25,512876
Amadeus,2025-09-05,67.99,0.4,0.59,68.62,67.57,610579
Amadeus,2025-09-08,68.52,0.54,0.79,68.64,67.77,365279
Amadeus,2025-09-09,68.68,0.16,0.23,69.17,68.38,501758
Amadeus,2025-09-10,67.83,-0.85,-1.24,69.1,67.59,540971
Amadeus,2025-09-11,67.63,-0.2,-0.29,68.34,67.35,521987
Amadeus,2025-09-12,67.43,-0.2,-0.29,67.89,67.27,573808
Amadeus,2025-09-15,67.43,0.0,0.0,67.91,67.29,391643
Amadeus,2025-09-16,66.87,-0.56,-0.82,67.63,66.78,647153
Amadeus,2025-09-17,66.83,-0.04,-0.06,67.37,66.8,528700
Amadeus,2025-09-18,67.03,0.2,0.3,67.69,66.85,438393
Amadeus,2025-09-19,66.8,-0.24,-0.36,67.23,66.7,1653625
Amadeus,2025-09-22,65.94,-0.85,-1.28,66.81,65.74,528282
Amadeus,2025-09-23,65.72,-0.22,-0.33,66.36,65.7,705752
Amadeus,2025-09-24,65.01,-0.71,-1.09,65.94,64.57,762731
Amadeus,2025-09-25,64.49,-0.52,-0.79,64.97,64.22,657890
Amadeus,2025-09-26,65.33,0.83,1.29,65.33,64.59,581232
Amadeus,2025-09-29,65.59,0.26,0.39,66.08,65.31,485315
Amadeus,2025-09-30,66.93,1.35,2.06,67.07,65.39,1056974
Amadeus,2025-10-01,67.33,0.4,0.59,67.79,66.3,794009
Amadeus,2025-10-02,67.11,-0.22,-0.32,67.65,66.62,634780
Amadeus,2025-10-03,67.23,0.12,0.18,67.89,67.21,583749
Amadeus,2025-10-06,67.63,0.4,0.59,67.81,67.03,490594
Amadeus,2025-10-07,67.39,-0.24,-0.35,68.22,67.39,493048
Amadeus,2025-10-08,68.56,1.17,1.74,68.72,67.13,465728
Amadeus,2025-10-09,67.83,-0.73,-1.07,68.68,67.79,430616
Amadeus,2025-10-10,66.91,-0.91,-1.35,68.2,66.8,711469
Amadeus,2025-10-13,67.21,0.3,0.44,67.45,66.81,460365
Amadeus,2025-10-14,66.97,-0.24,-0.35,67.37,66.62,701624
Amadeus,2025-10-15,67.39,0.42,0.62,67.79,67.17,587533
Amadeus,2025-10-16,67.19,-0.2,-0.29,67.45,66.74,663708
Amadeus,2025-10-17,66.58,-0.61,-0.92,66.97,65.92,570570
Amadeus,2025-10-20,67.23,0.65,0.98,67.47,66.93,628736
Amadeus,2025-10-21,68.02,0.79,1.18,68.08,67.15,633155
Amadeus,2025-10-22,68.36,0.34,0.5,68.52,67.85,576654
Amadeus,2025-10-23,67.43,-0.93,-1.36,68.48,67.43,392943
Amadeus,2025-10-24,67.33,-0.1,-0.15,67.77,66.99,419746
Amadeus,2025-10-27,67.47,0.14,0.21,67.67,67.19,405039
Amadeus,2025-10-28,66.81,-0.65,-0.97,67.63,66.72,769980
Amadeus,2025-10-29,65.66,-1.15,-1.72,66.89,65.37,713500
Amadeus,2025-10-30,65.94,0.28,0.42,66.12,65.27,483099
Amadeus,2025-10-31,65.76,-0.18,-0.27,66.18,65.31,534957
Amadeus,2025-11-03,65.63,-0.14,-0.21,66.4,65.57,501073
Amadeus,2025-11-04,65.39,-0.24,-0.36,65.55,64.32,501638
Amadeus,2025-11-05,66.68,1.29,1.97,67.01,64.83,728468
Amadeus,2025-11-06,65.23,-1.45,-2.17,66.93,65.23,921805
Amadeus,2025-11-07,66.24,1.01,1.55,67.81,65.63,1081939
Amadeus,2025-11-10,66.0,-0.24,-0.36,67.93,65.8,671391
Amadeus,2025-11-11,66.34,0.34,0.51,66.54,64.75,458433
Amadeus,2025-11-12,67.37,1.03,1.55,67.55,66.1,718158
Amadeus,2025-11-13,67.35,-0.02,-0.03,67.75,67.05,344106
Amadeus,2025-11-14,66.48,-0.87,-1.3,66.78,65.59,379926
Amadeus,2025-11-17,65.17,-1.31,-1.97,66.66,65.11,314734
Amadeus,2025-11-18,61.8,-3.37,-5.17,64.06,61.4,949360
Amadeus,2025-11-19,61.48,-0.32,-0.51,62.11,61.16,595951
Amadeus,2025-11-20,59.6,-1.88,-3.06,61.8,59.6,1092068
Amadeus,2025-11-21,61.32,1.73,2.9,61.48,59.18,551175
Amadeus,2025-11-24,62.59,1.27,2.07,63.15,61.88,1885360
Amadeus,2025-11-25,62.95,0.36,0.57,62.95,61.52,651488
Amadeus,2025-11-26,63.07,0.12,0.19,63.26,62.02,614607
Amadeus,2025-11-27,62.57,-0.5,-0.79,63.17,62.53,343101
Amadeus,2025-11-28,62.81,0.24,0.38,62.93,62.19,312288
Amadeus,2025-12-01,62.17,-0.63,-1.01,62.89,61.86,606188
Amadeus,2025-12-02,61.02,-1.15,-1.85,62.15,60.61,637677
Amadeus,2025-12-03,61.6,0.58,0.94,62.21,60.9,753163
Amadeus,2025-12-04,61.16,-0.44,-0.71,61.84,61.16,735541
Amadeus,2025-12-05,60.71,-0.46,-0.75,62.02,60.71,450423
Amadeus,2025-12-08,60.39,-0.32,-0.52,61.06,60.11,784541
Amadeus,2025-12-09,60.19,-0.2,-0.33,60.49,59.83,940899
Amadeus,2025-12-10,61.1,0.91,1.52,61.22,59.81,575966
Amadeus,2025-12-11,61.36,0.26,0.42,61.78,60.77,397394
Amadeus,2025-12-12,62.04,0.67,1.1,62.45,61.5,479713
Amadeus,2025-12-15,61.66,-0.38,-0.61,62.67,61.58,522230
Amadeus,2025-12-16,61.68,0.02,0.03,61.94,61.38,711675
Amadeus,2025-12-17,61.42,-0.26,-0.42,61.54,60.63,967261
Amadeus,2025-12-18,63.17,1.75,2.84,63.17,61.38,761810
Amadeus,2025-12-19,62.47,-0.69,-1.1,63.17,62.21,1051761
Amadeus,2025-12-22,62.43,-0.04,-0.06,62.81,61.98,295320
Amadeus,2025-12-23,61.76,-0.67,-1.08,62.55,61.76,218715
Amadeus,2025-12-24,61.64,-0.12,-0.19,62.11,61.64,114156
Amadeus,2025-12-29,62.15,0.52,0.84,62.35,61.58,290126
Amadeus,2025-12-30,62.33,0.18,0.29,62.33,61.96,278756
Amadeus,2025-12-31,62.31,-0.02,-0.03,62.31,61.82,170297
Amadeus,2026-01-02,62.19,-0.12,-0.19,62.49,61.78,354036
Amadeus,2026-01-05,62.65,0.46,0.73,62.79,61.84,409173
Amadeus,2026-01-06,61.94,-0.71,-1.14,62.93,61.84,3523217
Amadeus,2026-01-07,62.95,1.01,1.63,63.86,61.72,1698876
Amadeus,2026-01-08,64.73,1.78,2.84,64.73,63.38,3669000
Amadeus,2026-01-09,63.98,-0.75,-1.16,65.33,63.98,1215872
Amadeus,2026-01-12,63.66,-0.32,-0.5,64.55,63.4,437384
Amadeus,2026-01-13,62.67,-0.99,-1.56,63.74,62.51,479839
Amadeus,2026-01-14,61.66,-1.01,-1.61,63.6,61.66,636712
Amadeus,2026-01-15,61.66,0.0,0.0,62.04,61.26,620848
Amadeus,2026-01-16,60.72,-0.94,-1.52,61.44,60.3,711883
Amadeus,2026-01-19,60.06,-0.66,-1.09,60.52,59.14,605854
Amadeus,2026-01-20,58.38,-1.68,-2.8,59.48,58.08,850994
Amadeus,2026-01-21,57.76,-0.62,-1.06,58.5,57.4,730109
Amadeus,2026-01-22,57.62,-0.14,-0.24,59.42,57.4,1285010
Amadeus,2026-01-23,58.84,1.22,2.12,58.84,57.1,1201943
Amadeus,2026-01-26,58.0,-0.84,-1.43,58.7,57.34,864206
Amadeus,2026-01-27,56.48,-1.52,-2.62,58.06,56.48,1110269
Amadeus,2026-01-28,56.44,-0.04,-0.07,56.44,55.32,624143
Amadeus,2026-01-29,55.88,-0.56,-0.99,56.94,55.74,773413
Amadeus,2026-01-30,56.62,0.74,1.32,56.76,56.0,846175
Amadeus,2026-02-02,57.56,0.94,1.66,57.7,57.0,554118
Amadeus,2026-02-03,54.1,-3.46,-6.01,57.9,53.82,998573
Amadeus,2026-02-04,53.5,-0.6,-1.11,54.22,52.62,1645171
Amadeus,2026-02-05,53.22,-0.28,-0.52,54.28,52.68,1074793
Amadeus,2026-02-06,52.14,-1.08,-2.03,52.8,51.76,1221940
Amadeus,2026-02-09,52.22,0.08,0.15,53.02,51.56,778185
Amadeus,2026-02-10,53.06,0.84,1.61,53.06,51.5,2216007
Amadeus,2026-02-11,50.38,-2.68,-5.05,53.46,50.28,1465006
Amadeus,2026-02-12,49.02,-1.36,-2.7,50.08,48.42,1466221
Amadeus,2026-02-13,48.84,-0.18,-0.37,49.74,48.26,995146
Amadeus,2026-02-16,46.79,-2.05,-4.2,49.21,46.79,2029302
Amadeus,2026-02-17,46.64,-0.15,-0.32,47.21,46.21,2313398
Amadeus,2026-02-18,47.88,1.24,2.66,48.18,46.28,1366504
Amadeus,2026-02-19,47.94,0.06,0.13,48.67,47.32,1011252
Amadeus,2026-02-20,49.0,1.06,2.21,49.26,48.03,1092070
Amadeus,2026-02-23,47.54,-1.46,-2.98,48.92,47.4,1128917
Amadeus,2026-02-24,47.6,0.06,0.13,48.25,46.72,1012395
Amadeus,2026-02-25,49.28,1.68,3.53,49.28,47.45,1326263
Amadeus,2026-02-26,51.36,2.08,4.22,51.9,49.19,1946222
Amadeus,2026-02-27,52.74,1.38,2.69,53.48,50.96,3812161
Amadeus,2026-03-02,51.04,-1.7,-3.22,51.38,49.55,1679562
Amadeus,2026-03-03,49.98,-1.06,-2.08,51.8,49.33,1651448
Amadeus,2026-03-04,52.76,2.78,5.56,52.76,50.3,2039776
Amadeus,2026-03-05,53.74,0.98,1.86,54.52,52.1,2383960
Amadeus,2026-03-06,54.62,0.88,1.64,54.94,53.58,1851920
Amadeus,2026-03-09,53.86,-0.76,-1.39,54.04,53.12,1191029
Amadeus,2026-03-10,53.62,-0.24,-0.45,55.02,53.34,1364028
Amadeus,2026-03-11,53.88,0.26,0.48,54.5,53.38,913385
Amadeus,2026-03-12,52.98,-0.9,-1.67,54.24,52.9,1338188
Amadeus,2026-03-13,52.22,-0.76,-1.43,52.36,51.28,1317923
Amadeus,2026-03-16,51.4,-0.82,-1.57,52.28,51.02,1136256
ArcelorMittal,2025-03-17,28.78,0.0,0.0,29.09,28.6,130490
ArcelorMittal,2025-03-18,29.23,0.45,1.57,29.36,28.84,108631
ArcelorMittal,2025-03-19,29.72,0.49,1.68,29.76,29.04,198064
ArcelorMittal,2025-03-20,28.88,-0.84,-2.83,29.68,28.58,181029
ArcelorMittal,2025-03-21,28.52,-0.36,-1.26,28.81,28.19,183593
ArcelorMittal,2025-03-24,28.88,0.36,1.27,29.4,28.78,119653
ArcelorMittal,2025-03-25,28.9,0.02,0.07,28.91,28.51,122258
ArcelorMittal,2025-03-26,28.34,-0.56,-1.93,28.6,28.14,160544
ArcelorMittal,2025-03-27,27.18,-1.16,-4.08,27.86,27.05,318343
ArcelorMittal,2025-03-28,26.27,-0.91,-3.35,27.39,26.27,202815
ArcelorMittal,2025-03-31,25.95,-0.32,-1.23,26.04,25.55,201920
ArcelorMittal,2025-04-01,26.42,0.47,1.81,26.63,26.1,153800
ArcelorMittal,2025-04-02,26.1,-0.32,-1.22,26.34,25.88,95726
ArcelorMittal,2025-04-03,24.37,-1.72,-6.61,25.82,24.23,320379
ArcelorMittal,2025-04-04,22.29,-2.09,-8.56,23.98,21.52,615283
ArcelorMittal,2025-04-07,21.65,-0.64,-2.86,22.82,20.11,618686
ArcelorMittal,2025-04-08,22.17,0.52,2.4,22.74,21.61,312344
ArcelorMittal,2025-04-09,21.42,-0.74,-3.36,21.83,20.94,281316
ArcelorMittal,2025-04-10,22.36,0.94,4.39,25.54,22.36,664273
ArcelorMittal,2025-04-11,22.59,0.23,1.01,22.81,22.02,172292
ArcelorMittal,2025-04-14,23.23,0.64,2.82,23.44,22.97,172383
ArcelorMittal,2025-04-15,23.36,0.14,0.59,23.44,23.02,114371
ArcelorMittal,2025-04-16,23.53,0.17,0.71,23.55,22.81,123953
ArcelorMittal,2025-04-17,23.35,-0.18,-0.75,23.69,23.19,105875
ArcelorMittal,2025-04-22,23.69,0.33,1.43,23.72,23.04,93362
ArcelorMittal,2025-04-23,24.91,1.22,5.17,25.42,24.06,390368
ArcelorMittal,2025-04-24,25.02,0.11,0.43,25.05,24.64,92093
ArcelorMittal,2025-04-25,25.4,0.38,1.53,25.5,25.05,147347
ArcelorMittal,2025-04-28,25.79,0.39,1.54,26.11,25.55,114586
ArcelorMittal,2025-04-29,25.85,0.06,0.23,26.24,25.8,165198
ArcelorMittal,2025-04-30,25.28,-0.57,-2.2,25.91,24.15,434293
ArcelorMittal,2025-05-02,26.52,1.23,4.88,26.6,25.67,276176
ArcelorMittal,2025-05-05,26.36,-0.16,-0.59,26.47,26.21,114836
ArcelorMittal,2025-05-06,26.08,-0.28,-1.08,26.45,25.46,205150
ArcelorMittal,2025-05-07,25.92,-0.16,-0.6,26.33,25.85,93190
ArcelorMittal,2025-05-08,25.99,0.07,0.26,26.18,25.63,103737
ArcelorMittal,2025-05-09,26.12,0.13,0.49,26.52,26.09,82673
ArcelorMittal,2025-05-12,27.36,1.24,4.76,27.82,26.9,367870
ArcelorMittal,2025-05-13,27.59,0.23,0.82,27.63,27.29,100629
ArcelorMittal,2025-05-14,27.44,-0.15,-0.53,27.8,27.12,171937
ArcelorMittal,2025-05-15,27.41,-0.02,-0.09,27.42,26.78,161246
ArcelorMittal,2025-05-16,27.06,-0.36,-1.3,27.38,26.88,152953
ArcelorMittal,2025-05-19,27.25,0.19,0.69,27.29,26.79,107899
ArcelorMittal,2025-05-20,27.34,0.1,0.36,27.5,26.96,147695
ArcelorMittal,2025-05-21,27.41,0.07,0.25,27.44,27.05,78050
ArcelorMittal,2025-05-22,26.39,-1.03,-3.75,27.22,26.32,257858
ArcelorMittal,2025-05-23,26.17,-0.22,-0.82,26.7,25.45,255138
ArcelorMittal,2025-05-26,27.26,1.09,4.16,27.32,26.84,205246
ArcelorMittal,2025-05-27,27.21,-0.05,-0.18,27.24,26.89,139599
ArcelorMittal,2025-05-28,26.88,-0.33,-1.2,27.32,26.81,162657
ArcelorMittal,2025-05-29,26.58,-0.3,-1.1,27.32,26.46,175058
ArcelorMittal,2025-05-30,26.43,-0.15,-0.56,26.73,26.33,100940
ArcelorMittal,2025-06-02,26.38,-0.06,-0.22,26.43,25.77,182977
ArcelorMittal,2025-06-03,26.14,-0.24,-0.9,26.21,25.5,218887
ArcelorMittal,2025-06-04,26.44,0.31,1.17,26.69,26.22,171300
ArcelorMittal,2025-06-05,26.54,0.1,0.37,26.69,26.29,100976
ArcelorMittal,2025-06-06,26.34,-0.21,-0.78,26.58,26.24,84253
ArcelorMittal,2025-06-09,26.27,-0.07,-0.26,26.52,26.11,86171
ArcelorMittal,2025-06-10,26.37,0.1,0.38,26.39,26.2,73972
ArcelorMittal,2025-06-11,26.61,0.25,0.94,27.13,26.6,218546
ArcelorMittal,2025-06-12,26.18,-0.44,-1.64,26.32,25.83,159173
ArcelorMittal,2025-06-13,25.79,-0.39,-1.47,25.94,25.52,186247
ArcelorMittal,2025-06-16,26.52,0.73,2.84,26.63,26.12,186709
ArcelorMittal,2025-06-17,26.3,-0.23,-0.86,26.44,25.98,86885
ArcelorMittal,2025-06-18,26.59,0.3,1.13,26.68,26.05,111834
ArcelorMittal,2025-06-19,25.57,-1.02,-3.83,26.37,25.55,182280
ArcelorMittal,2025-06-20,25.86,0.29,1.12,26.24,25.73,181232
ArcelorMittal,2025-06-23,25.89,0.03,0.11,25.96,25.58,85377
ArcelorMittal,2025-06-24,26.36,0.46,1.8,26.89,26.3,154368
ArcelorMittal,2025-06-25,26.3,-0.06,-0.23,26.69,26.26,86066
ArcelorMittal,2025-06-26,26.71,0.42,1.58,26.73,26.35,85079
ArcelorMittal,2025-06-27,26.64,-0.07,-0.26,27.01,26.43,141882
ArcelorMittal,2025-06-30,26.58,-0.06,-0.22,26.71,26.38,94709
ArcelorMittal,2025-07-01,26.05,-0.53,-2.01,26.66,25.67,188900
ArcelorMittal,2025-07-02,27.58,1.53,5.89,27.64,26.36,571774
ArcelorMittal,2025-07-03,27.52,-0.06,-0.22,28.02,27.32,144854
ArcelorMittal,2025-07-04,26.97,-0.55,-2.01,27.27,26.87,127794
ArcelorMittal,2025-07-07,27.41,0.45,1.65,27.46,26.78,109668
ArcelorMittal,2025-07-08,27.78,0.37,1.34,27.78,27.11,119730
ArcelorMittal,2025-07-09,28.26,0.48,1.75,28.44,27.71,238258
ArcelorMittal,2025-07-10,29.27,1.01,3.57,29.27,28.49,267731
ArcelorMittal,2025-07-11,29.09,-0.19,-0.64,29.21,28.91,65235
ArcelorMittal,2025-07-14,28.75,-0.34,-1.16,29.07,28.73,71296
ArcelorMittal,2025-07-15,28.5,-0.25,-0.86,29.03,28.5,96902
ArcelorMittal,2025-07-16,27.71,-0.79,-2.78,28.19,27.58,151244
ArcelorMittal,2025-07-17,27.93,0.22,0.79,28.03,27.7,55039
ArcelorMittal,2025-07-18,27.67,-0.26,-0.92,27.91,27.55,100513
ArcelorMittal,2025-07-21,28.88,1.21,4.36,28.96,27.93,173032
ArcelorMittal,2025-07-22,28.72,-0.16,-0.55,28.97,28.41,109861
ArcelorMittal,2025-07-23,28.81,0.09,0.31,29.12,28.57,112065
ArcelorMittal,2025-07-24,28.58,-0.23,-0.79,29.37,28.48,132400
ArcelorMittal,2025-07-25,28.3,-0.28,-0.97,28.41,28.0,99390
ArcelorMittal,2025-07-28,28.39,0.09,0.31,28.61,28.1,97126
ArcelorMittal,2025-07-29,28.04,-0.36,-1.25,28.45,28.04,101588
ArcelorMittal,2025-07-30,27.95,-0.09,-0.32,28.25,27.95,60984
ArcelorMittal,2025-07-31,27.21,-0.74,-2.65,27.67,26.21,587065
ArcelorMittal,2025-08-01,26.47,-0.73,-2.69,27.2,26.3,130283
ArcelorMittal,2025-08-04,26.21,-0.27,-1.01,26.81,26.12,158078
ArcelorMittal,2025-08-05,26.36,0.15,0.57,26.66,26.07,110719
ArcelorMittal,2025-08-06,26.49,0.14,0.53,26.82,26.45,83228
ArcelorMittal,2025-08-07,27.66,1.17,4.41,28.44,26.95,478838
ArcelorMittal,2025-08-08,28.5,0.84,3.04,28.59,27.64,176999
ArcelorMittal,2025-08-11,28.12,-0.39,-1.35,28.84,28.0,142083
ArcelorMittal,2025-08-12,28.34,0.23,0.81,28.48,28.1,91634
ArcelorMittal,2025-08-13,28.33,-0.01,-0.03,28.36,28.08,94751
ArcelorMittal,2025-08-14,28.65,0.32,1.12,29.01,28.43,199101
ArcelorMittal,2025-08-15,28.78,0.13,0.45,29.1,28.67,138694
ArcelorMittal,2025-08-18,28.81,0.03,0.1,28.82,28.25,87465
ArcelorMittal,2025-08-19,29.57,0.76,2.64,30.01,29.15,308899
ArcelorMittal,2025-08-20,28.94,-0.63,-2.14,29.38,28.84,108417
ArcelorMittal,2025-08-21,28.2,-0.74,-2.56,29.03,28.02,179071
ArcelorMittal,2025-08-22,28.85,0.65,2.32,28.89,28.22,127189
ArcelorMittal,2025-08-25,28.91,0.06,0.21,29.13,28.66,77273
ArcelorMittal,2025-08-26,28.58,-0.33,-1.13,28.74,28.35,90354
ArcelorMittal,2025-08-27,28.06,-0.52,-1.83,28.58,28.01,108485
ArcelorMittal,2025-08-28,28.26,0.21,0.74,28.67,28.12,140618
ArcelorMittal,2025-08-29,28.16,-0.11,-0.39,28.4,27.99,86382
ArcelorMittal,2025-09-01,28.21,0.05,0.18,28.43,28.11,55625
ArcelorMittal,2025-09-02,27.25,-0.96,-3.4,28.39,27.15,249354
ArcelorMittal,2025-09-03,27.6,0.36,1.31,28.1,27.37,140479
ArcelorMittal,2025-09-04,28.03,0.43,1.54,28.08,27.45,126918
ArcelorMittal,2025-09-05,28.53,0.5,1.8,29.27,28.04,326103
ArcelorMittal,2025-09-08,28.78,0.25,0.87,29.03,28.64,111392
ArcelorMittal,2025-09-09,28.61,-0.17,-0.58,29.11,28.61,137619
ArcelorMittal,2025-09-10,29.2,0.59,2.07,29.52,28.31,248464
ArcelorMittal,2025-09-11,29.33,0.13,0.44,29.45,29.02,97424
ArcelorMittal,2025-09-12,29.26,-0.07,-0.24,30.03,29.08,197203
ArcelorMittal,2025-09-15,29.25,-0.01,-0.03,29.44,29.04,116004
ArcelorMittal,2025-09-16,29.12,-0.14,-0.47,29.55,28.96,171504
ArcelorMittal,2025-09-17,28.82,-0.3,-1.02,29.01,28.54,117404
ArcelorMittal,2025-09-18,29.3,0.48,1.68,29.72,28.66,245045
ArcelorMittal,2025-09-19,29.7,0.4,1.35,30.3,29.48,335589
ArcelorMittal,2025-09-22,29.77,0.07,0.23,29.94,29.54,89389
ArcelorMittal,2025-09-23,30.28,0.51,1.73,30.45,29.92,184096
ArcelorMittal,2025-09-24,30.21,-0.07,-0.23,30.46,29.83,110899
ArcelorMittal,2025-09-25,30.31,0.1,0.33,30.39,29.94,94011
ArcelorMittal,2025-09-26,31.09,0.78,2.58,31.81,30.67,369195
ArcelorMittal,2025-09-29,30.99,-0.11,-0.35,31.37,30.87,100230
ArcelorMittal,2025-09-30,30.25,-0.73,-2.36,30.67,30.1,169395
ArcelorMittal,2025-10-01,31.87,1.61,5.33,32.21,29.88,549598
ArcelorMittal,2025-10-02,32.02,0.16,0.5,32.85,31.46,310821
ArcelorMittal,2025-10-03,32.69,0.66,2.07,32.69,32.2,247621
ArcelorMittal,2025-10-06,33.17,0.48,1.48,33.5,32.43,152262
ArcelorMittal,2025-10-07,32.79,-0.39,-1.16,33.27,32.2,249189
ArcelorMittal,2025-10-08,34.92,2.14,6.52,34.92,33.34,451506
ArcelorMittal,2025-10-09,33.96,-0.96,-2.75,35.13,33.92,233810
ArcelorMittal,2025-10-10,32.01,-1.95,-5.74,33.4,31.96,400825
ArcelorMittal,2025-10-13,32.96,0.95,2.97,33.12,32.1,197022
ArcelorMittal,2025-10-14,32.46,-0.5,-1.53,32.59,32.08,137631
ArcelorMittal,2025-10-15,32.64,0.18,0.55,32.99,32.44,177523
ArcelorMittal,2025-10-16,32.68,0.04,0.12,32.68,32.25,106038
ArcelorMittal,2025-10-17,32.48,-0.2,-0.61,32.75,31.75,152168
ArcelorMittal,2025-10-20,32.98,0.5,1.55,33.13,32.48,103424
ArcelorMittal,2025-10-21,32.5,-0.48,-1.47,32.87,32.17,167877
ArcelorMittal,2025-10-22,33.14,0.64,1.98,33.38,32.58,193777
ArcelorMittal,2025-10-23,32.99,-0.15,-0.45,33.39,32.94,84505
ArcelorMittal,2025-10-24,33.4,0.41,1.23,33.48,32.74,220107
ArcelorMittal,2025-10-27,33.62,0.22,0.65,33.8,33.48,144397
ArcelorMittal,2025-10-28,33.76,0.14,0.41,33.81,33.26,65926
ArcelorMittal,2025-10-29,33.25,-0.5,-1.49,33.81,33.19,124196
ArcelorMittal,2025-10-30,33.07,-0.18,-0.54,33.29,32.93,86672
ArcelorMittal,2025-10-31,32.82,-0.26,-0.78,33.14,32.74,123091
ArcelorMittal,2025-11-03,32.69,-0.13,-0.39,32.91,32.53,103988
ArcelorMittal,2025-11-04,32.03,-0.65,-2.0,32.18,31.53,184964
ArcelorMittal,2025-11-05,32.15,0.12,0.37,32.15,31.56,101604
ArcelorMittal,2025-11-06,32.93,0.78,2.43,34.19,32.83,573117
ArcelorMittal,2025-11-07,33.38,0.45,1.35,33.99,33.05,241911
ArcelorMittal,2025-11-10,33.75,0.37,1.1,34.14,33.47,118888
ArcelorMittal,2025-11-11,34.05,0.31,0.91,34.2,33.49,177773
ArcelorMittal,2025-11-12,34.85,0.79,2.33,34.94,34.29,193177
ArcelorMittal,2025-11-13,34.58,-0.27,-0.77,35.06,34.57,144602
ArcelorMittal,2025-11-14,34.23,-0.35,-1.01,34.39,33.69,125045
ArcelorMittal,2025-11-17,34.15,-0.08,-0.23,34.27,33.61,147510
ArcelorMittal,2025-11-18,33.81,-0.34,-0.99,34.0,33.12,102907
ArcelorMittal,2025-11-19,34.77,0.96,2.83,35.05,33.68,226293
ArcelorMittal,2025-11-20,34.89,0.12,0.34,35.27,34.71,131351
ArcelorMittal,2025-11-21,33.94,-0.95,-2.72,34.31,33.55,206231
ArcelorMittal,2025-11-24,35.05,1.12,3.29,35.69,34.51,283226
ArcelorMittal,2025-11-25,36.32,1.27,3.61,36.4,34.94,292780
ArcelorMittal,2025-11-26,36.98,0.66,1.81,37.0,36.21,157668
ArcelorMittal,2025-11-27,36.54,-0.44,-1.19,36.93,36.5,119256
ArcelorMittal,2025-11-28,37.1,0.56,1.53,37.12,36.5,117691
ArcelorMittal,2025-12-01,37.33,0.23,0.62,37.65,37.05,145248
ArcelorMittal,2025-12-02,37.23,-0.1,-0.27,37.63,37.23,87341
ArcelorMittal,2025-12-03,36.53,-0.7,-1.88,37.59,36.36,287498
ArcelorMittal,2025-12-04,36.63,0.1,0.27,36.79,36.03,125648
ArcelorMittal,2025-12-05,36.5,-0.13,-0.35,37.05,36.48,86840
ArcelorMittal,2025-12-08,36.76,0.26,0.71,36.76,36.19,53873
ArcelorMittal,2025-12-09,37.33,0.57,1.55,37.47,36.9,156710
ArcelorMittal,2025-12-10,37.93,0.6,1.6,38.04,36.92,202673
ArcelorMittal,2025-12-11,38.32,0.39,1.03,38.69,37.83,139432
ArcelorMittal,2025-12-12,38.58,0.27,0.7,39.65,38.48,196970
ArcelorMittal,2025-12-15,39.13,0.55,1.42,39.26,38.69,187583
ArcelorMittal,2025-12-16,38.65,-0.48,-1.22,39.42,38.55,76507
ArcelorMittal,2025-12-17,38.15,-0.51,-1.32,39.18,38.15,154200
ArcelorMittal,2025-12-18,38.56,0.41,1.07,38.63,37.96,67889
ArcelorMittal,2025-12-19,38.0,-0.56,-1.45,38.45,37.89,416743
ArcelorMittal,2025-12-22,38.25,0.25,0.66,38.43,37.57,119732
ArcelorMittal,2025-12-23,38.14,-0.11,-0.29,38.15,37.79,87932
ArcelorMittal,2025-12-24,38.2,0.06,0.16,38.35,38.13,32137
ArcelorMittal,2025-12-29,38.64,0.45,1.17,38.91,38.33,222791
ArcelorMittal,2025-12-30,38.92,0.28,0.72,38.99,38.44,110438
ArcelorMittal,2025-12-31,38.96,0.04,0.1,38.96,38.54,62581
ArcelorMittal,2026-01-02,39.71,0.75,1.92,39.86,38.74,162231
ArcelorMittal,2026-01-05,39.37,-0.34,-0.85,40.69,39.37,190069
ArcelorMittal,2026-01-06,39.54,0.17,0.43,39.7,39.16,83158
ArcelorMittal,2026-01-07,41.39,1.84,4.67,41.4,40.07,279519
ArcelorMittal,2026-01-08,40.13,-1.26,-3.04,40.92,39.74,248737
ArcelorMittal,2026-01-09,40.29,0.16,0.4,40.52,39.99,116321
ArcelorMittal,2026-01-12,41.04,0.75,1.86,41.1,39.93,122415
ArcelorMittal,2026-01-13,41.18,0.14,0.34,41.43,40.31,169659
ArcelorMittal,2026-01-14,41.75,0.57,1.38,41.84,41.06,351837
ArcelorMittal,2026-01-15,42.0,0.25,0.6,42.36,41.36,208273
ArcelorMittal,2026-01-16,42.06,0.06,0.14,42.39,41.61,173243
ArcelorMittal,2026-01-19,41.92,-0.14,-0.33,42.06,41.32,79026
ArcelorMittal,2026-01-20,41.49,-0.43,-1.02,41.75,41.19,86735
ArcelorMittal,2026-01-21,43.44,1.95,4.71,43.5,41.94,244765
ArcelorMittal,2026-01-22,46.19,2.75,6.34,46.33,43.81,302478
ArcelorMittal,2026-01-23,45.88,-0.32,-0.69,46.16,45.31,345066
ArcelorMittal,2026-01-26,45.46,-0.42,-0.91,46.5,45.25,169821
ArcelorMittal,2026-01-27,46.12,0.67,1.47,46.12,44.72,134210
ArcelorMittal,2026-01-28,46.66,0.54,1.17,46.72,45.97,147660
ArcelorMittal,2026-01-29,45.61,-1.06,-2.27,47.96,45.41,224454
ArcelorMittal,2026-01-30,45.85,0.24,0.52,46.13,44.99,145949
ArcelorMittal,2026-02-02,47.64,1.8,3.92,47.68,43.66,220618
ArcelorMittal,2026-02-03,48.57,0.93,1.95,48.68,47.82,200190
ArcelorMittal,2026-02-04,47.43,-1.14,-2.34,48.65,47.08,198859
ArcelorMittal,2026-02-05,48.85,1.42,2.99,49.21,46.72,340407
ArcelorMittal,2026-02-06,51.06,2.21,4.53,51.46,48.78,295490
ArcelorMittal,2026-02-09,51.54,0.48,0.94,51.86,50.32,155800
ArcelorMittal,2026-02-10,52.6,1.06,2.05,53.14,51.36,319270
ArcelorMittal,2026-02-11,55.11,2.51,4.78,56.37,53.02,362822
ArcelorMittal,2026-02-12,52.46,-2.65,-4.81,56.48,52.44,345070
ArcelorMittal,2026-02-13,52.1,-0.36,-0.69,52.3,50.0,419303
ArcelorMittal,2026-02-16,53.26,1.16,2.23,53.32,51.1,129247
ArcelorMittal,2026-02-17,53.64,0.38,0.71,53.64,51.86,147539
ArcelorMittal,2026-02-18,55.88,2.24,4.18,55.88,53.96,167499
ArcelorMittal,2026-02-19,54.44,-1.44,-2.58,55.36,54.16,125657
ArcelorMittal,2026-02-20,54.8,0.36,0.66,55.8,54.24,174315
ArcelorMittal,2026-02-23,56.44,1.64,2.99,56.66,54.3,182090
ArcelorMittal,2026-02-24,55.92,-0.52,-0.92,56.54,55.62,141727
ArcelorMittal,2026-02-25,56.9,0.98,1.75,57.4,55.22,152437
ArcelorMittal,2026-02-26,55.68,-1.22,-2.14,57.04,55.14,214307
ArcelorMittal,2026-02-27,55.44,-0.24,-0.43,56.64,54.76,169904
ArcelorMittal,2026-03-02,54.76,-0.68,-1.23,55.74,53.54,279882
ArcelorMittal,2026-03-03,50.38,-4.38,-8.0,53.28,49.54,539730
ArcelorMittal,2026-03-04,52.88,2.5,4.96,53.24,49.68,310770
ArcelorMittal,2026-03-05,49.41,-3.47,-6.56,53.8,49.41,355731
ArcelorMittal,2026-03-06,47.9,-1.51,-3.06,50.14,47.7,403144
ArcelorMittal,2026-03-09,46.03,-1.87,-3.9,46.13,43.68,493273
ArcelorMittal,2026-03-10,49.44,3.41,7.41,49.44,48.18,400776
ArcelorMittal,2026-03-11,48.74,-0.7,-1.42,49.7,48.43,195205
ArcelorMittal,2026-03-12,46.74,-2.0,-4.1,48.4,45.27,305284
ArcelorMittal,2026-03-13,44.74,-2.0,-4.28,46.4,44.56,384338
ArcelorMittal,2026-03-16,44.9,0.16,0.36,45.57,44.01,173759
BBVA,2025-03-17,12.54,0.0,0.0,12.64,12.34,6527721
BBVA,2025-03-18,12.83,0.29,2.34,12.84,12.53,8221614
BBVA,2025-03-19,12.7,-0.13,-1.03,12.72,12.44,12903052
BBVA,2025-03-20,12.35,-0.34,-2.71,12.76,12.25,8861752
BBVA,2025-03-21,12.35,-0.0,-0.04,12.44,12.14,25543701
BBVA,2025-03-24,12.41,0.06,0.46,12.6,12.34,6656600
BBVA,2025-03-25,12.69,0.29,2.32,12.7,12.4,7817709
BBVA,2025-03-26,12.59,-0.11,-0.86,12.79,12.51,5926461
BBVA,2025-03-27,12.42,-0.17,-1.31,12.52,12.18,6618280
BBVA,2025-03-28,12.02,-0.4,-3.23,12.32,12.0,11140790
BBVA,2025-03-31,11.85,-0.17,-1.41,11.94,11.65,10940977
BBVA,2025-04-01,12.05,0.2,1.67,12.14,11.87,30264451
BBVA,2025-04-02,12.02,-0.02,-0.2,12.06,11.87,23128103
BBVA,2025-04-03,11.84,-0.18,-1.53,12.09,11.6,20692222
BBVA,2025-04-04,10.73,-1.11,-9.37,11.64,10.42,28042404
BBVA,2025-04-07,10.21,-0.52,-4.84,10.73,9.55,35122274
BBVA,2025-04-08,10.62,0.41,4.04,10.84,10.16,19268307
BBVA,2025-04-09,10.5,-0.12,-1.11,10.63,10.2,14647290
BBVA,2025-04-10,11.17,0.67,6.36,12.3,11.17,21544167
BBVA,2025-04-11,11.07,-0.1,-0.88,11.35,10.82,8502679
BBVA,2025-04-14,11.44,0.37,3.32,11.47,11.25,7665221
BBVA,2025-04-15,11.69,0.25,2.19,11.72,11.39,42014284
BBVA,2025-04-16,11.73,0.04,0.34,11.73,11.4,26189321
BBVA,2025-04-17,11.65,-0.08,-0.71,11.81,11.52,20710857
BBVA,2025-04-22,11.7,0.05,0.42,11.74,11.51,10724321
BBVA,2025-04-23,12.13,0.43,3.69,12.18,11.84,9788029
BBVA,2025-04-24,12.03,-0.1,-0.85,12.11,11.93,6481345
BBVA,2025-04-25,12.23,0.2,1.67,12.27,12.07,8267865
BBVA,2025-04-28,12.37,0.14,1.12,12.47,12.27,8163853
BBVA,2025-04-29,12.11,-0.25,-2.02,12.56,11.95,11767027
BBVA,2025-04-30,11.84,-0.27,-2.27,12.25,11.56,13610460
BBVA,2025-05-02,12.0,0.16,1.33,12.11,11.82,10220777
BBVA,2025-05-05,12.21,0.22,1.8,12.21,11.97,6483657
BBVA,2025-05-06,12.29,0.07,0.6,12.3,11.95,8735868
BBVA,2025-05-07,12.32,0.03,0.28,12.34,12.16,11914846
BBVA,2025-05-08,12.57,0.25,2.03,12.57,12.34,8580926
BBVA,2025-05-09,12.58,0.01,0.08,12.63,12.46,6986627
BBVA,2025-05-12,12.81,0.23,1.79,12.85,12.65,10561033
BBVA,2025-05-13,12.99,0.18,1.42,13.0,12.71,8576514
BBVA,2025-05-14,13.16,0.17,1.32,13.16,12.91,9757758
BBVA,2025-05-15,13.1,-0.06,-0.45,13.13,13.04,6093306
BBVA,2025-05-16,13.16,0.05,0.41,13.18,13.06,7863270
BBVA,2025-05-19,13.22,0.06,0.49,13.3,13.11,5877843
BBVA,2025-05-20,13.52,0.3,2.27,13.55,13.25,7496109
BBVA,2025-05-21,13.45,-0.07,-0.54,13.65,13.4,7241038
BBVA,2025-05-22,13.43,-0.01,-0.11,13.48,13.12,6376905
BBVA,2025-05-23,13.02,-0.41,-3.03,13.53,12.68,11946652
BBVA,2025-05-26,13.19,0.17,1.28,13.36,13.17,5195548
BBVA,2025-05-27,13.3,0.11,0.82,13.34,13.12,6771021
BBVA,2025-05-28,13.0,-0.3,-2.25,13.39,13.0,11557633
BBVA,2025-05-29,13.01,0.01,0.08,13.22,12.97,4686413
BBVA,2025-05-30,12.97,-0.04,-0.3,13.13,12.96,13846056
BBVA,2025-06-02,12.98,0.01,0.08,13.09,12.85,4687477
BBVA,2025-06-03,12.92,-0.05,-0.42,13.03,12.66,8543717
BBVA,2025-06-04,12.88,-0.04,-0.34,13.03,12.74,6511662
BBVA,2025-06-05,12.96,0.08,0.61,12.96,12.72,12009372
BBVA,2025-06-06,13.0,0.04,0.3,13.11,12.92,4692368
BBVA,2025-06-09,13.01,0.01,0.08,13.07,12.92,7023943
BBVA,2025-06-10,12.94,-0.06,-0.49,13.02,12.9,11512584
BBVA,2025-06-11,13.01,0.07,0.53,13.07,12.86,8942289
BBVA,2025-06-12,12.97,-0.04,-0.3,13.02,12.76,5683142
BBVA,2025-06-13,12.72,-0.26,-1.97,12.81,12.62,7831457
BBVA,2025-06-16,12.97,0.25,1.97,13.05,12.76,10256492
BBVA,2025-06-17,12.81,-0.16,-1.21,12.93,12.64,12115815
BBVA,2025-06-18,12.84,0.02,0.19,12.88,12.66,5026307
BBVA,2025-06-19,12.61,-0.23,-1.8,12.83,12.61,5873425
BBVA,2025-06-20,12.67,0.07,0.55,12.85,12.6,21003660
BBVA,2025-06-23,12.56,-0.12,-0.93,12.68,12.41,12649918
BBVA,2025-06-24,12.88,0.32,2.54,13.0,12.75,7815582
BBVA,2025-06-25,12.48,-0.4,-3.09,12.93,12.45,8504003
BBVA,2025-06-26,12.53,0.05,0.39,12.65,12.49,5276627
BBVA,2025-06-27,12.77,0.25,1.96,12.77,12.51,5773433
BBVA,2025-06-30,12.82,0.04,0.35,12.86,12.47,7148842
BBVA,2025-07-01,12.62,-0.2,-1.57,12.82,12.55,5766344
BBVA,2025-07-02,12.8,0.18,1.44,12.88,12.65,5928769
BBVA,2025-07-03,13.01,0.22,1.69,13.04,12.79,12852605
BBVA,2025-07-04,12.68,-0.33,-2.57,13.01,12.62,6011659
BBVA,2025-07-07,12.91,0.23,1.82,12.91,12.63,6232876
BBVA,2025-07-08,13.12,0.21,1.63,13.23,12.99,9131982
BBVA,2025-07-09,13.35,0.23,1.76,13.42,13.18,10187531
BBVA,2025-07-10,13.11,-0.25,-1.84,13.37,13.11,6846086
BBVA,2025-07-11,12.7,-0.41,-3.11,13.04,12.68,6944580
BBVA,2025-07-14,12.76,0.06,0.5,12.79,12.55,4394752
BBVA,2025-07-15,12.51,-0.25,-1.96,12.82,12.48,5777181
BBVA,2025-07-16,12.46,-0.05,-0.39,12.61,12.42,6163379
BBVA,2025-07-17,12.54,0.07,0.59,12.65,12.46,6019281
BBVA,2025-07-18,12.53,-0.01,-0.08,12.63,12.49,5871873
BBVA,2025-07-21,12.43,-0.09,-0.74,12.51,12.32,5865158
BBVA,2025-07-22,12.39,-0.04,-0.32,12.51,12.29,4822843
BBVA,2025-07-23,12.62,0.22,1.78,12.68,12.47,10886232
BBVA,2025-07-24,12.76,0.14,1.13,12.85,12.69,10053166
BBVA,2025-07-25,12.79,0.03,0.27,12.83,12.66,5722689
BBVA,2025-07-28,12.94,0.15,1.15,13.13,12.87,8131572
BBVA,2025-07-29,13.25,0.31,2.43,13.25,12.96,8284115
BBVA,2025-07-30,13.31,0.06,0.44,13.32,13.05,8726758
BBVA,2025-07-31,14.37,1.06,7.96,14.52,13.71,21012989
BBVA,2025-08-01,14.09,-0.28,-1.95,14.38,13.95,11828096
BBVA,2025-08-04,14.53,0.44,3.1,14.56,14.07,6757222
BBVA,2025-08-05,14.66,0.13,0.88,14.69,14.32,6654517
BBVA,2025-08-06,14.96,0.3,2.08,14.99,14.62,8699520
BBVA,2025-08-07,15.21,0.25,1.67,15.32,15.09,9042508
BBVA,2025-08-08,15.65,0.44,2.87,15.72,15.2,9627105
BBVA,2025-08-11,15.77,0.12,0.75,15.78,15.47,6090886
BBVA,2025-08-12,15.47,-0.29,-1.87,15.87,15.47,8771944
BBVA,2025-08-13,15.73,0.26,1.68,15.76,15.5,7061612
BBVA,2025-08-14,16.05,0.31,2.0,16.09,15.72,6705680
BBVA,2025-08-15,16.18,0.13,0.83,16.4,16.14,7121531
BBVA,2025-08-18,16.06,-0.12,-0.73,16.14,15.9,5220754
BBVA,2025-08-19,16.1,0.04,0.24,16.13,15.98,5807014
BBVA,2025-08-20,15.95,-0.15,-0.91,16.1,15.89,4264401
BBVA,2025-08-21,16.12,0.16,1.02,16.13,15.86,5505165
BBVA,2025-08-22,16.15,0.04,0.24,16.23,16.03,4535874
BBVA,2025-08-25,15.85,-0.3,-1.88,16.15,15.8,4974861
BBVA,2025-08-26,15.56,-0.29,-1.86,15.75,15.55,9769102
BBVA,2025-08-27,15.25,-0.31,-1.99,15.55,15.2,7240646
BBVA,2025-08-28,15.27,0.02,0.16,15.33,15.13,6177207
BBVA,2025-08-29,15.21,-0.06,-0.42,15.3,15.09,5457865
BBVA,2025-09-01,15.32,0.11,0.71,15.32,15.19,2459135
BBVA,2025-09-02,15.16,-0.16,-1.03,15.39,15.01,5342711
BBVA,2025-09-03,15.15,-0.01,-0.06,15.22,15.0,4518077
BBVA,2025-09-04,15.52,0.37,2.46,15.53,15.1,6616003
BBVA,2025-09-05,15.32,-0.2,-1.3,15.74,15.27,6704915
BBVA,2025-09-08,15.48,0.16,1.06,15.53,15.31,4465431
BBVA,2025-09-09,15.64,0.16,1.05,15.67,15.33,6910434
BBVA,2025-09-10,15.86,0.21,1.35,15.96,15.6,9667215
BBVA,2025-09-11,15.91,0.06,0.37,15.97,15.71,5717806
BBVA,2025-09-12,15.92,0.0,0.03,15.96,15.75,6610893
BBVA,2025-09-15,16.06,0.14,0.89,16.09,15.88,4631926
BBVA,2025-09-16,15.89,-0.17,-1.07,16.05,15.77,8185697
BBVA,2025-09-17,15.76,-0.13,-0.8,15.99,15.68,6219970
BBVA,2025-09-18,15.92,0.16,1.03,15.97,15.74,5602617
BBVA,2025-09-19,16.11,0.19,1.17,16.23,15.93,24379650
BBVA,2025-09-22,15.68,-0.43,-2.65,16.06,15.57,8132243
BBVA,2025-09-23,15.88,0.2,1.25,15.96,15.64,6237228
BBVA,2025-09-24,16.09,0.21,1.3,16.09,15.64,7615943
BBVA,2025-09-25,15.81,-0.27,-1.71,16.08,15.75,7227061
BBVA,2025-09-26,16.16,0.35,2.24,16.18,15.84,6731436
BBVA,2025-09-29,15.94,-0.22,-1.37,16.18,15.92,5897273
BBVA,2025-09-30,16.04,0.1,0.62,16.14,15.9,7128874
BBVA,2025-10-01,16.08,0.03,0.21,16.14,15.75,8292053
BBVA,2025-10-02,16.03,-0.04,-0.27,16.29,15.93,7206922
BBVA,2025-10-03,16.12,0.09,0.55,16.29,16.06,6174322
BBVA,2025-10-06,15.88,-0.24,-1.49,16.1,15.75,5369571
BBVA,2025-10-07,15.76,-0.12,-0.74,15.94,15.76,6168600
BBVA,2025-10-08,16.06,0.3,1.9,16.11,15.77,5980608
BBVA,2025-10-09,15.77,-0.29,-1.8,16.06,15.73,4988409
BBVA,2025-10-10,15.5,-0.27,-1.71,15.93,15.47,6871402
BBVA,2025-10-13,15.58,0.08,0.51,15.61,15.4,3584352
BBVA,2025-10-14,15.69,0.11,0.72,15.73,15.44,4759038
BBVA,2025-10-15,15.5,-0.2,-1.25,15.85,15.5,5516295
BBVA,2025-10-16,15.43,-0.07,-0.44,15.54,15.11,9712214
BBVA,2025-10-17,16.35,0.92,5.98,17.06,16.1,32814118
BBVA,2025-10-20,16.98,0.63,3.84,17.0,16.48,10945260
BBVA,2025-10-21,16.75,-0.23,-1.33,16.98,16.69,7222921
BBVA,2025-10-22,16.69,-0.06,-0.38,16.87,16.54,7052132
BBVA,2025-10-23,16.65,-0.04,-0.24,16.86,16.59,4720528
BBVA,2025-10-24,16.59,-0.06,-0.35,16.79,16.43,6644829
BBVA,2025-10-27,16.89,0.29,1.78,16.92,16.69,6597073
BBVA,2025-10-28,16.88,-0.01,-0.06,16.9,16.73,5314738
BBVA,2025-10-29,17.26,0.38,2.27,17.26,16.74,10750147
BBVA,2025-10-30,16.96,-0.29,-1.71,17.09,16.74,10839276
BBVA,2025-10-31,17.12,0.15,0.9,17.38,16.94,9588805
BBVA,2025-11-03,16.98,-0.13,-0.77,17.47,16.98,76926704
BBVA,2025-11-04,17.22,0.24,1.39,17.3,16.79,88295833
BBVA,2025-11-05,17.64,0.42,2.44,17.64,17.12,8467637
BBVA,2025-11-06,17.93,0.3,1.67,18.05,17.57,10103616
BBVA,2025-11-07,17.47,-0.47,-2.59,18.0,17.46,11925197
BBVA,2025-11-10,18.2,0.74,4.21,18.21,17.72,9860029
BBVA,2025-11-11,18.55,0.34,1.87,18.57,18.23,8219773
BBVA,2025-11-12,18.91,0.36,1.94,18.91,18.56,10478547
BBVA,2025-11-13,18.88,-0.03,-0.13,19.08,18.87,9068267
BBVA,2025-11-14,18.39,-0.49,-2.62,18.69,18.23,11024155
BBVA,2025-11-17,18.11,-0.27,-1.5,18.46,18.02,36597994
BBVA,2025-11-18,17.6,-0.51,-2.82,17.9,17.49,9114406
BBVA,2025-11-19,17.76,0.16,0.91,17.89,17.49,10141226
BBVA,2025-11-20,17.96,0.2,1.13,18.15,17.85,7756519
BBVA,2025-11-21,17.7,-0.25,-1.42,17.81,17.47,10120862
BBVA,2025-11-24,17.98,0.27,1.55,18.08,17.77,12764734
BBVA,2025-11-25,18.28,0.31,1.7,18.41,17.9,5289342
BBVA,2025-11-26,18.6,0.32,1.72,18.6,18.31,6531226
BBVA,2025-11-27,18.52,-0.08,-0.4,18.64,18.48,3479907
BBVA,2025-11-28,18.57,0.04,0.22,18.67,18.48,4307398
BBVA,2025-12-01,18.76,0.19,1.05,18.76,18.45,9900988
BBVA,2025-12-02,18.82,0.06,0.29,18.98,18.75,15935075
BBVA,2025-12-03,18.68,-0.13,-0.69,19.08,18.68,12917189
BBVA,2025-12-04,19.09,0.41,2.19,19.09,18.65,12870419
BBVA,2025-12-05,18.88,-0.22,-1.15,19.25,18.85,9318679
BBVA,2025-12-08,18.96,0.08,0.45,18.96,18.73,8073758
BBVA,2025-12-09,18.93,-0.02,-0.13,19.07,18.79,9694006
BBVA,2025-12-10,18.98,0.05,0.24,19.12,18.83,11474702
BBVA,2025-12-11,19.42,0.44,2.34,19.57,18.9,11019568
BBVA,2025-12-12,19.2,-0.22,-1.13,19.56,19.14,10981370
BBVA,2025-12-15,19.56,0.35,1.85,19.56,19.39,9780250
BBVA,2025-12-16,19.31,-0.25,-1.3,19.72,19.31,10602818
BBVA,2025-12-17,19.19,-0.11,-0.6,19.44,19.11,10648447
BBVA,2025-12-18,19.57,0.38,1.95,19.57,19.14,11774973
BBVA,2025-12-19,19.77,0.21,1.07,19.93,19.48,35724486
BBVA,2025-12-22,19.78,0.01,0.03,20.03,19.73,6156999
BBVA,2025-12-23,19.77,-0.01,-0.05,19.88,19.49,7068285
BBVA,2025-12-24,19.75,-0.02,-0.1,19.84,19.63,2191002
BBVA,2025-12-29,19.79,0.04,0.2,19.89,19.69,8263136
BBVA,2025-12-30,20.08,0.29,1.47,20.12,19.67,6130969
BBVA,2025-12-31,20.05,-0.03,-0.15,20.13,19.85,3738507
BBVA,2026-01-02,20.38,0.33,1.65,20.43,19.89,6854244
BBVA,2026-01-05,20.62,0.24,1.18,20.78,20.29,9145063
BBVA,2026-01-06,20.35,-0.27,-1.31,20.82,20.2,9205793
BBVA,2026-01-07,19.87,-0.48,-2.36,20.15,19.83,10274248
BBVA,2026-01-08,20.07,0.2,1.01,20.07,19.61,7258691
BBVA,2026-01-09,20.45,0.38,1.89,20.45,20.08,11614647
BBVA,2026-01-12,20.71,0.26,1.27,20.71,20.1,7898863
BBVA,2026-01-13,21.01,0.3,1.45,21.07,20.73,8435231
BBVA,2026-01-14,21.01,0.0,0.0,21.3,21.01,8340717
BBVA,2026-01-15,20.91,-0.1,-0.48,21.16,20.85,7545267
BBVA,2026-01-16,20.95,0.04,0.19,20.95,20.71,8570425
BBVA,2026-01-19,20.93,-0.02,-0.1,21.01,20.56,6832437
BBVA,2026-01-20,20.78,-0.15,-0.72,20.94,20.46,8924215
BBVA,2026-01-21,20.86,0.08,0.38,20.92,20.4,6241705
BBVA,2026-01-22,21.32,0.46,2.21,21.36,20.93,8587270
BBVA,2026-01-23,21.08,-0.24,-1.13,21.31,20.99,6334919
BBVA,2026-01-26,21.33,0.25,1.19,21.39,21.08,4831807
BBVA,2026-01-27,21.63,0.3,1.41,21.74,21.37,6835631
BBVA,2026-01-28,21.02,-0.61,-2.82,21.62,21.02,10861943
BBVA,2026-01-29,21.03,0.01,0.05,21.57,20.9,9475838
BBVA,2026-01-30,21.45,0.42,2.0,21.61,21.17,8076734
BBVA,2026-02-02,21.91,0.46,2.14,21.98,21.2,7407128
BBVA,2026-02-03,22.03,0.12,0.55,22.33,21.9,7583915
BBVA,2026-02-04,21.91,-0.12,-0.54,22.24,21.79,8639227
BBVA,2026-02-05,19.98,-1.93,-8.81,21.2,19.98,25840843
BBVA,2026-02-06,20.19,0.21,1.05,20.68,19.82,15652001
BBVA,2026-02-09,20.63,0.44,2.18,20.65,20.34,9004231
BBVA,2026-02-10,20.6,-0.03,-0.15,20.89,20.44,9930093
BBVA,2026-02-11,20.2,-0.4,-1.94,20.8,20.03,17521820
BBVA,2026-02-12,19.8,-0.41,-2.0,20.52,19.76,11151338
BBVA,2026-02-13,19.11,-0.68,-3.44,20.0,19.0,17039199
BBVA,2026-02-16,19.51,0.4,2.07,19.55,19.28,6313811
BBVA,2026-02-17,19.54,0.03,0.15,19.65,19.34,7035020
BBVA,2026-02-18,20.0,0.46,2.35,20.0,19.58,11075932
BBVA,2026-02-19,19.81,-0.19,-0.95,20.03,19.58,8754922
BBVA,2026-02-20,19.85,0.05,0.23,19.92,19.58,11649911
BBVA,2026-02-23,20.06,0.2,1.03,20.36,19.93,8609022
BBVA,2026-02-24,19.78,-0.28,-1.4,20.01,19.56,11328109
BBVA,2026-02-25,20.16,0.38,1.92,20.16,19.94,9756866
BBVA,2026-02-26,20.1,-0.06,-0.3,20.12,19.89,6609953
BBVA,2026-02-27,19.75,-0.35,-1.74,20.21,19.58,15688809
BBVA,2026-03-02,18.99,-0.76,-3.87,19.28,18.78,16093537
BBVA,2026-03-03,18.07,-0.92,-4.85,18.7,17.77,25601772
BBVA,2026-03-04,18.83,0.77,4.26,18.93,17.76,17672409
BBVA,2026-03-05,18.55,-0.28,-1.51,19.38,18.49,16275588
BBVA,2026-03-06,18.37,-0.18,-0.97,18.81,18.02,14525125
BBVA,2026-03-09,18.22,-0.15,-0.82,18.31,17.58,11970488
BBVA,2026-03-10,19.09,0.87,4.77,19.16,18.58,13293540
BBVA,2026-03-11,18.85,-0.24,-1.26,19.05,18.67,9524295
BBVA,2026-03-12,18.18,-0.67,-3.53,18.76,17.83,15175737
BBVA,2026-03-13,18.01,-0.17,-0.96,18.38,17.75,10695971
BBVA,2026-03-16,18.1,0.09,0.5,18.26,17.72,7711642
Bankinter,2025-03-17,9.81,0.0,0.0,9.88,9.76,2070829
Bankinter,2025-03-18,10.24,0.43,4.42,10.24,9.83,2755030
Bankinter,2025-03-19,10.32,0.08,0.74,10.34,10.12,2789812
Bankinter,2025-03-20,10.02,-0.3,-2.91,10.29,9.88,4957968
Bankinter,2025-03-21,9.94,-0.07,-0.71,10.03,9.78,17044446
Bankinter,2025-03-24,9.87,-0.07,-0.72,10.04,9.85,1541783
Bankinter,2025-03-25,10.09,0.21,2.17,10.11,9.84,2199327
Bankinter,2025-03-26,10.08,-0.0,-0.05,10.12,9.97,4061760
Bankinter,2025-03-27,10.05,-0.03,-0.28,10.12,9.88,1739351
Bankinter,2025-03-28,9.89,-0.17,-1.66,10.01,9.8,2025645
Bankinter,2025-03-31,9.77,-0.12,-1.21,9.86,9.56,2374682
Bankinter,2025-04-01,9.87,0.1,1.02,9.91,9.76,1795584
Bankinter,2025-04-02,9.9,0.03,0.29,9.92,9.79,1095755
Bankinter,2025-04-03,9.43,-0.47,-4.71,9.68,9.38,3067641
Bankinter,2025-04-04,8.55,-0.88,-9.31,9.26,8.29,5866060
Bankinter,2025-04-07,8.19,-0.36,-4.27,8.49,7.43,7786747
Bankinter,2025-04-08,8.46,0.27,3.28,8.68,8.17,3436014
Bankinter,2025-04-09,8.33,-0.13,-1.48,8.4,8.06,2897562
Bankinter,2025-04-10,8.96,0.63,7.51,9.93,8.89,5519230
Bankinter,2025-04-11,9.07,0.12,1.31,9.12,8.88,3166556
Bankinter,2025-04-14,9.48,0.41,4.47,9.48,9.14,3533406
Bankinter,2025-04-15,9.7,0.22,2.37,9.77,9.44,2190310
Bankinter,2025-04-16,9.61,-0.09,-0.96,9.73,9.52,2627384
Bankinter,2025-04-17,9.41,-0.2,-2.09,9.58,9.31,3171665
Bankinter,2025-04-22,9.38,-0.03,-0.27,9.51,9.33,2864778
Bankinter,2025-04-23,9.65,0.27,2.84,9.67,9.41,4389447
Bankinter,2025-04-24,9.81,0.16,1.65,10.06,9.58,6009521
Bankinter,2025-04-25,9.9,0.09,0.89,9.97,9.82,1238580
Bankinter,2025-04-28,9.97,0.08,0.78,10.03,9.88,2703011
Bankinter,2025-04-29,10.04,0.06,0.63,10.14,9.98,1559160
Bankinter,2025-04-30,9.88,-0.15,-1.54,10.12,9.63,2529048
Bankinter,2025-05-02,10.1,0.22,2.25,10.17,9.97,2582227
Bankinter,2025-05-05,10.15,0.05,0.48,10.2,10.1,1302981
Bankinter,2025-05-06,10.25,0.1,1.0,10.27,10.04,1756307
Bankinter,2025-05-07,10.44,0.19,1.84,10.44,10.29,1965000
Bankinter,2025-05-08,10.55,0.11,1.06,10.56,10.44,1235691
Bankinter,2025-05-09,10.58,0.03,0.27,10.64,10.54,1207916
Bankinter,2025-05-12,10.71,0.13,1.23,10.76,10.6,1286563
Bankinter,2025-05-13,10.77,0.06,0.54,10.8,10.68,1395865
Bankinter,2025-05-14,10.99,0.22,2.02,10.99,10.79,2139031
Bankinter,2025-05-15,10.89,-0.09,-0.83,11.02,10.89,1715474
Bankinter,2025-05-16,10.99,0.1,0.89,11.03,10.9,1508990
Bankinter,2025-05-19,11.06,0.07,0.66,11.09,10.99,1773347
Bankinter,2025-05-20,11.21,0.15,1.35,11.31,11.09,2072029
Bankinter,2025-05-21,11.32,0.11,0.99,11.44,11.29,1624129
Bankinter,2025-05-22,11.34,0.01,0.13,11.35,11.19,1348168
Bankinter,2025-05-23,11.13,-0.21,-1.83,11.45,10.79,1978381
Bankinter,2025-05-26,11.16,0.03,0.3,11.34,11.16,1109258
Bankinter,2025-05-27,11.01,-0.15,-1.38,11.24,11.01,2400818
Bankinter,2025-05-28,10.99,-0.02,-0.18,11.1,10.96,1891754
Bankinter,2025-05-29,11.01,0.01,0.13,11.17,10.96,1434597
Bankinter,2025-05-30,10.94,-0.06,-0.57,11.1,10.86,47156098
Bankinter,2025-06-02,11.03,0.08,0.75,11.15,10.82,2077336
Bankinter,2025-06-03,10.99,-0.03,-0.31,11.05,10.86,2315558
Bankinter,2025-06-04,10.76,-0.23,-2.06,11.01,10.72,1961520
Bankinter,2025-06-05,11.09,0.32,3.0,11.1,10.58,2422162
Bankinter,2025-06-06,11.05,-0.04,-0.35,11.15,11.01,1270078
Bankinter,2025-06-09,11.1,0.05,0.44,11.14,10.97,844083
Bankinter,2025-06-10,10.71,-0.39,-3.48,11.0,10.71,2595559
Bankinter,2025-06-11,10.75,0.04,0.41,10.83,10.67,1516489
Bankinter,2025-06-12,10.75,-0.01,-0.09,10.82,10.62,1631950
Bankinter,2025-06-13,10.63,-0.11,-1.03,10.71,10.53,1956334
Bankinter,2025-06-16,10.84,0.21,1.95,10.91,10.66,1486389
Bankinter,2025-06-17,10.7,-0.14,-1.34,10.79,10.63,1841031
Bankinter,2025-06-18,10.75,0.06,0.54,10.81,10.64,4065048
Bankinter,2025-06-19,10.66,-0.1,-0.9,10.8,10.65,9099837
Bankinter,2025-06-20,10.68,0.02,0.23,10.85,10.65,3992201
Bankinter,2025-06-23,10.64,-0.04,-0.41,10.79,10.58,1614333
Bankinter,2025-06-24,10.92,0.28,2.67,10.98,10.8,2035381
Bankinter,2025-06-25,10.78,-0.14,-1.3,10.99,10.68,2336439
Bankinter,2025-06-26,10.69,-0.09,-0.86,10.83,10.63,1137382
Bankinter,2025-06-27,10.82,0.13,1.24,10.83,10.67,1224927
Bankinter,2025-06-30,10.84,0.02,0.18,10.84,10.68,1925755
Bankinter,2025-07-01,10.81,-0.03,-0.27,10.93,10.75,1940390
Bankinter,2025-07-02,11.0,0.19,1.72,11.03,10.86,2350391
Bankinter,2025-07-03,11.19,0.19,1.73,11.2,10.98,1704050
Bankinter,2025-07-04,11.0,-0.19,-1.66,11.18,10.94,1689150
Bankinter,2025-07-07,11.14,0.14,1.29,11.16,10.94,872381
Bankinter,2025-07-08,11.16,0.01,0.13,11.29,11.14,1357433
Bankinter,2025-07-09,11.36,0.2,1.8,11.45,11.24,1100150
Bankinter,2025-07-10,11.25,-0.11,-0.99,11.42,11.2,2303874
Bankinter,2025-07-11,11.09,-0.16,-1.39,11.28,10.99,1121825
Bankinter,2025-07-14,11.13,0.04,0.35,11.14,10.95,900605
Bankinter,2025-07-15,11.02,-0.11,-1.01,11.24,11.01,832458
Bankinter,2025-07-16,11.04,0.03,0.27,11.18,11.0,1332651
Bankinter,2025-07-17,11.03,-0.01,-0.09,11.15,10.98,1261117
Bankinter,2025-07-18,11.08,0.05,0.44,11.15,11.04,1243494
Bankinter,2025-07-21,11.07,-0.01,-0.13,11.08,10.92,1755677
Bankinter,2025-07-22,11.11,0.04,0.4,11.19,11.01,991327
Bankinter,2025-07-23,11.34,0.23,2.07,11.35,11.14,2535542
Bankinter,2025-07-24,12.11,0.77,6.77,12.38,11.82,6163490
Bankinter,2025-07-25,11.89,-0.22,-1.82,12.09,11.81,1564764
Bankinter,2025-07-28,11.96,0.07,0.58,12.14,11.94,1358752
Bankinter,2025-07-29,12.1,0.14,1.19,12.17,11.97,1030640
Bankinter,2025-07-30,12.08,-0.02,-0.16,12.17,11.98,1262272
Bankinter,2025-07-31,12.23,0.15,1.21,12.4,12.12,1764103
Bankinter,2025-08-01,12.08,-0.15,-1.24,12.25,11.93,1471196
Bankinter,2025-08-04,12.23,0.15,1.26,12.26,12.14,1475187
Bankinter,2025-08-05,12.23,0.0,0.04,12.31,12.14,1213081
Bankinter,2025-08-06,12.37,0.14,1.12,12.47,12.22,1061160
Bankinter,2025-08-07,12.44,0.07,0.59,12.55,12.3,1416732
Bankinter,2025-08-08,12.51,0.06,0.51,12.54,12.33,1020168
Bankinter,2025-08-11,12.55,0.04,0.35,12.57,12.34,1151592
Bankinter,2025-08-12,12.54,-0.01,-0.08,12.68,12.51,1095757
Bankinter,2025-08-13,12.65,0.11,0.86,12.69,12.6,1011514
Bankinter,2025-08-14,12.76,0.11,0.85,12.76,12.64,755841
Bankinter,2025-08-15,12.71,-0.04,-0.35,12.85,12.7,901720
Bankinter,2025-08-18,12.72,0.01,0.08,12.72,12.54,918019
Bankinter,2025-08-19,12.73,0.0,0.04,12.84,12.73,1247953
Bankinter,2025-08-20,12.84,0.11,0.88,12.86,12.72,770771
Bankinter,2025-08-21,12.92,0.08,0.65,12.95,12.82,1493231
Bankinter,2025-08-22,12.94,0.01,0.11,12.98,12.88,974149
Bankinter,2025-08-25,12.86,-0.07,-0.57,12.94,12.82,756572
Bankinter,2025-08-26,12.76,-0.1,-0.8,12.8,12.58,2134357
Bankinter,2025-08-27,12.49,-0.27,-2.15,12.78,12.37,1663677
Bankinter,2025-08-28,12.52,0.03,0.24,12.57,12.35,818995
Bankinter,2025-08-29,12.47,-0.05,-0.39,12.47,12.33,780321
Bankinter,2025-09-01,12.46,-0.01,-0.08,12.57,12.39,677444
Bankinter,2025-09-02,12.29,-0.17,-1.33,12.52,12.16,1533546
Bankinter,2025-09-03,12.37,0.08,0.64,12.37,12.16,1106434
Bankinter,2025-09-04,12.5,0.13,1.03,12.5,12.19,1053572
Bankinter,2025-09-05,12.24,-0.25,-2.04,12.58,12.21,1316794
Bankinter,2025-09-08,12.37,0.13,1.04,12.4,12.25,1055063
Bankinter,2025-09-09,12.47,0.1,0.83,12.47,12.21,864748
Bankinter,2025-09-10,12.64,0.17,1.33,12.68,12.46,1193641
Bankinter,2025-09-11,12.73,0.09,0.7,12.74,12.56,1061494
Bankinter,2025-09-12,12.82,0.09,0.69,12.82,12.67,1056207
Bankinter,2025-09-15,12.98,0.16,1.26,12.99,12.82,1107081
Bankinter,2025-09-16,12.72,-0.25,-1.96,12.98,12.72,1893249
Bankinter,2025-09-17,12.68,-0.04,-0.35,12.8,12.59,1430366
Bankinter,2025-09-18,12.87,0.19,1.5,12.93,12.75,1433149
Bankinter,2025-09-19,12.85,-0.01,-0.11,13.06,12.81,3160591
Bankinter,2025-09-22,12.57,-0.28,-2.21,12.84,12.52,1146784
Bankinter,2025-09-23,12.55,-0.02,-0.19,12.65,12.42,999497
Bankinter,2025-09-24,12.66,0.12,0.94,12.69,12.42,847870
Bankinter,2025-09-25,12.7,0.03,0.27,12.79,12.57,836587
Bankinter,2025-09-26,13.0,0.3,2.35,13.0,12.74,1399004
Bankinter,2025-09-29,13.01,0.01,0.11,13.1,12.9,1282886
Bankinter,2025-09-30,13.11,0.1,0.79,13.13,12.97,1396792
Bankinter,2025-10-01,13.33,0.22,1.64,13.41,13.06,1789039
Bankinter,2025-10-02,13.43,0.1,0.77,13.57,13.33,2214615
Bankinter,2025-10-03,13.49,0.06,0.44,13.65,13.43,1432054
Bankinter,2025-10-06,13.32,-0.17,-1.27,13.49,13.18,1214133
Bankinter,2025-10-07,13.14,-0.18,-1.32,13.32,13.12,1166578
Bankinter,2025-10-08,13.21,0.06,0.48,13.28,13.14,1549103
Bankinter,2025-10-09,13.22,0.01,0.07,13.29,13.11,934442
Bankinter,2025-10-10,13.08,-0.14,-1.04,13.34,13.08,1089057
Bankinter,2025-10-13,13.06,-0.02,-0.15,13.26,12.99,897760
Bankinter,2025-10-14,13.18,0.12,0.9,13.18,12.89,1155679
Bankinter,2025-10-15,13.1,-0.07,-0.56,13.43,13.1,1169871
Bankinter,2025-10-16,13.08,-0.02,-0.19,13.26,12.91,980378
Bankinter,2025-10-17,12.76,-0.32,-2.43,12.98,12.61,2196946
Bankinter,2025-10-20,12.97,0.21,1.65,13.04,12.85,1682063
Bankinter,2025-10-21,12.92,-0.05,-0.41,13.11,12.91,1007585
Bankinter,2025-10-22,13.06,0.14,1.06,13.1,12.83,1770766
Bankinter,2025-10-23,12.4,-0.65,-4.98,12.64,12.01,4321725
Bankinter,2025-10-24,12.41,0.01,0.08,12.48,12.3,1627136
Bankinter,2025-10-27,12.52,0.11,0.87,12.56,12.41,1716167
Bankinter,2025-10-28,12.69,0.17,1.33,12.69,12.5,2045726
Bankinter,2025-10-29,12.77,0.08,0.66,12.83,12.57,1683611
Bankinter,2025-10-30,12.74,-0.03,-0.27,12.8,12.67,1591256
Bankinter,2025-10-31,12.79,0.05,0.38,12.84,12.61,1512089
Bankinter,2025-11-03,12.84,0.06,0.46,12.98,12.7,1790775
Bankinter,2025-11-04,12.84,0.0,0.0,12.84,12.56,1429026
Bankinter,2025-11-05,13.09,0.24,1.9,13.09,12.72,1509819
Bankinter,2025-11-06,13.22,0.13,0.97,13.24,13.1,1511092
Bankinter,2025-11-07,13.0,-0.22,-1.67,13.31,12.96,1035763
Bankinter,2025-11-10,13.3,0.31,2.37,13.36,13.13,1263233
Bankinter,2025-11-11,13.44,0.13,0.99,13.49,13.32,1220059
Bankinter,2025-11-12,13.65,0.22,1.6,13.7,13.48,1561164
Bankinter,2025-11-13,13.43,-0.22,-1.61,13.73,13.43,7262125
Bankinter,2025-11-14,13.22,-0.21,-1.57,13.33,13.11,1340433
Bankinter,2025-11-17,13.11,-0.11,-0.85,13.23,13.05,886090
Bankinter,2025-11-18,12.83,-0.28,-2.13,12.97,12.75,1238418
Bankinter,2025-11-19,12.87,0.04,0.3,12.95,12.7,1196258
Bankinter,2025-11-20,13.19,0.32,2.51,13.26,12.98,8858787
Bankinter,2025-11-21,13.06,-0.13,-1.0,13.14,12.89,1794963
Bankinter,2025-11-24,13.26,0.2,1.5,13.32,13.13,3195245
Bankinter,2025-11-25,13.39,0.14,1.03,13.46,13.13,1242205
Bankinter,2025-11-26,13.6,0.21,1.57,13.67,13.42,1349396
Bankinter,2025-11-27,13.56,-0.04,-0.29,13.67,13.5,1145272
Bankinter,2025-11-28,13.56,-0.0,-0.03,13.66,13.46,1365958
Bankinter,2025-12-01,13.67,0.11,0.81,13.73,13.52,1560539
Bankinter,2025-12-02,14.01,0.34,2.49,14.16,13.84,2639861
Bankinter,2025-12-03,13.82,-0.19,-1.36,14.1,13.81,2038397
Bankinter,2025-12-04,13.65,-0.17,-1.23,13.74,13.58,2678176
Bankinter,2025-12-05,13.65,0.01,0.04,13.86,13.63,1337946
Bankinter,2025-12-08,13.75,0.1,0.7,13.77,13.6,1363734
Bankinter,2025-12-09,13.86,0.11,0.8,13.99,13.77,2081089
Bankinter,2025-12-10,13.73,-0.13,-0.97,13.84,13.62,1425456
Bankinter,2025-12-11,13.78,0.05,0.4,13.82,13.51,1300354
Bankinter,2025-12-12,13.6,-0.18,-1.34,13.95,13.53,1837246
Bankinter,2025-12-15,14.01,0.41,3.02,14.01,13.68,1565239
Bankinter,2025-12-16,14.01,0.01,0.04,14.14,13.89,1633608
Bankinter,2025-12-17,14.11,0.1,0.75,14.13,13.97,1474163
Bankinter,2025-12-18,14.21,0.1,0.67,14.21,14.05,1579733
Bankinter,2025-12-19,14.26,0.05,0.32,14.31,14.14,2391406
Bankinter,2025-12-22,14.14,-0.12,-0.84,14.23,14.09,956229
Bankinter,2025-12-23,14.2,0.07,0.5,14.23,14.02,1045689
Bankinter,2025-12-24,14.08,-0.12,-0.88,14.15,14.08,250532
Bankinter,2025-12-29,14.08,0.0,0.0,14.16,14.07,1481024
Bankinter,2025-12-30,14.23,0.15,1.1,14.27,14.07,1041885
Bankinter,2025-12-31,14.15,-0.08,-0.56,14.24,14.14,469624
Bankinter,2026-01-02,14.48,0.33,2.33,14.48,14.06,1111358
Bankinter,2026-01-05,14.23,-0.26,-1.79,14.6,13.98,2136664
Bankinter,2026-01-06,14.2,-0.03,-0.18,14.38,14.09,1560338
Bankinter,2026-01-07,13.83,-0.37,-2.61,14.21,13.7,2097809
Bankinter,2026-01-08,14.09,0.26,1.88,14.1,13.72,1526439
Bankinter,2026-01-09,14.09,0.0,0.0,14.32,14.07,1052482
Bankinter,2026-01-12,14.05,-0.04,-0.28,14.22,13.86,1840307
Bankinter,2026-01-13,14.19,0.14,0.96,14.35,14.11,4031195
Bankinter,2026-01-14,14.31,0.12,0.85,14.35,14.15,1308460
Bankinter,2026-01-15,14.21,-0.1,-0.66,14.4,14.18,1148664
Bankinter,2026-01-16,14.24,0.03,0.25,14.28,14.17,1014976
Bankinter,2026-01-19,14.37,0.12,0.88,14.39,13.98,1063722
Bankinter,2026-01-20,14.28,-0.09,-0.63,14.35,14.07,1757217
Bankinter,2026-01-21,14.23,-0.05,-0.39,14.31,13.9,2360834
Bankinter,2026-01-22,14.02,-0.21,-1.48,14.4,13.77,3927272
Bankinter,2026-01-23,13.97,-0.05,-0.32,14.1,13.86,2508942
Bankinter,2026-01-26,14.35,0.38,2.72,14.4,13.97,2088771
Bankinter,2026-01-27,14.62,0.27,1.88,14.62,14.42,2345069
Bankinter,2026-01-28,14.23,-0.39,-2.67,14.62,14.23,2004631
Bankinter,2026-01-29,14.15,-0.08,-0.56,14.35,14.11,1452026
Bankinter,2026-01-30,14.42,0.27,1.91,14.42,14.19,2018987
Bankinter,2026-02-02,14.69,0.27,1.91,14.76,14.26,1558061
Bankinter,2026-02-03,14.72,0.02,0.14,14.85,14.6,1086104
Bankinter,2026-02-04,14.79,0.07,0.51,14.99,14.7,1498491
Bankinter,2026-02-05,14.39,-0.4,-2.74,14.88,14.34,2068724
Bankinter,2026-02-06,14.41,0.03,0.21,14.44,14.19,1131834
Bankinter,2026-02-09,14.7,0.28,1.98,14.7,14.48,1249707
Bankinter,2026-02-10,14.3,-0.4,-2.76,14.73,14.3,1596253
Bankinter,2026-02-11,14.1,-0.2,-1.4,14.4,14.01,1634778
Bankinter,2026-02-12,13.85,-0.24,-1.7,14.3,13.8,1509660
Bankinter,2026-02-13,13.41,-0.44,-3.18,13.9,13.4,2137127
Bankinter,2026-02-16,13.56,0.15,1.12,13.69,13.53,1291730
Bankinter,2026-02-17,13.58,0.02,0.11,13.62,13.45,1134099
Bankinter,2026-02-18,13.91,0.33,2.43,14.03,13.62,1406423
Bankinter,2026-02-19,14.01,0.1,0.68,14.02,13.84,2684321
Bankinter,2026-02-20,14.39,0.39,2.75,14.39,13.98,2015847
Bankinter,2026-02-23,14.5,0.11,0.76,14.81,14.48,2350933
Bankinter,2026-02-24,14.41,-0.09,-0.59,14.46,14.19,1923832
Bankinter,2026-02-25,14.47,0.05,0.35,14.65,14.42,1260780
Bankinter,2026-02-26,14.4,-0.07,-0.45,14.49,14.22,1590266
Bankinter,2026-02-27,14.18,-0.22,-1.56,14.57,14.18,2336715
Bankinter,2026-03-02,13.9,-0.28,-1.94,13.93,13.55,2232429
Bankinter,2026-03-03,13.45,-0.44,-3.2,13.81,13.14,3677515
Bankinter,2026-03-04,13.54,0.09,0.63,13.69,13.06,3185142
Bankinter,2026-03-05,13.44,-0.1,-0.7,13.72,13.29,2083774
Bankinter,2026-03-06,13.25,-0.19,-1.45,13.56,13.15,1813988
Bankinter,2026-03-09,13.35,0.1,0.79,13.4,12.67,2114787
Bankinter,2026-03-10,13.7,0.35,2.62,13.82,13.55,2308984
Bankinter,2026-03-11,13.7,0.0,0.0,13.85,13.57,1565905
Bankinter,2026-03-12,13.22,-0.49,-3.58,13.7,12.95,2114369
Bankinter,2026-03-13,13.05,-0.17,-1.29,13.3,12.88,1470102
Bankinter,2026-03-16,13.09,0.04,0.31,13.19,12.85,1768914
CaixaBank,2025-03-17,6.67,0.0,0.0,6.72,6.58,6986835
CaixaBank,2025-03-18,7.01,0.33,5.01,7.01,6.71,15504976
CaixaBank,2025-03-19,7.05,0.04,0.59,7.08,6.91,7599430
CaixaBank,2025-03-20,6.81,-0.24,-3.41,7.05,6.72,10928913
CaixaBank,2025-03-21,6.9,0.09,1.33,6.9,6.72,24017756
CaixaBank,2025-03-24,6.86,-0.04,-0.52,6.98,6.85,4226540
CaixaBank,2025-03-25,7.05,0.18,2.68,7.05,6.9,6252499
CaixaBank,2025-03-26,6.96,-0.08,-1.2,7.05,6.96,9787331
CaixaBank,2025-03-27,6.91,-0.05,-0.7,6.95,6.75,7299360
CaixaBank,2025-03-28,6.83,-0.09,-1.28,6.88,6.76,6616290
CaixaBank,2025-03-31,6.74,-0.08,-1.21,6.78,6.63,10865737
CaixaBank,2025-04-01,6.84,0.1,1.48,6.88,6.78,9061611
CaixaBank,2025-04-02,6.86,0.02,0.27,6.88,6.8,5662229
CaixaBank,2025-04-03,6.55,-0.31,-4.55,6.69,6.52,13043622
CaixaBank,2025-04-04,5.87,-0.67,-10.3,6.4,5.74,28678475
CaixaBank,2025-04-07,5.61,-0.26,-4.48,5.82,5.16,27463992
CaixaBank,2025-04-08,5.78,0.17,3.08,5.94,5.59,14182341
CaixaBank,2025-04-09,5.72,-0.06,-1.1,5.77,5.56,10858719
CaixaBank,2025-04-10,6.09,0.37,6.51,6.84,6.07,27413100
CaixaBank,2025-04-11,6.05,-0.04,-0.65,6.15,5.99,6566663
CaixaBank,2025-04-14,6.28,0.23,3.82,6.28,6.17,8165408
CaixaBank,2025-04-15,6.44,0.16,2.51,6.52,6.3,12142047
CaixaBank,2025-04-16,6.44,-0.01,-0.09,6.47,6.32,12170784
CaixaBank,2025-04-17,6.32,-0.12,-1.84,6.48,6.23,10575075
CaixaBank,2025-04-22,6.41,0.09,1.5,6.44,6.29,8452307
CaixaBank,2025-04-23,6.68,0.27,4.13,6.71,6.49,10999446
CaixaBank,2025-04-24,6.55,-0.13,-1.97,6.73,6.51,8295947
CaixaBank,2025-04-25,6.67,0.13,1.95,6.68,6.59,6920635
CaixaBank,2025-04-28,6.78,0.1,1.53,6.8,6.69,7646771
CaixaBank,2025-04-29,6.84,0.07,1.01,6.85,6.72,9912912
CaixaBank,2025-04-30,6.61,-0.24,-3.44,6.72,6.44,17861173
CaixaBank,2025-05-02,6.75,0.15,2.2,6.79,6.7,7775350
CaixaBank,2025-05-05,6.73,-0.03,-0.38,6.78,6.72,5290761
CaixaBank,2025-05-06,6.83,0.11,1.58,6.83,6.69,9960407
CaixaBank,2025-05-07,6.91,0.07,1.06,6.93,6.81,9563254
CaixaBank,2025-05-08,7.03,0.13,1.85,7.05,6.93,9921857
CaixaBank,2025-05-09,7.14,0.1,1.45,7.14,7.05,9906085
CaixaBank,2025-05-12,7.23,0.1,1.35,7.26,7.16,9367152
CaixaBank,2025-05-13,7.21,-0.02,-0.27,7.28,7.17,16392307
CaixaBank,2025-05-14,7.31,0.1,1.39,7.31,7.23,9273382
CaixaBank,2025-05-15,7.3,-0.02,-0.24,7.33,7.25,6182955
CaixaBank,2025-05-16,7.36,0.06,0.86,7.38,7.26,8589179
CaixaBank,2025-05-19,7.34,-0.02,-0.32,7.44,7.29,6546414
CaixaBank,2025-05-20,7.54,0.21,2.81,7.54,7.36,11914269
CaixaBank,2025-05-21,7.5,-0.04,-0.52,7.65,7.48,7375439
CaixaBank,2025-05-22,7.54,0.03,0.44,7.54,7.42,5694872
CaixaBank,2025-05-23,7.34,-0.2,-2.61,7.57,7.1,10481372
CaixaBank,2025-05-26,7.4,0.06,0.86,7.48,7.38,4703409
CaixaBank,2025-05-27,7.38,-0.03,-0.34,7.46,7.33,6059617
CaixaBank,2025-05-28,7.33,-0.05,-0.69,7.41,7.29,5772938
CaixaBank,2025-05-29,7.33,0.01,0.08,7.41,7.32,5359122
CaixaBank,2025-05-30,7.35,0.02,0.27,7.36,7.24,21783707
CaixaBank,2025-06-02,7.43,0.08,1.1,7.46,7.3,5566689
CaixaBank,2025-06-03,7.37,-0.06,-0.77,7.43,7.27,6141847
CaixaBank,2025-06-04,7.25,-0.12,-1.65,7.4,7.21,14676046
CaixaBank,2025-06-05,7.47,0.22,3.0,7.47,7.23,6601036
CaixaBank,2025-06-06,7.53,0.06,0.79,7.54,7.41,6687608
CaixaBank,2025-06-09,7.46,-0.07,-0.91,7.55,7.45,3947273
CaixaBank,2025-06-10,7.26,-0.2,-2.63,7.39,7.26,6722780
CaixaBank,2025-06-11,7.23,-0.03,-0.43,7.32,7.19,5228826
CaixaBank,2025-06-12,7.28,0.05,0.65,7.3,7.13,6313429
CaixaBank,2025-06-13,7.17,-0.11,-1.56,7.18,7.11,18885684
CaixaBank,2025-06-16,7.34,0.17,2.38,7.36,7.19,7333988
CaixaBank,2025-06-17,7.17,-0.17,-2.33,7.3,7.15,6517966
CaixaBank,2025-06-18,7.24,0.08,1.07,7.26,7.15,5467090
CaixaBank,2025-06-19,7.15,-0.09,-1.27,7.27,7.13,4068633
CaixaBank,2025-06-20,7.22,0.07,0.99,7.29,7.15,16139374
CaixaBank,2025-06-23,7.15,-0.07,-1.03,7.23,7.07,4688823
CaixaBank,2025-06-24,7.28,0.14,1.9,7.36,7.23,9758666
CaixaBank,2025-06-25,7.18,-0.11,-1.46,7.3,7.11,4996905
CaixaBank,2025-06-26,7.14,-0.04,-0.49,7.21,7.1,6574508
CaixaBank,2025-06-27,7.22,0.08,1.07,7.23,7.16,5114645
CaixaBank,2025-06-30,7.22,0.0,0.03,7.23,7.1,6497805
CaixaBank,2025-07-01,7.21,-0.01,-0.14,7.26,7.18,8018273
CaixaBank,2025-07-02,7.3,0.09,1.25,7.35,7.22,5338228
CaixaBank,2025-07-03,7.47,0.17,2.34,7.47,7.33,5366224
CaixaBank,2025-07-04,7.38,-0.09,-1.16,7.49,7.33,3511250
CaixaBank,2025-07-07,7.49,0.11,1.44,7.49,7.37,4985478
CaixaBank,2025-07-08,7.46,-0.03,-0.39,7.54,7.43,6386349
CaixaBank,2025-07-09,7.63,0.17,2.32,7.63,7.5,6042819
CaixaBank,2025-07-10,7.43,-0.21,-2.73,7.66,7.42,7672058
CaixaBank,2025-07-11,7.34,-0.09,-1.19,7.44,7.27,4978712
CaixaBank,2025-07-14,7.38,0.05,0.62,7.4,7.23,4786626
CaixaBank,2025-07-15,7.25,-0.13,-1.76,7.42,7.22,5570576
CaixaBank,2025-07-16,7.28,0.03,0.35,7.35,7.24,4963402
CaixaBank,2025-07-17,7.27,-0.01,-0.11,7.35,7.25,4466658
CaixaBank,2025-07-18,7.32,0.05,0.62,7.33,7.26,4468476
CaixaBank,2025-07-21,7.36,0.05,0.64,7.36,7.22,4748119
CaixaBank,2025-07-22,7.39,0.03,0.4,7.4,7.29,6290836
CaixaBank,2025-07-23,7.5,0.11,1.51,7.5,7.35,8363312
CaixaBank,2025-07-24,7.79,0.29,3.82,7.86,7.62,12709994
CaixaBank,2025-07-25,7.71,-0.08,-1.01,7.78,7.69,4083242
CaixaBank,2025-07-28,7.73,0.02,0.23,7.89,7.69,5765571
CaixaBank,2025-07-29,7.86,0.13,1.63,7.92,7.73,5697384
CaixaBank,2025-07-30,8.1,0.24,3.05,8.11,7.71,9123518
CaixaBank,2025-07-31,8.1,0.0,0.05,8.22,8.02,6897901
CaixaBank,2025-08-01,7.96,-0.14,-1.67,8.12,7.88,5388956
CaixaBank,2025-08-04,8.18,0.21,2.69,8.21,8.02,5024279
CaixaBank,2025-08-05,8.24,0.06,0.72,8.24,8.12,4986933
CaixaBank,2025-08-06,8.3,0.06,0.79,8.32,8.19,5202594
CaixaBank,2025-08-07,8.38,0.08,0.92,8.43,8.27,5017983
CaixaBank,2025-08-08,8.46,0.08,0.94,8.46,8.38,4864554
CaixaBank,2025-08-11,8.45,-0.0,-0.05,8.52,8.28,5507639
CaixaBank,2025-08-12,8.53,0.08,0.95,8.58,8.47,5950995
CaixaBank,2025-08-13,8.61,0.07,0.85,8.63,8.55,3157933
CaixaBank,2025-08-14,8.66,0.05,0.62,8.66,8.59,4098999
CaixaBank,2025-08-15,8.65,-0.01,-0.11,8.73,8.62,3880665
CaixaBank,2025-08-18,8.64,-0.01,-0.07,8.64,8.53,4267665
CaixaBank,2025-08-19,8.62,-0.02,-0.27,8.69,8.61,5159713
CaixaBank,2025-08-20,8.57,-0.05,-0.57,8.63,8.52,3303441
CaixaBank,2025-08-21,8.68,0.11,1.33,8.68,8.55,9557367
CaixaBank,2025-08-22,8.63,-0.05,-0.59,8.73,8.63,3502057
CaixaBank,2025-08-25,8.59,-0.05,-0.55,8.66,8.58,2228274
CaixaBank,2025-08-26,8.5,-0.09,-1.03,8.5,8.38,6943036
CaixaBank,2025-08-27,8.29,-0.21,-2.43,8.52,8.26,6552303
CaixaBank,2025-08-28,8.36,0.07,0.83,8.37,8.25,3314934
CaixaBank,2025-08-29,8.37,0.01,0.16,8.39,8.28,3959316
CaixaBank,2025-09-01,8.39,0.02,0.23,8.45,8.34,2381881
CaixaBank,2025-09-02,8.3,-0.1,-1.17,8.43,8.23,3473014
CaixaBank,2025-09-03,8.35,0.05,0.64,8.38,8.23,4583814
CaixaBank,2025-09-04,8.5,0.15,1.76,8.5,8.31,4500472
CaixaBank,2025-09-05,8.42,-0.08,-0.9,8.54,8.37,5519552
CaixaBank,2025-09-08,8.5,0.08,0.91,8.52,8.42,3618216
CaixaBank,2025-09-09,8.52,0.02,0.28,8.53,8.38,4747466
CaixaBank,2025-09-10,8.61,0.09,1.06,8.65,8.52,6310416
CaixaBank,2025-09-11,8.61,-0.0,-0.05,8.64,8.54,4038440
CaixaBank,2025-09-12,8.61,0.0,0.02,8.64,8.51,3986755
CaixaBank,2025-09-15,8.74,0.13,1.51,8.74,8.63,3907510
CaixaBank,2025-09-16,8.53,-0.21,-2.38,8.72,8.51,5844203
CaixaBank,2025-09-17,8.44,-0.09,-1.04,8.56,8.43,5016540
CaixaBank,2025-09-18,8.48,0.04,0.44,8.55,8.39,4704069
CaixaBank,2025-09-19,8.59,0.11,1.3,8.63,8.48,19021410
CaixaBank,2025-09-22,8.45,-0.13,-1.55,8.59,8.39,4880988
CaixaBank,2025-09-23,8.47,0.01,0.14,8.49,8.38,5030804
CaixaBank,2025-09-24,8.59,0.13,1.48,8.6,8.41,2900320
CaixaBank,2025-09-25,8.63,0.04,0.41,8.66,8.53,4423512
CaixaBank,2025-09-26,8.76,0.14,1.57,8.77,8.66,5263057
CaixaBank,2025-09-29,8.72,-0.04,-0.47,8.8,8.69,4356508
CaixaBank,2025-09-30,8.78,0.06,0.7,8.82,8.7,4488713
CaixaBank,2025-10-01,8.93,0.15,1.68,8.93,8.74,6763889
CaixaBank,2025-10-02,8.86,-0.07,-0.81,8.99,8.86,4891120
CaixaBank,2025-10-03,8.86,0.01,0.09,9.02,8.82,4245902
CaixaBank,2025-10-06,8.77,-0.09,-1.02,8.91,8.72,3960365
CaixaBank,2025-10-07,8.75,-0.02,-0.27,8.82,8.72,3739781
CaixaBank,2025-10-08,8.9,0.15,1.75,8.95,8.76,3332057
CaixaBank,2025-10-09,8.87,-0.04,-0.42,8.93,8.84,3811719
CaixaBank,2025-10-10,8.84,-0.03,-0.33,9.0,8.83,8921534
CaixaBank,2025-10-13,8.82,-0.02,-0.22,8.98,8.81,3355660
CaixaBank,2025-10-14,8.94,0.12,1.34,8.94,8.75,5503143
CaixaBank,2025-10-15,8.91,-0.03,-0.29,9.11,8.91,5192612
CaixaBank,2025-10-16,8.8,-0.11,-1.23,9.02,8.71,6175587
CaixaBank,2025-10-17,8.53,-0.27,-3.12,8.69,8.41,10365532
CaixaBank,2025-10-20,8.74,0.22,2.56,8.82,8.64,6860893
CaixaBank,2025-10-21,8.67,-0.07,-0.81,8.83,8.67,4899217
CaixaBank,2025-10-22,8.73,0.05,0.61,8.75,8.59,4556503
CaixaBank,2025-10-23,8.58,-0.15,-1.67,8.73,8.54,4663713
CaixaBank,2025-10-24,8.65,0.07,0.78,8.7,8.58,5074037
CaixaBank,2025-10-27,8.69,0.04,0.48,8.73,8.67,4746794
CaixaBank,2025-10-28,8.75,0.06,0.72,8.75,8.65,7008204
CaixaBank,2025-10-29,8.89,0.14,1.55,8.92,8.72,5461466
CaixaBank,2025-10-30,8.87,-0.02,-0.18,8.97,8.77,10853140
CaixaBank,2025-10-31,8.99,0.12,1.39,9.06,8.67,9713682
CaixaBank,2025-11-03,8.95,-0.04,-0.48,9.19,8.95,84160887
CaixaBank,2025-11-04,9.01,0.06,0.68,9.01,8.83,52910855
CaixaBank,2025-11-05,9.11,0.1,1.06,9.11,8.92,5491657
CaixaBank,2025-11-06,9.27,0.16,1.8,9.29,9.1,7544438
CaixaBank,2025-11-07,9.05,-0.23,-2.44,9.31,9.02,6877678
CaixaBank,2025-11-10,9.21,0.16,1.81,9.21,9.1,5499712
CaixaBank,2025-11-11,9.35,0.14,1.52,9.36,9.21,8566413
CaixaBank,2025-11-12,9.6,0.25,2.72,9.63,9.39,10240201
CaixaBank,2025-11-13,9.56,-0.04,-0.44,9.69,9.55,4290398
CaixaBank,2025-11-14,9.28,-0.28,-2.97,9.48,9.22,6068619
CaixaBank,2025-11-17,9.27,-0.01,-0.09,9.34,9.21,4831069
CaixaBank,2025-11-18,9.01,-0.26,-2.83,9.19,8.96,5255604
CaixaBank,2025-11-19,9.02,0.01,0.16,9.12,8.97,5479841
CaixaBank,2025-11-20,9.29,0.27,2.97,9.42,9.13,7688877
CaixaBank,2025-11-21,9.25,-0.04,-0.39,9.28,9.07,5633673
CaixaBank,2025-11-24,9.25,0.0,0.0,9.4,9.16,22327330
CaixaBank,2025-11-25,9.38,0.13,1.38,9.38,9.19,3845248
CaixaBank,2025-11-26,9.52,0.14,1.51,9.54,9.38,7953032
CaixaBank,2025-11-27,9.53,0.0,0.04,9.54,9.48,4160517
CaixaBank,2025-11-28,9.62,0.09,0.92,9.63,9.5,4410949
CaixaBank,2025-12-01,9.73,0.11,1.14,9.74,9.58,5966974
CaixaBank,2025-12-02,9.92,0.19,1.95,9.98,9.75,5826413
CaixaBank,2025-12-03,9.83,-0.09,-0.87,10.06,9.83,10519499
CaixaBank,2025-12-04,10.06,0.23,2.34,10.07,9.84,9622548
CaixaBank,2025-12-05,9.9,-0.16,-1.59,10.15,9.9,4194841
CaixaBank,2025-12-08,9.92,0.02,0.22,10.01,9.76,6468333
CaixaBank,2025-12-09,9.95,0.03,0.28,10.03,9.87,4882333
CaixaBank,2025-12-10,10.02,0.07,0.7,10.06,9.92,4020452
CaixaBank,2025-12-11,10.17,0.15,1.5,10.21,9.97,4291805
CaixaBank,2025-12-12,9.92,-0.25,-2.5,10.27,9.92,4415470
CaixaBank,2025-12-15,10.13,0.21,2.16,10.15,10.0,4603098
CaixaBank,2025-12-16,10.16,0.03,0.3,10.26,10.13,4264779
CaixaBank,2025-12-17,10.31,0.15,1.53,10.34,10.2,8801839
CaixaBank,2025-12-18,10.4,0.09,0.82,10.4,10.19,8423130
CaixaBank,2025-12-19,10.41,0.01,0.1,10.48,10.37,9602763
CaixaBank,2025-12-22,10.35,-0.06,-0.58,10.43,10.31,5168554
CaixaBank,2025-12-23,10.43,0.08,0.77,10.48,10.3,4173066
CaixaBank,2025-12-24,10.39,-0.04,-0.38,10.45,10.38,741429
CaixaBank,2025-12-29,10.35,-0.04,-0.34,10.48,10.35,4277856
CaixaBank,2025-12-30,10.43,0.08,0.72,10.49,10.34,3500787
CaixaBank,2025-12-31,10.44,0.01,0.14,10.47,10.4,1884629
CaixaBank,2026-01-02,10.62,0.18,1.72,10.64,10.39,7480386
CaixaBank,2026-01-05,10.61,-0.01,-0.09,10.72,10.38,6720646
CaixaBank,2026-01-06,10.55,-0.07,-0.66,10.7,10.51,4465884
CaixaBank,2026-01-07,10.33,-0.22,-2.04,10.52,10.31,7011543
CaixaBank,2026-01-08,10.45,0.12,1.16,10.47,10.28,3482733
CaixaBank,2026-01-09,10.52,0.07,0.62,10.67,10.45,4270979
CaixaBank,2026-01-12,10.63,0.11,1.09,10.65,10.34,4021830
CaixaBank,2026-01-13,10.73,0.1,0.94,10.8,10.65,5023960
CaixaBank,2026-01-14,10.81,0.08,0.7,10.91,10.73,6057460
CaixaBank,2026-01-15,10.61,-0.2,-1.8,10.86,10.58,6040274
CaixaBank,2026-01-16,10.7,0.1,0.9,10.7,10.52,5526769
CaixaBank,2026-01-19,10.72,0.01,0.09,10.72,10.47,4043980
CaixaBank,2026-01-20,10.59,-0.12,-1.17,10.72,10.45,5384495
CaixaBank,2026-01-21,10.62,0.03,0.28,10.68,10.4,5367198
CaixaBank,2026-01-22,10.6,-0.02,-0.14,10.8,10.47,5944112
CaixaBank,2026-01-23,10.52,-0.09,-0.85,10.66,10.47,4331040
CaixaBank,2026-01-26,10.7,0.18,1.76,10.73,10.49,4261316
CaixaBank,2026-01-27,10.85,0.15,1.36,10.87,10.74,6528930
CaixaBank,2026-01-28,10.61,-0.24,-2.17,10.88,10.61,5391607
CaixaBank,2026-01-29,10.45,-0.16,-1.51,10.72,10.36,10950535
CaixaBank,2026-01-30,11.15,0.7,6.75,11.15,10.62,17005232
CaixaBank,2026-02-02,11.41,0.26,2.29,11.41,11.06,9597699
CaixaBank,2026-02-03,11.4,-0.01,-0.09,11.52,11.36,6307248
CaixaBank,2026-02-04,11.41,0.01,0.09,11.57,11.4,7323897
CaixaBank,2026-02-05,10.94,-0.47,-4.12,11.44,10.89,7881818
CaixaBank,2026-02-06,10.87,-0.07,-0.64,10.98,10.82,4918413
CaixaBank,2026-02-09,11.0,0.13,1.2,11.1,10.88,4653057
CaixaBank,2026-02-10,10.88,-0.12,-1.09,11.14,10.85,12340952
CaixaBank,2026-02-11,10.73,-0.15,-1.33,10.95,10.6,5318936
CaixaBank,2026-02-12,10.49,-0.24,-2.28,10.94,10.49,5083107
CaixaBank,2026-02-13,10.02,-0.47,-4.53,10.51,9.98,13777921
CaixaBank,2026-02-16,10.11,0.09,0.95,10.26,10.1,6339222
CaixaBank,2026-02-17,10.27,0.16,1.63,10.31,10.03,9040099
CaixaBank,2026-02-18,10.56,0.28,2.73,10.69,10.34,8885856
CaixaBank,2026-02-19,10.7,0.14,1.37,10.7,10.53,9400751
CaixaBank,2026-02-20,10.97,0.27,2.48,10.99,10.69,10285517
CaixaBank,2026-02-23,10.97,0.0,0.0,11.12,10.93,7630769
CaixaBank,2026-02-24,10.66,-0.31,-2.78,10.89,10.59,8596645
CaixaBank,2026-02-25,10.61,-0.05,-0.42,10.86,10.56,16010942
CaixaBank,2026-02-26,10.65,0.03,0.28,10.65,10.52,11685766
CaixaBank,2026-02-27,10.52,-0.12,-1.17,10.78,10.49,16156303
CaixaBank,2026-03-02,10.31,-0.22,-2.04,10.35,10.02,8391310
CaixaBank,2026-03-03,9.98,-0.32,-3.11,10.2,9.82,12396000
CaixaBank,2026-03-04,10.13,0.15,1.46,10.24,9.64,16281143
CaixaBank,2026-03-05,10.05,-0.09,-0.84,10.35,9.99,9015339
CaixaBank,2026-03-06,9.87,-0.18,-1.74,10.13,9.71,9604497
CaixaBank,2026-03-09,9.95,0.08,0.83,10.03,9.49,11527177
CaixaBank,2026-03-10,10.24,0.29,2.89,10.34,10.09,8580967
CaixaBank,2026-03-11,10.24,0.0,0.0,10.36,10.07,7949295
CaixaBank,2026-03-12,9.88,-0.36,-3.55,10.25,9.79,14323658
CaixaBank,2026-03-13,9.81,-0.07,-0.71,10.0,9.69,10024332
CaixaBank,2026-03-16,9.84,0.04,0.37,9.93,9.68,6860811
Cellnex,2025-03-17,32.29,0.0,0.0,32.31,31.73,805066
Cellnex,2025-03-18,32.36,0.07,0.21,32.59,32.05,1143472
Cellnex,2025-03-19,32.02,-0.34,-1.04,32.29,31.31,1327916
Cellnex,2025-03-20,32.23,0.21,0.65,32.45,32.08,973492
Cellnex,2025-03-21,32.26,0.03,0.09,32.46,32.01,2815060
Cellnex,2025-03-24,32.06,-0.2,-0.61,32.49,31.95,1226302
Cellnex,2025-03-25,32.0,-0.06,-0.18,32.32,31.97,1343373
Cellnex,2025-03-26,31.9,-0.1,-0.31,32.33,31.9,1068540
Cellnex,2025-03-27,32.17,0.27,0.83,32.36,31.71,998040
Cellnex,2025-03-28,32.72,0.55,1.72,33.16,32.1,1088388
Cellnex,2025-03-31,32.36,-0.35,-1.08,33.04,32.36,1411923
Cellnex,2025-04-01,33.07,0.71,2.19,33.28,32.46,1198285
Cellnex,2025-04-02,33.03,-0.05,-0.15,33.45,32.9,1198757
Cellnex,2025-04-03,34.75,1.73,5.22,34.83,32.92,2073923
Cellnex,2025-04-04,33.4,-1.35,-3.89,35.43,33.29,3040856
Cellnex,2025-04-07,30.91,-2.49,-7.47,32.7,30.79,2724507
Cellnex,2025-04-08,31.15,0.25,0.8,31.35,30.38,2014514
Cellnex,2025-04-09,29.95,-1.2,-3.86,30.48,28.91,2394175
Cellnex,2025-04-10,31.19,1.24,4.15,31.65,30.7,1669908
Cellnex,2025-04-11,31.14,-0.05,-0.16,31.81,30.89,1976339
Cellnex,2025-04-14,32.26,1.11,3.58,32.26,31.55,1395905
Cellnex,2025-04-15,33.19,0.94,2.9,33.23,32.28,1518115
Cellnex,2025-04-16,33.94,0.75,2.26,34.04,33.06,1456167
Cellnex,2025-04-17,34.45,0.51,1.51,34.64,33.64,1106220
Cellnex,2025-04-22,35.06,0.6,1.75,35.09,33.91,1152928
Cellnex,2025-04-23,34.46,-0.59,-1.69,35.29,34.36,1309103
Cellnex,2025-04-24,34.61,0.15,0.43,34.95,34.37,839174
Cellnex,2025-04-25,34.16,-0.45,-1.31,34.65,34.09,1194347
Cellnex,2025-04-28,34.3,0.14,0.4,34.76,34.12,1291522
Cellnex,2025-04-29,34.69,0.39,1.15,35.01,34.41,757428
Cellnex,2025-04-30,35.14,0.44,1.28,35.25,34.76,1746157
Cellnex,2025-05-02,34.76,-0.37,-1.07,35.44,34.69,1366905
Cellnex,2025-05-05,35.02,0.26,0.74,35.4,34.64,1128983
Cellnex,2025-05-06,34.71,-0.31,-0.87,35.18,34.71,1414092
Cellnex,2025-05-07,34.29,-0.42,-1.22,34.88,33.84,1175760
Cellnex,2025-05-08,34.01,-0.28,-0.81,34.36,33.82,1012483
Cellnex,2025-05-09,32.94,-1.07,-3.16,33.49,32.26,1935988
Cellnex,2025-05-12,31.96,-0.98,-2.96,32.96,31.73,1516856
Cellnex,2025-05-13,32.09,0.13,0.4,32.56,31.76,1145319
Cellnex,2025-05-14,31.85,-0.24,-0.74,32.46,31.72,1001780
Cellnex,2025-05-15,32.67,0.82,2.57,32.79,31.84,1310099
Cellnex,2025-05-16,32.84,0.17,0.51,32.98,32.63,1006962
Cellnex,2025-05-19,32.8,-0.04,-0.12,32.88,32.03,749418
Cellnex,2025-05-20,33.28,0.48,1.47,33.35,32.76,659020
Cellnex,2025-05-21,33.03,-0.26,-0.77,33.57,33.03,1310776
Cellnex,2025-05-22,32.6,-0.42,-1.28,32.99,32.28,903614
Cellnex,2025-05-23,32.82,0.22,0.67,32.82,32.39,914731
Cellnex,2025-05-26,33.03,0.21,0.63,33.03,32.73,289469
Cellnex,2025-05-27,33.13,0.11,0.33,33.32,32.93,711353
Cellnex,2025-05-28,32.77,-0.36,-1.1,33.28,32.68,630770
Cellnex,2025-05-29,32.89,0.12,0.36,33.09,32.36,2780468
Cellnex,2025-05-30,33.24,0.35,1.08,33.5,32.83,4064819
Cellnex,2025-06-02,33.5,0.26,0.77,33.66,33.17,597676
Cellnex,2025-06-03,33.4,-0.1,-0.29,33.78,33.32,537308
Cellnex,2025-06-04,33.58,0.18,0.53,33.74,33.17,526577
Cellnex,2025-06-05,33.62,0.04,0.12,34.04,33.33,620123
Cellnex,2025-06-06,33.2,-0.41,-1.23,33.86,33.08,599957
Cellnex,2025-06-09,33.04,-0.17,-0.5,33.51,32.94,3170976
Cellnex,2025-06-10,33.27,0.24,0.72,33.36,33.06,567806
Cellnex,2025-06-11,33.11,-0.16,-0.47,33.3,32.93,1092363
Cellnex,2025-06-12,32.58,-0.53,-1.61,33.08,32.4,1289790
Cellnex,2025-06-13,32.5,-0.08,-0.24,32.89,32.24,785688
Cellnex,2025-06-16,32.32,-0.18,-0.56,32.37,31.98,1162097
Cellnex,2025-06-17,32.45,0.13,0.4,32.45,31.85,760884
Cellnex,2025-06-18,32.39,-0.06,-0.18,32.6,32.12,1052415
Cellnex,2025-06-19,32.11,-0.29,-0.88,32.29,32.05,599929
Cellnex,2025-06-20,32.21,0.11,0.34,32.5,32.07,2546495
Cellnex,2025-06-23,32.72,0.5,1.56,32.84,31.87,940241
Cellnex,2025-06-24,33.09,0.37,1.15,33.09,32.44,742425
Cellnex,2025-06-25,32.4,-0.69,-2.09,33.04,32.38,694642
Cellnex,2025-06-26,32.55,0.15,0.46,32.99,32.5,760746
Cellnex,2025-06-27,32.39,-0.16,-0.48,32.81,32.22,835395
Cellnex,2025-06-30,32.5,0.11,0.33,32.68,32.28,1122663
Cellnex,2025-07-01,33.62,1.12,3.46,33.62,32.59,1265355
Cellnex,2025-07-02,33.15,-0.47,-1.41,33.73,32.61,1207575
Cellnex,2025-07-03,32.87,-0.28,-0.83,33.32,32.59,968898
Cellnex,2025-07-04,32.8,-0.08,-0.24,33.03,32.51,589200
Cellnex,2025-07-07,32.33,-0.46,-1.41,32.9,32.28,1726245
Cellnex,2025-07-08,31.87,-0.46,-1.43,32.5,31.63,805244
Cellnex,2025-07-09,31.91,0.04,0.12,32.16,31.77,624935
Cellnex,2025-07-10,31.86,-0.05,-0.15,32.11,31.75,562521
Cellnex,2025-07-11,31.81,-0.05,-0.15,31.94,31.68,599801
Cellnex,2025-07-14,31.9,0.09,0.28,31.9,31.35,691355
Cellnex,2025-07-15,31.6,-0.3,-0.93,32.09,31.53,781538
Cellnex,2025-07-16,31.66,0.06,0.19,31.76,31.33,1807894
Cellnex,2025-07-17,32.09,0.42,1.34,32.09,31.66,780451
Cellnex,2025-07-18,32.42,0.34,1.05,32.43,32.06,982718
Cellnex,2025-07-21,32.63,0.21,0.64,32.69,32.28,723252
Cellnex,2025-07-22,33.14,0.51,1.57,33.15,32.47,1088267
Cellnex,2025-07-23,32.74,-0.4,-1.22,33.31,32.74,1358851
Cellnex,2025-07-24,32.69,-0.05,-0.15,33.33,32.49,1133449
Cellnex,2025-07-25,31.71,-0.98,-2.99,32.42,31.7,1165465
Cellnex,2025-07-28,31.76,0.05,0.16,32.16,31.64,704231
Cellnex,2025-07-29,30.72,-1.04,-3.26,31.37,30.59,1783972
Cellnex,2025-07-30,30.94,0.22,0.71,31.16,30.53,774636
Cellnex,2025-07-31,30.58,-0.36,-1.18,30.95,30.38,1208764
Cellnex,2025-08-01,30.96,0.38,1.26,31.12,29.86,1297845
Cellnex,2025-08-04,30.71,-0.25,-0.8,30.94,30.3,554614
Cellnex,2025-08-05,30.42,-0.3,-0.96,30.93,30.34,764784
Cellnex,2025-08-06,30.03,-0.38,-1.26,30.43,30.03,1309407
Cellnex,2025-08-07,30.04,0.01,0.03,30.11,29.71,909849
Cellnex,2025-08-08,29.69,-0.36,-1.18,30.24,29.69,727626
Cellnex,2025-08-11,29.68,-0.01,-0.03,29.96,29.6,1019160
Cellnex,2025-08-12,29.31,-0.36,-1.23,29.89,29.31,819974
Cellnex,2025-08-13,29.58,0.27,0.91,29.76,29.37,592051
Cellnex,2025-08-14,29.82,0.24,0.8,30.02,29.55,749868
Cellnex,2025-08-15,30.08,0.27,0.89,30.13,29.78,738088
Cellnex,2025-08-18,29.74,-0.35,-1.15,30.18,29.74,609777
Cellnex,2025-08-19,29.93,0.19,0.63,29.94,29.57,696847
Cellnex,2025-08-20,29.83,-0.1,-0.33,29.97,29.71,878735
Cellnex,2025-08-21,29.51,-0.32,-1.06,29.79,29.4,851242
Cellnex,2025-08-22,30.61,1.09,3.71,30.63,29.47,814404
Cellnex,2025-08-25,30.71,0.11,0.35,30.87,30.53,674820
Cellnex,2025-08-26,30.44,-0.28,-0.9,30.86,30.42,2167465
Cellnex,2025-08-27,30.49,0.05,0.16,30.85,30.31,670125
Cellnex,2025-08-28,30.62,0.13,0.42,30.69,30.24,750312
Cellnex,2025-08-29,29.97,-0.64,-2.09,30.7,29.88,802998
Cellnex,2025-09-01,30.15,0.18,0.59,30.2,29.87,534439
Cellnex,2025-09-02,29.25,-0.9,-2.98,30.13,29.14,1026062
Cellnex,2025-09-03,29.4,0.15,0.51,29.47,29.1,786159
Cellnex,2025-09-04,29.52,0.12,0.4,29.87,29.28,539807
Cellnex,2025-09-05,30.2,0.68,2.31,30.2,29.43,811114
Cellnex,2025-09-08,29.78,-0.42,-1.4,30.38,29.78,796226
Cellnex,2025-09-09,29.54,-0.24,-0.79,29.8,29.49,673166
Cellnex,2025-09-10,29.69,0.15,0.5,29.79,29.24,691461
Cellnex,2025-09-11,29.84,0.15,0.5,30.29,29.63,513365
Cellnex,2025-09-12,30.06,0.23,0.76,30.09,29.64,703872
Cellnex,2025-09-15,29.74,-0.33,-1.08,30.34,29.74,805382
Cellnex,2025-09-16,28.94,-0.8,-2.69,29.8,28.86,1441126
Cellnex,2025-09-17,29.17,0.23,0.78,29.33,28.76,772151
Cellnex,2025-09-18,28.81,-0.36,-1.22,29.35,28.81,913908
Cellnex,2025-09-19,28.9,0.09,0.31,29.39,28.66,3623154
Cellnex,2025-09-22,28.4,-0.5,-1.74,28.82,28.37,735291
Cellnex,2025-09-23,28.29,-0.11,-0.38,28.83,28.29,1199920
Cellnex,2025-09-24,28.02,-0.27,-0.94,28.4,28.01,915067
Cellnex,2025-09-25,27.88,-0.14,-0.49,28.1,27.79,685889
Cellnex,2025-09-26,28.29,0.4,1.45,28.37,27.75,672204
Cellnex,2025-09-29,28.75,0.46,1.64,28.81,28.11,678533
Cellnex,2025-09-30,29.09,0.34,1.17,29.12,28.48,933003
Cellnex,2025-10-01,28.79,-0.3,-1.02,29.1,28.65,858764
Cellnex,2025-10-02,29.28,0.49,1.71,29.32,28.64,803492
Cellnex,2025-10-03,29.18,-0.11,-0.37,29.53,29.17,633733
Cellnex,2025-10-06,29.15,-0.03,-0.1,29.42,29.1,620617
Cellnex,2025-10-07,28.63,-0.51,-1.76,28.92,28.37,1108659
Cellnex,2025-10-08,29.11,0.47,1.65,29.32,28.55,950904
Cellnex,2025-10-09,29.36,0.26,0.88,29.36,28.95,580790
Cellnex,2025-10-10,29.12,-0.25,-0.84,29.79,29.12,733516
Cellnex,2025-10-13,28.78,-0.34,-1.15,29.13,28.75,463603
Cellnex,2025-10-14,28.84,0.06,0.21,29.21,28.68,489732
Cellnex,2025-10-15,28.14,-0.7,-2.43,28.44,27.71,1563086
Cellnex,2025-10-16,28.29,0.15,0.53,28.4,28.07,681365
Cellnex,2025-10-17,28.86,0.57,2.02,28.95,28.14,855050
Cellnex,2025-10-20,28.6,-0.26,-0.89,29.02,28.55,742989
Cellnex,2025-10-21,28.6,0.0,0.0,28.82,28.48,613533
Cellnex,2025-10-22,28.68,0.08,0.28,28.81,28.55,595169
Cellnex,2025-10-23,28.99,0.31,1.07,29.06,28.45,598990
Cellnex,2025-10-24,29.2,0.21,0.71,29.2,28.78,533006
Cellnex,2025-10-27,28.79,-0.4,-1.39,29.43,28.79,824924
Cellnex,2025-10-28,28.09,-0.7,-2.43,28.97,28.07,1154533
Cellnex,2025-10-29,27.77,-0.33,-1.16,28.15,27.68,1316698
Cellnex,2025-10-30,26.97,-0.8,-2.88,27.79,26.79,1459183
Cellnex,2025-10-31,26.66,-0.31,-1.13,27.14,26.66,1162489
Cellnex,2025-11-03,26.34,-0.33,-1.22,26.74,26.32,1006897
Cellnex,2025-11-04,26.38,0.05,0.19,26.38,25.9,1406851
Cellnex,2025-11-05,26.81,0.42,1.61,26.88,26.31,1483022
Cellnex,2025-11-06,27.21,0.4,1.51,27.21,26.59,1598877
Cellnex,2025-11-07,26.24,-0.98,-3.59,27.3,25.61,2567816
Cellnex,2025-11-10,25.84,-0.39,-1.5,26.29,25.74,1413668
Cellnex,2025-11-11,25.86,0.02,0.08,26.1,25.56,2175964
Cellnex,2025-11-12,26.03,0.17,0.65,26.57,25.96,1423624
Cellnex,2025-11-13,26.03,0.0,0.0,26.18,25.87,2146693
Cellnex,2025-11-14,25.72,-0.31,-1.17,25.86,25.36,1373664
Cellnex,2025-11-17,25.51,-0.22,-0.84,25.91,25.5,1288338
Cellnex,2025-11-18,24.93,-0.57,-2.24,25.44,24.91,1986831
Cellnex,2025-11-19,24.72,-0.22,-0.87,25.22,24.72,2036999
Cellnex,2025-11-20,24.59,-0.13,-0.52,25.27,24.59,2228287
Cellnex,2025-11-21,25.28,0.69,2.81,25.41,24.45,1488803
Cellnex,2025-11-24,25.3,0.02,0.08,25.53,25.11,2098482
Cellnex,2025-11-25,25.36,0.06,0.23,25.36,25.02,1548898
Cellnex,2025-11-26,25.5,0.14,0.54,25.54,25.02,1896703
Cellnex,2025-11-27,25.6,0.1,0.39,25.77,25.34,852715
Cellnex,2025-11-28,25.51,-0.09,-0.35,25.61,25.42,700876
Cellnex,2025-12-01,25.26,-0.25,-0.97,25.42,25.11,796806
Cellnex,2025-12-02,24.62,-0.64,-2.54,25.25,24.53,1344482
Cellnex,2025-12-03,24.68,0.06,0.24,25.19,24.66,1568022
Cellnex,2025-12-04,24.98,0.31,1.24,25.06,24.62,1644713
Cellnex,2025-12-05,25.15,0.17,0.67,25.21,24.82,1001036
Cellnex,2025-12-08,24.88,-0.28,-1.1,25.2,24.74,1207201
Cellnex,2025-12-09,25.2,0.33,1.31,25.27,24.88,1599907
Cellnex,2025-12-10,25.22,0.02,0.08,25.4,24.82,1239394
Cellnex,2025-12-11,25.0,-0.22,-0.86,25.7,24.82,1041304
Cellnex,2025-12-12,25.18,0.18,0.71,25.23,24.87,559131
Cellnex,2025-12-15,25.21,0.03,0.12,25.25,24.95,1100398
Cellnex,2025-12-16,25.3,0.09,0.35,25.48,25.11,848057
Cellnex,2025-12-17,25.75,0.45,1.79,25.78,25.22,1152192
Cellnex,2025-12-18,26.28,0.52,2.03,26.29,25.83,2190700
Cellnex,2025-12-19,26.53,0.26,0.98,26.63,26.08,5971171
Cellnex,2025-12-22,26.19,-0.35,-1.3,26.43,25.77,1043084
Cellnex,2025-12-23,26.36,0.18,0.68,26.44,26.24,635495
Cellnex,2025-12-24,26.48,0.12,0.45,26.48,26.34,269527
Cellnex,2025-12-29,26.98,0.49,1.86,27.14,26.35,1126976
Cellnex,2025-12-30,27.2,0.23,0.84,27.27,26.89,831759
Cellnex,2025-12-31,27.06,-0.15,-0.54,27.22,26.98,682721
Cellnex,2026-01-02,27.05,-0.01,-0.04,27.26,26.82,926660
Cellnex,2026-01-05,27.03,-0.02,-0.07,27.32,26.66,1718869
Cellnex,2026-01-06,27.27,0.25,0.91,27.48,27.0,1815219
Cellnex,2026-01-07,27.3,0.03,0.11,27.73,27.16,1674083
Cellnex,2026-01-08,27.12,-0.18,-0.65,27.47,26.64,1963450
Cellnex,2026-01-09,26.53,-0.59,-2.18,26.65,26.2,1768941
Cellnex,2026-01-12,26.78,0.25,0.93,27.08,26.5,1368083
Cellnex,2026-01-13,26.3,-0.48,-1.79,26.64,26.14,1177000
Cellnex,2026-01-14,26.1,-0.2,-0.76,26.48,26.06,1757516
Cellnex,2026-01-15,26.17,0.07,0.27,26.24,25.89,959360
Cellnex,2026-01-16,26.02,-0.15,-0.57,26.23,25.86,1245583
Cellnex,2026-01-19,25.95,-0.07,-0.27,26.35,25.9,996963
Cellnex,2026-01-20,25.2,-0.75,-2.89,25.76,24.9,1624270
Cellnex,2026-01-21,25.17,-0.03,-0.12,25.37,24.86,1012815
Cellnex,2026-01-22,25.6,0.43,1.71,25.7,24.77,1459323
Cellnex,2026-01-23,25.77,0.17,0.66,25.88,25.53,1345251
Cellnex,2026-01-26,25.95,0.18,0.7,26.16,25.6,988587
Cellnex,2026-01-27,25.16,-0.79,-3.04,25.86,25.04,1694716
Cellnex,2026-01-28,25.62,0.46,1.83,25.62,24.96,1380773
Cellnex,2026-01-29,26.06,0.44,1.72,26.08,25.44,1385228
Cellnex,2026-01-30,26.02,-0.04,-0.15,26.17,25.67,1783288
Cellnex,2026-02-02,25.99,-0.03,-0.12,26.37,25.89,2704855
Cellnex,2026-02-03,26.01,0.02,0.08,26.19,25.48,1195897
Cellnex,2026-02-04,27.73,1.72,6.61,27.97,26.1,2899810
Cellnex,2026-02-05,27.85,0.12,0.43,27.89,27.22,1295022
Cellnex,2026-02-06,27.44,-0.41,-1.47,27.67,27.11,782704
Cellnex,2026-02-09,27.95,0.51,1.86,28.08,27.16,1081657
Cellnex,2026-02-10,28.64,0.69,2.47,28.64,27.86,2117177
Cellnex,2026-02-11,28.8,0.16,0.56,29.15,28.53,1468490
Cellnex,2026-02-12,29.34,0.54,1.88,29.41,28.73,1316614
Cellnex,2026-02-13,29.93,0.59,2.01,30.4,29.31,2359436
Cellnex,2026-02-16,29.8,-0.13,-0.43,30.12,29.55,1494126
Cellnex,2026-02-17,30.5,0.7,2.35,30.6,29.91,1392833
Cellnex,2026-02-18,30.43,-0.07,-0.23,30.85,30.35,3712861
Cellnex,2026-02-19,30.0,-0.43,-1.41,30.61,29.96,1094289
Cellnex,2026-02-20,30.46,0.46,1.53,30.49,29.89,1532661
Cellnex,2026-02-23,30.87,0.41,1.35,30.91,30.35,1207420
Cellnex,2026-02-24,30.6,-0.27,-0.87,31.35,30.47,1715990
Cellnex,2026-02-25,30.96,0.36,1.18,31.0,30.26,1185905
Cellnex,2026-02-26,31.1,0.14,0.45,31.36,30.81,1310640
Cellnex,2026-02-27,32.14,1.04,3.34,32.71,30.18,5234760
Cellnex,2026-03-02,32.48,0.34,1.06,32.68,31.35,2228406
Cellnex,2026-03-03,30.31,-2.17,-6.68,32.12,30.13,2810555
Cellnex,2026-03-04,30.46,0.15,0.49,30.62,29.81,1721975
Cellnex,2026-03-05,29.86,-0.6,-1.97,30.84,29.86,2055390
Cellnex,2026-03-06,29.29,-0.57,-1.91,30.42,28.65,1792411
Cellnex,2026-03-09,29.24,-0.05,-0.17,29.34,28.37,1151829
Cellnex,2026-03-10,29.52,0.28,0.96,30.11,29.41,1091609
Cellnex,2026-03-11,29.25,-0.27,-0.91,29.69,29.16,1305048
Cellnex,2026-03-12,28.77,-0.48,-1.64,29.32,28.11,1363174
Cellnex,2026-03-13,29.39,0.62,2.16,29.64,28.36,3165249
Cellnex,2026-03-16,29.09,-0.3,-1.02,29.67,29.01,871222
Colonial,2025-03-17,5.17,0.0,0.0,5.17,5.09,1089510
Colonial,2025-03-18,5.16,-0.01,-0.18,5.19,5.14,497572
Colonial,2025-03-19,5.19,0.02,0.46,5.2,5.13,512559
Colonial,2025-03-20,5.19,0.0,0.09,5.23,5.17,530485
Colonial,2025-03-21,5.23,0.04,0.73,5.24,5.17,834238
Colonial,2025-03-24,5.14,-0.09,-1.73,5.27,5.13,519634
Colonial,2025-03-25,5.19,0.06,1.11,5.25,5.17,704553
Colonial,2025-03-26,5.18,-0.02,-0.37,5.19,5.11,532941
Colonial,2025-03-27,5.14,-0.04,-0.74,5.2,5.14,788801
Colonial,2025-03-28,5.22,0.09,1.67,5.23,5.16,449018
Colonial,2025-03-31,5.19,-0.03,-0.64,5.22,5.14,458245
Colonial,2025-04-01,5.21,0.02,0.46,5.29,5.19,863358
Colonial,2025-04-02,5.19,-0.03,-0.55,5.25,5.18,477842
Colonial,2025-04-03,5.35,0.16,3.12,5.42,5.15,1871407
Colonial,2025-04-04,5.15,-0.2,-3.74,5.4,5.11,2168991
Colonial,2025-04-07,4.93,-0.21,-4.16,5.18,4.82,2515062
Colonial,2025-04-08,5.0,0.06,1.25,5.02,4.85,1121514
Colonial,2025-04-09,4.79,-0.2,-4.1,4.9,4.74,1484635
Colonial,2025-04-10,4.93,0.14,2.98,5.12,4.93,1125713
Colonial,2025-04-11,5.02,0.09,1.83,5.06,4.89,717384
Colonial,2025-04-14,5.13,0.1,2.08,5.15,5.06,776712
Colonial,2025-04-15,5.29,0.16,3.15,5.29,5.13,756307
Colonial,2025-04-16,5.27,-0.02,-0.45,5.3,5.21,843868
Colonial,2025-04-17,5.34,0.07,1.36,5.37,5.22,628374
Colonial,2025-04-22,5.42,0.08,1.52,5.45,5.34,811477
Colonial,2025-04-23,5.4,-0.02,-0.35,5.47,5.39,891932
Colonial,2025-04-24,5.39,-0.0,-0.09,5.47,5.39,635094
Colonial,2025-04-25,5.41,0.01,0.26,5.45,5.4,523071
Colonial,2025-04-28,5.4,-0.0,-0.09,5.45,5.37,666413
Colonial,2025-04-29,5.39,-0.01,-0.18,5.47,5.39,582671
Colonial,2025-04-30,5.43,0.03,0.62,5.43,5.33,945177
Colonial,2025-05-02,5.48,0.05,0.96,5.52,5.44,950408
Colonial,2025-05-05,5.54,0.06,1.04,5.54,5.48,581136
Colonial,2025-05-06,5.6,0.06,1.12,5.6,5.49,918122
Colonial,2025-05-07,5.52,-0.08,-1.36,5.62,5.49,891489
Colonial,2025-05-08,5.52,-0.0,-0.09,5.58,5.49,545164
Colonial,2025-05-09,5.55,0.03,0.52,5.57,5.49,621851
Colonial,2025-05-12,5.49,-0.06,-1.11,5.56,5.39,1022427
Colonial,2025-05-13,5.49,0.01,0.17,5.55,5.46,733434
Colonial,2025-05-14,5.49,0.0,0.0,5.57,5.47,664288
Colonial,2025-05-15,5.58,0.09,1.56,5.59,5.46,625634
Colonial,2025-05-16,5.68,0.1,1.79,5.68,5.6,1067099
Colonial,2025-05-19,5.64,-0.04,-0.67,5.7,5.61,1253321
Colonial,2025-05-20,5.69,0.05,0.84,5.72,5.65,846486
Colonial,2025-05-21,5.65,-0.04,-0.67,5.69,5.64,605064
Colonial,2025-05-22,5.56,-0.1,-1.68,5.63,5.55,721961
Colonial,2025-05-23,5.58,0.02,0.43,5.61,5.46,1232138
Colonial,2025-05-26,5.64,0.06,1.11,5.68,5.62,475214
Colonial,2025-05-27,5.68,0.04,0.67,5.69,5.61,680755
Colonial,2025-05-28,5.73,0.05,0.92,5.79,5.7,858007
Colonial,2025-05-29,5.78,0.05,0.83,5.79,5.7,587358
Colonial,2025-05-30,5.83,0.05,0.91,5.88,5.8,1751932
Colonial,2025-06-02,5.81,-0.02,-0.41,5.9,5.76,1128157
Colonial,2025-06-03,5.81,0.0,0.0,5.89,5.81,885325
Colonial,2025-06-04,5.77,-0.04,-0.66,5.83,5.77,742598
Colonial,2025-06-05,5.79,0.02,0.41,5.87,5.75,873060
Colonial,2025-06-06,5.81,0.02,0.33,5.85,5.8,906674
Colonial,2025-06-09,5.87,0.05,0.9,5.88,5.82,1922730
Colonial,2025-06-10,5.98,0.11,1.95,5.99,5.85,1275224
Colonial,2025-06-11,5.96,-0.02,-0.32,6.03,5.95,1499653
Colonial,2025-06-12,5.91,-0.05,-0.88,5.97,5.89,694849
Colonial,2025-06-13,5.83,-0.08,-1.29,5.9,5.83,1634134
Colonial,2025-06-16,5.88,0.05,0.82,5.92,5.83,1716029
Colonial,2025-06-17,5.87,-0.01,-0.17,5.87,5.59,1279596
Colonial,2025-06-18,5.93,0.06,0.94,5.95,5.86,602316
Colonial,2025-06-19,5.87,-0.06,-0.93,5.93,5.86,367381
Colonial,2025-06-20,5.89,0.02,0.34,5.95,5.86,2375556
Colonial,2025-06-23,5.93,0.04,0.68,5.94,5.82,1011590
Colonial,2025-06-24,5.97,0.04,0.59,6.0,5.95,634752
Colonial,2025-06-25,5.86,-0.11,-1.84,5.98,5.85,868172
Colonial,2025-06-26,5.95,0.09,1.54,5.97,5.86,620361
Colonial,2025-06-27,5.91,-0.04,-0.67,5.97,5.89,737740
Colonial,2025-06-30,6.01,0.11,1.78,6.09,5.91,1668765
Colonial,2025-07-01,6.05,0.04,0.75,6.07,5.99,565535
Colonial,2025-07-02,6.01,-0.04,-0.66,6.06,5.95,852469
Colonial,2025-07-03,6.0,-0.01,-0.25,6.07,5.99,888248
Colonial,2025-07-04,5.97,-0.03,-0.58,6.0,5.93,565004
Colonial,2025-07-07,5.98,0.01,0.25,5.99,5.95,643339
Colonial,2025-07-08,5.88,-0.11,-1.76,6.0,5.88,686181
Colonial,2025-07-09,6.02,0.14,2.47,6.06,5.89,1198899
Colonial,2025-07-10,5.91,-0.11,-1.91,6.03,5.91,911472
Colonial,2025-07-11,5.86,-0.05,-0.76,5.91,5.86,687436
Colonial,2025-07-14,5.91,0.05,0.77,5.92,5.82,784481
Colonial,2025-07-15,5.86,-0.05,-0.76,5.94,5.84,791067
Colonial,2025-07-16,5.84,-0.03,-0.43,5.88,5.82,744903
Colonial,2025-07-17,5.89,0.05,0.86,5.91,5.84,718768
Colonial,2025-07-18,5.88,-0.01,-0.17,5.92,5.86,884782
Colonial,2025-07-21,6.01,0.14,2.38,6.03,5.91,809705
Colonial,2025-07-22,6.09,0.07,1.16,6.09,6.02,936708
Colonial,2025-07-23,6.06,-0.03,-0.41,6.14,6.05,900251
Colonial,2025-07-24,6.09,0.03,0.5,6.14,6.05,1329247
Colonial,2025-07-25,5.86,-0.23,-3.78,6.09,5.8,2376884
Colonial,2025-07-28,5.81,-0.05,-0.85,5.95,5.81,1157939
Colonial,2025-07-29,5.76,-0.05,-0.86,5.82,5.76,1338848
Colonial,2025-07-30,5.86,0.1,1.82,5.91,5.8,1219373
Colonial,2025-07-31,5.82,-0.04,-0.68,5.93,5.82,1310086
Colonial,2025-08-01,5.75,-0.07,-1.29,5.8,5.71,1124558
Colonial,2025-08-04,5.86,0.11,1.91,5.86,5.76,851968
Colonial,2025-08-05,5.82,-0.04,-0.6,5.89,5.82,624629
Colonial,2025-08-06,5.91,0.09,1.55,5.91,5.84,902320
Colonial,2025-08-07,5.86,-0.05,-0.85,5.94,5.85,993356
Colonial,2025-08-08,5.93,0.06,1.02,5.97,5.88,742981
Colonial,2025-08-11,5.86,-0.06,-1.01,5.97,5.85,472891
Colonial,2025-08-12,5.78,-0.08,-1.36,5.89,5.78,641571
Colonial,2025-08-13,5.8,0.02,0.26,5.82,5.78,602201
Colonial,2025-08-14,5.8,0.0,0.0,5.84,5.74,960860
Colonial,2025-08-15,5.77,-0.03,-0.52,5.85,5.74,642410
Colonial,2025-08-18,5.78,0.01,0.17,5.8,5.75,767142
Colonial,2025-08-19,5.78,0.0,0.0,5.8,5.76,485336
Colonial,2025-08-20,5.8,0.01,0.26,5.8,5.76,470154
Colonial,2025-08-21,5.76,-0.03,-0.6,5.79,5.72,1248977
Colonial,2025-08-22,5.86,0.1,1.74,5.86,5.72,713149
Colonial,2025-08-25,5.83,-0.03,-0.51,5.86,5.81,521039
Colonial,2025-08-26,5.76,-0.07,-1.2,5.82,5.72,1433166
Colonial,2025-08-27,5.74,-0.02,-0.26,5.78,5.72,578286
Colonial,2025-08-28,5.7,-0.05,-0.87,5.78,5.66,690723
Colonial,2025-08-29,5.64,-0.06,-1.05,5.7,5.63,864038
Colonial,2025-09-01,5.64,0.01,0.18,5.68,5.64,590996
Colonial,2025-09-02,5.51,-0.14,-2.48,5.64,5.49,1293547
Colonial,2025-09-03,5.56,0.05,1.0,5.57,5.49,883345
Colonial,2025-09-04,5.57,0.01,0.18,5.62,5.56,578083
Colonial,2025-09-05,5.63,0.06,1.08,5.65,5.55,689269
Colonial,2025-09-08,5.68,0.05,0.98,5.74,5.64,778173
Colonial,2025-09-09,5.64,-0.05,-0.79,5.7,5.62,424961
Colonial,2025-09-10,5.64,-0.0,-0.09,5.68,5.61,1023996
Colonial,2025-09-11,5.65,0.01,0.27,5.66,5.61,407255
Colonial,2025-09-12,5.64,-0.01,-0.27,5.67,5.61,404155
Colonial,2025-09-15,5.65,0.01,0.27,5.7,5.62,407839
Colonial,2025-09-16,5.56,-0.09,-1.59,5.66,5.55,626754
Colonial,2025-09-17,5.57,0.01,0.09,5.6,5.53,440549
Colonial,2025-09-18,5.57,0.01,0.18,5.61,5.53,535010
Colonial,2025-09-19,5.59,0.02,0.27,5.61,5.55,1958794
Colonial,2025-09-22,5.51,-0.08,-1.43,5.59,5.51,621795
Colonial,2025-09-23,5.51,0.0,0.0,5.57,5.51,491866
Colonial,2025-09-24,5.51,-0.01,-0.09,5.53,5.51,1224312
Colonial,2025-09-25,5.45,-0.06,-1.0,5.55,5.45,1345622
Colonial,2025-09-26,5.51,0.06,1.01,5.53,5.46,606329
Colonial,2025-09-29,5.51,0.01,0.09,5.52,5.43,733687
Colonial,2025-09-30,5.55,0.04,0.82,5.55,5.47,772089
Colonial,2025-10-01,5.55,0.0,0.0,5.55,5.47,999357
Colonial,2025-10-02,5.53,-0.03,-0.54,5.59,5.51,994825
Colonial,2025-10-03,5.5,-0.03,-0.45,5.57,5.45,1526059
Colonial,2025-10-06,5.41,-0.09,-1.64,5.5,5.38,977534
Colonial,2025-10-07,5.4,-0.01,-0.18,5.45,5.39,886715
Colonial,2025-10-08,5.43,0.03,0.46,5.44,5.39,1017548
Colonial,2025-10-09,5.41,-0.02,-0.37,5.47,5.41,683862
Colonial,2025-10-10,5.44,0.03,0.65,5.49,5.43,689463
Colonial,2025-10-13,5.49,0.05,1.01,5.51,5.45,566941
Colonial,2025-10-14,5.57,0.07,1.27,5.57,5.49,885953
Colonial,2025-10-15,5.51,-0.06,-1.08,5.59,5.48,990671
Colonial,2025-10-16,5.59,0.08,1.45,5.59,5.49,580273
Colonial,2025-10-17,5.57,-0.01,-0.18,5.59,5.52,857732
Colonial,2025-10-20,5.58,0.01,0.09,5.61,5.54,517687
Colonial,2025-10-21,5.59,0.01,0.18,5.62,5.53,637236
Colonial,2025-10-22,5.62,0.03,0.54,5.64,5.59,963572
Colonial,2025-10-23,5.64,0.03,0.44,5.64,5.6,839391
Colonial,2025-10-24,5.59,-0.05,-0.97,5.65,5.53,868659
Colonial,2025-10-27,5.61,0.02,0.36,5.61,5.54,1140055
Colonial,2025-10-28,5.55,-0.06,-0.98,5.62,5.55,442797
Colonial,2025-10-29,5.53,-0.02,-0.45,5.59,5.51,1809277
Colonial,2025-10-30,5.51,-0.02,-0.36,5.53,5.47,1173727
Colonial,2025-10-31,5.49,-0.03,-0.45,5.53,5.47,776338
Colonial,2025-11-03,5.45,-0.03,-0.55,5.49,5.45,636584
Colonial,2025-11-04,5.47,0.01,0.18,5.48,5.4,806317
Colonial,2025-11-05,5.44,-0.03,-0.46,5.49,5.41,879134
Colonial,2025-11-06,5.42,-0.02,-0.37,5.45,5.42,526776
Colonial,2025-11-07,5.4,-0.02,-0.37,5.46,5.4,603847
Colonial,2025-11-10,5.43,0.03,0.46,5.47,5.42,851483
Colonial,2025-11-11,5.47,0.04,0.83,5.49,5.43,684150
Colonial,2025-11-12,5.54,0.07,1.28,5.57,5.45,1288611
Colonial,2025-11-13,5.57,0.03,0.63,5.59,5.53,722334
Colonial,2025-11-14,5.26,-0.31,-5.56,5.49,5.22,4444857
Colonial,2025-11-17,5.22,-0.05,-0.95,5.3,5.22,1195530
Colonial,2025-11-18,5.16,-0.06,-1.15,5.22,5.14,1483362
Colonial,2025-11-19,5.15,-0.01,-0.1,5.18,5.1,1616091
Colonial,2025-11-20,5.13,-0.02,-0.39,5.2,5.13,1591553
Colonial,2025-11-21,5.09,-0.05,-0.88,5.15,5.09,2101568
Colonial,2025-11-24,5.1,0.01,0.29,5.13,5.07,1255997
Colonial,2025-11-25,5.11,0.01,0.29,5.14,5.09,1167254
Colonial,2025-11-26,5.18,0.06,1.17,5.2,5.11,1013397
Colonial,2025-11-27,5.23,0.05,1.06,5.3,5.16,2287609
Colonial,2025-11-28,5.28,0.05,0.86,5.29,5.22,1547052
Colonial,2025-12-01,5.27,-0.01,-0.09,5.29,5.23,1934351
Colonial,2025-12-02,5.26,-0.01,-0.28,5.32,5.26,1046473
Colonial,2025-12-03,5.22,-0.03,-0.57,5.28,5.22,986660
Colonial,2025-12-04,5.24,0.02,0.38,5.29,5.21,897263
Colonial,2025-12-05,5.22,-0.02,-0.38,5.27,5.22,1283717
Colonial,2025-12-08,5.12,-0.1,-1.91,5.25,5.12,1007498
Colonial,2025-12-09,5.12,-0.01,-0.1,5.16,5.11,853444
Colonial,2025-12-10,5.14,0.02,0.29,5.14,5.09,1107334
Colonial,2025-12-11,5.16,0.02,0.49,5.17,5.12,1139722
Colonial,2025-12-12,5.21,0.05,0.97,5.25,5.17,1365454
Colonial,2025-12-15,5.22,0.01,0.19,5.3,5.22,1462024
Colonial,2025-12-16,5.22,0.01,0.1,5.26,5.21,1997435
Colonial,2025-12-17,5.19,-0.03,-0.67,5.26,5.16,1483213
Colonial,2025-12-18,5.24,0.05,0.87,5.24,5.16,1643909
Colonial,2025-12-19,5.22,-0.02,-0.29,5.24,5.19,3766021
Colonial,2025-12-22,5.27,0.05,0.96,5.27,5.18,1218333
Colonial,2025-12-23,5.3,0.03,0.57,5.33,5.27,1126858
Colonial,2025-12-24,5.32,0.02,0.38,5.34,5.3,432314
Colonial,2025-12-29,5.41,0.09,1.69,5.43,5.32,1327151
Colonial,2025-12-30,5.43,0.02,0.28,5.43,5.38,949631
Colonial,2025-12-31,5.47,0.04,0.74,5.47,5.41,742250
Colonial,2026-01-02,5.33,-0.14,-2.47,5.46,5.33,1552676
Colonial,2026-01-05,5.39,0.07,1.22,5.42,5.3,1660256
Colonial,2026-01-06,5.36,-0.04,-0.74,5.41,5.34,751819
Colonial,2026-01-07,5.47,0.11,2.05,5.47,5.36,1379071
Colonial,2026-01-08,5.34,-0.12,-2.29,5.42,5.29,1833705
Colonial,2026-01-09,5.3,-0.04,-0.66,5.36,5.27,1442605
Colonial,2026-01-12,5.26,-0.04,-0.75,5.3,5.26,1115086
Colonial,2026-01-13,5.21,-0.05,-1.04,5.3,5.21,1206454
Colonial,2026-01-14,5.2,-0.01,-0.29,5.24,5.14,1562583
Colonial,2026-01-15,5.18,-0.02,-0.29,5.18,5.07,1905807
Colonial,2026-01-16,5.16,-0.02,-0.39,5.24,5.14,1537360
Colonial,2026-01-19,5.15,-0.01,-0.19,5.17,5.12,1109453
Colonial,2026-01-20,5.07,-0.09,-1.65,5.12,5.03,2432980
Colonial,2026-01-21,5.03,-0.03,-0.59,5.07,5.03,1491446
Colonial,2026-01-22,5.12,0.09,1.69,5.14,5.03,2230363
Colonial,2026-01-23,5.12,0.01,0.1,5.17,5.12,1588003
Colonial,2026-01-26,5.16,0.04,0.78,5.18,5.11,1182215
Colonial,2026-01-27,5.18,0.02,0.39,5.2,5.14,912548
Colonial,2026-01-28,5.24,0.05,0.96,5.24,5.18,1389115
Colonial,2026-01-29,5.24,0.0,0.0,5.25,5.2,1274934
Colonial,2026-01-30,5.21,-0.03,-0.48,5.27,5.21,1744940
Colonial,2026-02-02,5.24,0.03,0.67,5.28,5.22,1048996
Colonial,2026-02-03,5.24,-0.01,-0.19,5.28,5.22,2618199
Colonial,2026-02-04,5.34,0.1,1.91,5.42,5.24,2489922
Colonial,2026-02-05,5.34,0.01,0.09,5.38,5.28,1500792
Colonial,2026-02-06,5.32,-0.03,-0.47,5.36,5.3,1309609
Colonial,2026-02-09,5.39,0.07,1.32,5.39,5.31,2584952
Colonial,2026-02-10,5.36,-0.02,-0.37,5.4,5.32,1849151
Colonial,2026-02-11,5.34,-0.02,-0.47,5.43,5.33,2285937
Colonial,2026-02-12,5.22,-0.12,-2.34,5.36,5.16,2574974
Colonial,2026-02-13,5.22,0.0,0.0,5.23,5.16,1653780
Colonial,2026-02-16,5.21,-0.01,-0.1,5.26,5.2,1198863
Colonial,2026-02-17,5.33,0.12,2.3,5.36,5.22,1390169
Colonial,2026-02-18,5.26,-0.07,-1.22,5.36,5.26,1345106
Colonial,2026-02-19,5.32,0.06,1.14,5.34,5.25,1152672
Colonial,2026-02-20,5.36,0.04,0.66,5.39,5.33,1266004
Colonial,2026-02-23,5.38,0.02,0.37,5.39,5.31,1281098
Colonial,2026-02-24,5.43,0.05,0.84,5.5,5.35,3192503
Colonial,2026-02-25,5.45,0.03,0.55,5.47,5.39,1475113
Colonial,2026-02-26,5.51,0.06,1.1,5.53,5.45,1574369
Colonial,2026-02-27,5.7,0.18,3.35,5.83,5.53,5471874
Colonial,2026-03-02,5.49,-0.21,-3.68,5.62,5.47,3744625
Colonial,2026-03-03,5.25,-0.24,-4.37,5.45,5.18,3594132
Colonial,2026-03-04,5.32,0.07,1.43,5.34,5.19,2022497
Colonial,2026-03-05,5.28,-0.04,-0.85,5.39,5.28,1766940
Colonial,2026-03-06,5.28,0.0,0.09,5.33,5.26,2157604
Colonial,2026-03-09,5.18,-0.11,-1.99,5.21,5.09,2316680
Colonial,2026-03-10,5.24,0.07,1.25,5.31,5.23,1582211
Colonial,2026-03-11,5.16,-0.09,-1.62,5.26,5.16,1451857
Colonial,2026-03-12,5.17,0.01,0.19,5.22,5.12,1766685
Colonial,2026-03-13,5.09,-0.08,-1.55,5.18,5.09,1443408
Colonial,2026-03-16,5.18,0.09,1.67,5.22,5.11,1107908
Enagas,2025-03-17,12.46,0.0,0.0,12.6,12.44,613290
Enagas,2025-03-18,12.46,0.0,0.0,12.52,12.38,947440
Enagas,2025-03-19,12.44,-0.02,-0.16,12.54,12.4,552084
Enagas,2025-03-20,12.62,0.17,1.4,12.66,12.49,756257
Enagas,2025-03-21,12.58,-0.04,-0.31,12.65,12.51,5258371
Enagas,2025-03-24,12.52,-0.06,-0.46,12.73,12.47,773968
Enagas,2025-03-25,12.56,0.04,0.31,12.65,12.53,580950
Enagas,2025-03-26,12.63,0.08,0.62,12.8,12.58,1208895
Enagas,2025-03-27,12.74,0.11,0.84,12.76,12.57,889787
Enagas,2025-03-28,12.9,0.16,1.22,12.95,12.71,1241433
Enagas,2025-03-31,12.93,0.03,0.23,13.0,12.82,1304209
Enagas,2025-04-01,12.92,-0.01,-0.08,12.94,12.76,692704
Enagas,2025-04-02,12.87,-0.05,-0.38,12.92,12.84,533578
Enagas,2025-04-03,13.26,0.39,3.02,13.26,12.85,1362292
Enagas,2025-04-04,12.92,-0.34,-2.56,13.47,12.88,2449801
Enagas,2025-04-07,12.18,-0.74,-5.71,12.62,11.94,2932883
Enagas,2025-04-08,12.36,0.18,1.51,12.41,12.03,1184362
Enagas,2025-04-09,12.09,-0.28,-2.24,12.2,11.99,1138347
Enagas,2025-04-10,12.38,0.29,2.41,12.81,12.16,1109813
Enagas,2025-04-11,12.41,0.03,0.27,12.48,12.27,1184644
Enagas,2025-04-14,12.52,0.11,0.86,12.58,12.41,656746
Enagas,2025-04-15,12.72,0.2,1.63,12.72,12.49,1028097
Enagas,2025-04-16,12.91,0.19,1.49,12.92,12.73,1116793
Enagas,2025-04-17,13.03,0.12,0.9,13.03,12.8,673187
Enagas,2025-04-22,12.99,-0.03,-0.26,13.09,12.9,773460
Enagas,2025-04-23,12.84,-0.16,-1.19,13.06,12.73,1620702
Enagas,2025-04-24,12.92,0.08,0.6,13.0,12.85,717526
Enagas,2025-04-25,12.94,0.02,0.19,13.01,12.89,1004612
Enagas,2025-04-28,13.01,0.07,0.56,13.06,12.95,601667
Enagas,2025-04-29,13.14,0.13,0.97,13.28,12.95,1032189
Enagas,2025-04-30,13.36,0.22,1.7,13.36,13.07,1344994
Enagas,2025-05-02,13.19,-0.17,-1.31,13.42,13.01,1195419
Enagas,2025-05-05,13.19,0.0,0.0,13.25,13.14,619552
Enagas,2025-05-06,13.29,0.1,0.77,13.4,13.26,1008670
Enagas,2025-05-07,13.29,0.0,0.04,13.38,13.28,605501
Enagas,2025-05-08,12.97,-0.32,-2.41,13.23,12.96,1072227
Enagas,2025-05-09,12.93,-0.05,-0.37,13.1,12.93,638267
Enagas,2025-05-12,12.72,-0.2,-1.58,13.01,12.62,1176601
Enagas,2025-05-13,12.66,-0.06,-0.5,12.8,12.65,856529
Enagas,2025-05-14,12.69,0.03,0.23,12.78,12.62,2094689
Enagas,2025-05-15,12.88,0.19,1.53,12.9,12.67,696553
Enagas,2025-05-16,13.05,0.16,1.28,13.07,12.91,600120
Enagas,2025-05-19,13.09,0.04,0.33,13.12,12.97,605754
Enagas,2025-05-20,13.26,0.16,1.26,13.26,13.08,945157
Enagas,2025-05-21,13.4,0.15,1.1,13.44,13.25,895882
Enagas,2025-05-22,13.43,0.02,0.18,13.46,13.3,581667
Enagas,2025-05-23,13.63,0.21,1.55,13.66,13.44,1330455
Enagas,2025-05-26,13.93,0.29,2.14,13.94,13.7,1159878
Enagas,2025-05-27,13.88,-0.04,-0.31,13.97,13.84,1001536
Enagas,2025-05-28,13.77,-0.11,-0.77,13.94,13.73,744155
Enagas,2025-05-29,13.73,-0.04,-0.32,13.79,13.6,495347
Enagas,2025-05-30,13.75,0.01,0.11,13.91,13.75,1030567
Enagas,2025-06-02,13.77,0.02,0.18,13.83,13.67,429701
Enagas,2025-06-03,13.75,-0.02,-0.18,13.88,13.7,703569
Enagas,2025-06-04,13.68,-0.07,-0.49,13.78,13.61,659243
Enagas,2025-06-05,13.61,-0.06,-0.46,13.67,13.53,614803
Enagas,2025-06-06,13.61,-0.0,-0.04,13.66,13.55,406194
Enagas,2025-06-09,13.66,0.05,0.39,13.75,13.61,482180
Enagas,2025-06-10,13.74,0.08,0.57,13.82,13.68,701742
Enagas,2025-06-11,13.73,-0.01,-0.11,13.75,13.62,1916532
Enagas,2025-06-12,13.87,0.15,1.06,13.87,13.72,586385
Enagas,2025-06-13,13.83,-0.04,-0.28,13.86,13.71,529316
Enagas,2025-06-16,13.77,-0.06,-0.42,13.92,13.74,795777
Enagas,2025-06-17,13.84,0.07,0.49,13.85,13.69,877415
Enagas,2025-06-18,13.95,0.11,0.77,13.95,13.77,1131438
Enagas,2025-06-19,13.86,-0.09,-0.63,13.96,13.81,428506
Enagas,2025-06-20,13.92,0.06,0.42,13.95,13.75,2799168
Enagas,2025-06-23,14.07,0.15,1.08,14.07,13.84,833993
Enagas,2025-06-24,13.87,-0.2,-1.41,14.07,13.76,1398740
Enagas,2025-06-25,13.77,-0.11,-0.77,13.91,13.73,772274
Enagas,2025-06-26,13.87,0.1,0.74,13.89,13.76,910527
Enagas,2025-06-27,13.82,-0.04,-0.31,14.01,13.78,1104828
Enagas,2025-06-30,13.87,0.04,0.32,13.97,13.85,1607977
Enagas,2025-07-01,13.24,-0.63,-4.55,13.49,13.19,1640648
Enagas,2025-07-02,13.15,-0.09,-0.66,13.32,13.11,871041
Enagas,2025-07-03,13.25,0.1,0.74,13.25,13.11,935266
Enagas,2025-07-04,13.26,0.01,0.07,13.28,13.15,599166
Enagas,2025-07-07,13.05,-0.21,-1.57,13.25,12.89,1079739
Enagas,2025-07-08,13.04,-0.01,-0.07,13.06,12.97,596242
Enagas,2025-07-09,13.0,-0.03,-0.26,13.08,12.96,761019
Enagas,2025-07-10,12.83,-0.17,-1.31,13.04,12.83,795161
Enagas,2025-07-11,12.93,0.09,0.72,12.93,12.83,481439
Enagas,2025-07-14,13.04,0.12,0.9,13.04,12.87,459529
Enagas,2025-07-15,12.94,-0.1,-0.78,13.08,12.89,762422
Enagas,2025-07-16,12.96,0.02,0.19,13.0,12.91,463755
Enagas,2025-07-17,12.91,-0.06,-0.45,12.99,12.91,551504
Enagas,2025-07-18,12.99,0.09,0.68,13.06,12.9,654493
Enagas,2025-07-21,13.08,0.08,0.63,13.1,13.0,469901
Enagas,2025-07-22,13.16,0.08,0.63,13.31,12.83,1047327
Enagas,2025-07-23,12.88,-0.28,-2.14,13.2,12.86,1329704
Enagas,2025-07-24,12.95,0.07,0.53,13.07,12.89,794136
Enagas,2025-07-25,12.84,-0.1,-0.79,12.97,12.79,753381
Enagas,2025-07-28,12.77,-0.07,-0.57,12.94,12.74,808822
Enagas,2025-07-29,12.73,-0.04,-0.34,12.79,12.64,891114
Enagas,2025-07-30,12.84,0.11,0.88,12.87,12.71,747103
Enagas,2025-07-31,12.73,-0.11,-0.87,12.87,12.7,842188
Enagas,2025-08-01,12.81,0.08,0.65,12.85,12.69,895110
Enagas,2025-08-04,12.89,0.08,0.64,12.9,12.78,768048
Enagas,2025-08-05,12.84,-0.05,-0.38,12.94,12.77,643649
Enagas,2025-08-06,12.88,0.04,0.3,12.9,12.78,566084
Enagas,2025-08-07,12.8,-0.08,-0.64,12.88,12.73,610460
Enagas,2025-08-08,12.74,-0.06,-0.45,12.9,12.73,580037
Enagas,2025-08-11,12.79,0.05,0.38,12.79,12.67,610955
Enagas,2025-08-12,12.67,-0.12,-0.91,12.84,12.67,528559
Enagas,2025-08-13,12.73,0.06,0.46,12.83,12.71,585576
Enagas,2025-08-14,12.85,0.12,0.95,12.85,12.75,701062
Enagas,2025-08-15,12.86,0.01,0.08,12.9,12.81,530833
Enagas,2025-08-18,12.83,-0.03,-0.26,12.95,12.82,554139
Enagas,2025-08-19,12.81,-0.01,-0.11,12.88,12.76,554913
Enagas,2025-08-20,12.97,0.16,1.25,13.04,12.85,775886
Enagas,2025-08-21,13.09,0.12,0.9,13.09,12.95,819755
Enagas,2025-08-22,13.12,0.02,0.19,13.21,13.05,555314
Enagas,2025-08-25,13.02,-0.09,-0.7,13.11,12.98,449439
Enagas,2025-08-26,12.91,-0.12,-0.89,13.03,12.91,367605
Enagas,2025-08-27,13.1,0.19,1.47,13.1,12.91,419548
Enagas,2025-08-28,13.0,-0.1,-0.74,13.08,12.92,368315
Enagas,2025-08-29,12.92,-0.08,-0.6,13.02,12.9,468519
Enagas,2025-09-01,12.85,-0.07,-0.56,12.95,12.84,455430
Enagas,2025-09-02,12.72,-0.13,-0.98,12.84,12.71,801008
Enagas,2025-09-03,12.73,0.01,0.08,12.76,12.62,863269
Enagas,2025-09-04,12.77,0.03,0.27,12.85,12.65,562187
Enagas,2025-09-05,12.8,0.04,0.3,12.8,12.71,528567
Enagas,2025-09-08,12.81,0.0,0.04,12.84,12.76,425786
Enagas,2025-09-09,12.81,0.0,0.0,12.85,12.75,507621
Enagas,2025-09-10,12.81,0.0,0.04,12.85,12.74,439663
Enagas,2025-09-11,12.79,-0.02,-0.19,12.87,12.76,568209
Enagas,2025-09-12,12.92,0.13,1.02,12.96,12.79,633203
Enagas,2025-09-15,12.94,0.02,0.15,13.03,12.91,886435
Enagas,2025-09-16,12.79,-0.16,-1.2,13.0,12.77,782325
Enagas,2025-09-17,12.72,-0.07,-0.53,12.79,12.69,840149
Enagas,2025-09-18,12.71,-0.0,-0.04,12.79,12.66,588238
Enagas,2025-09-19,12.75,0.04,0.31,12.79,12.67,1762100
Enagas,2025-09-22,12.69,-0.06,-0.46,12.79,12.65,1006631
Enagas,2025-09-23,12.63,-0.06,-0.46,12.76,12.63,1265113
Enagas,2025-09-24,12.63,0.0,0.0,12.77,12.63,1649856
Enagas,2025-09-25,12.77,0.13,1.04,12.87,12.62,918311
Enagas,2025-09-26,12.83,0.06,0.49,12.87,12.76,658241
Enagas,2025-09-29,12.81,-0.02,-0.15,12.87,12.76,595943
Enagas,2025-09-30,12.92,0.11,0.83,12.92,12.74,704991
Enagas,2025-10-01,12.92,0.0,0.04,13.02,12.84,686641
Enagas,2025-10-02,12.92,-0.0,-0.04,12.93,12.8,874801
Enagas,2025-10-03,13.07,0.15,1.16,13.07,12.89,1094775
Enagas,2025-10-06,13.0,-0.07,-0.52,13.12,12.95,610207
Enagas,2025-10-07,12.96,-0.03,-0.26,13.03,12.94,628802
Enagas,2025-10-08,12.98,0.02,0.15,13.08,12.95,837388
Enagas,2025-10-09,13.05,0.07,0.52,13.09,13.0,540296
Enagas,2025-10-10,13.2,0.15,1.12,13.24,13.05,730029
Enagas,2025-10-13,13.16,-0.03,-0.26,13.28,13.13,684721
Enagas,2025-10-14,13.32,0.16,1.22,13.37,13.19,1186018
Enagas,2025-10-15,13.41,0.09,0.66,13.44,13.27,795634
Enagas,2025-10-16,13.32,-0.09,-0.69,13.53,13.28,727134
Enagas,2025-10-17,13.46,0.15,1.09,13.51,13.22,733831
Enagas,2025-10-20,13.61,0.15,1.12,13.62,13.44,1058707
Enagas,2025-10-21,13.64,0.03,0.21,13.8,13.41,933908
Enagas,2025-10-22,13.78,0.14,1.0,13.81,13.67,1159332
Enagas,2025-10-23,13.77,-0.01,-0.11,13.86,13.72,655293
Enagas,2025-10-24,13.75,-0.01,-0.11,13.79,13.61,627136
Enagas,2025-10-27,13.87,0.12,0.85,13.87,13.71,803422
Enagas,2025-10-28,13.86,-0.0,-0.03,13.93,13.79,771887
Enagas,2025-10-29,13.57,-0.3,-2.14,13.88,13.56,999379
Enagas,2025-10-30,13.68,0.11,0.82,13.68,13.53,589043
Enagas,2025-10-31,13.36,-0.32,-2.34,13.59,13.36,1395489
Enagas,2025-11-03,13.31,-0.05,-0.36,13.48,13.21,808916
Enagas,2025-11-04,13.48,0.17,1.31,13.48,13.22,739232
Enagas,2025-11-05,13.65,0.16,1.22,13.65,13.47,864951
Enagas,2025-11-06,13.82,0.17,1.28,13.85,13.61,1146627
Enagas,2025-11-07,13.92,0.1,0.7,13.93,13.8,1440045
Enagas,2025-11-10,13.76,-0.16,-1.19,13.88,13.72,767891
Enagas,2025-11-11,13.74,-0.01,-0.11,13.87,13.68,871216
Enagas,2025-11-12,13.69,-0.05,-0.35,13.83,13.65,730612
Enagas,2025-11-13,13.77,0.08,0.6,13.82,13.7,558720
Enagas,2025-11-14,13.67,-0.1,-0.74,13.84,13.64,780033
Enagas,2025-11-17,13.77,0.09,0.67,13.82,13.67,550339
Enagas,2025-11-18,13.62,-0.15,-1.06,13.71,13.57,878952
Enagas,2025-11-19,13.52,-0.1,-0.75,13.62,13.5,820662
Enagas,2025-11-20,13.65,0.14,1.01,13.7,13.49,1071195
Enagas,2025-11-21,13.64,-0.01,-0.07,13.73,13.58,704871
Enagas,2025-11-24,13.67,0.03,0.21,13.76,13.6,714186
Enagas,2025-11-25,13.59,-0.08,-0.6,13.72,13.56,415706
Enagas,2025-11-26,13.77,0.18,1.36,13.77,13.6,475100
Enagas,2025-11-27,13.78,0.0,0.04,13.84,13.74,873406
Enagas,2025-11-28,13.82,0.04,0.32,13.85,13.68,460089
Enagas,2025-12-01,13.84,0.01,0.11,13.88,13.77,602849
Enagas,2025-12-02,13.92,0.08,0.6,13.97,13.82,662167
Enagas,2025-12-03,13.59,-0.33,-2.41,13.72,13.52,2164615
Enagas,2025-12-04,13.58,-0.01,-0.07,13.62,13.4,988139
Enagas,2025-12-05,13.49,-0.09,-0.64,13.55,13.45,850697
Enagas,2025-12-08,13.56,0.07,0.54,13.73,13.51,848296
Enagas,2025-12-09,13.42,-0.15,-1.07,13.59,13.42,1796563
Enagas,2025-12-10,13.25,-0.16,-1.23,13.44,13.25,1066157
Enagas,2025-12-11,13.03,-0.22,-1.68,13.23,13.01,1633655
Enagas,2025-12-12,13.06,0.03,0.22,13.12,12.97,880934
Enagas,2025-12-15,13.08,0.02,0.19,13.18,13.07,1089551
Enagas,2025-12-16,13.04,-0.04,-0.3,13.16,13.02,927277
Enagas,2025-12-17,13.08,0.03,0.26,13.12,13.01,1319734
Enagas,2025-12-18,13.12,0.04,0.3,13.25,13.09,1720948
Enagas,2025-12-19,13.21,0.09,0.72,13.23,13.05,2296523
Enagas,2025-12-22,13.15,-0.06,-0.49,13.15,13.02,952588
Enagas,2025-12-23,13.19,0.04,0.34,13.2,13.06,844974
Enagas,2025-12-24,13.15,-0.04,-0.34,13.19,13.13,361944
Enagas,2025-12-29,13.15,0.0,0.04,13.19,13.06,1753118
Enagas,2025-12-30,13.24,0.1,0.72,13.27,13.11,1282174
Enagas,2025-12-31,13.15,-0.1,-0.72,13.28,13.15,675723
Enagas,2026-01-02,13.36,0.22,1.63,13.36,13.16,875241
Enagas,2026-01-05,13.44,0.08,0.6,13.44,13.22,1283722
Enagas,2026-01-06,13.47,0.03,0.19,13.53,13.38,958416
Enagas,2026-01-07,13.72,0.24,1.82,13.72,13.47,1354922
Enagas,2026-01-08,13.94,0.22,1.6,13.95,13.72,1421546
Enagas,2026-01-09,13.83,-0.11,-0.75,13.98,13.63,1020897
Enagas,2026-01-12,13.79,-0.04,-0.29,13.85,13.62,954308
Enagas,2026-01-13,13.59,-0.2,-1.49,13.77,13.53,850387
Enagas,2026-01-14,13.9,0.31,2.32,13.9,13.64,1042638
Enagas,2026-01-15,13.94,0.05,0.32,13.98,13.84,950017
Enagas,2026-01-16,13.9,-0.05,-0.36,14.02,13.84,946079
Enagas,2026-01-19,13.76,-0.14,-0.97,13.79,13.49,1203531
Enagas,2026-01-20,13.52,-0.24,-1.78,13.72,13.51,876691
Enagas,2026-01-21,13.55,0.03,0.26,13.61,13.47,716658
Enagas,2026-01-22,13.69,0.14,1.03,13.73,13.57,1719809
Enagas,2026-01-23,13.64,-0.05,-0.37,13.7,13.52,745553
Enagas,2026-01-26,13.69,0.05,0.37,13.8,13.64,612577
Enagas,2026-01-27,13.73,0.04,0.26,13.78,13.63,647928
Enagas,2026-01-28,13.8,0.07,0.55,13.81,13.65,604118
Enagas,2026-01-29,13.85,0.05,0.4,13.99,13.7,1100360
Enagas,2026-01-30,13.89,0.03,0.22,13.98,13.82,898872
Enagas,2026-02-02,13.94,0.06,0.43,14.12,13.9,1516412
Enagas,2026-02-03,14.01,0.07,0.47,14.05,13.9,733806
Enagas,2026-02-04,14.28,0.27,1.93,14.45,14.02,2049938
Enagas,2026-02-05,14.37,0.09,0.63,14.37,14.14,1117861
Enagas,2026-02-06,14.41,0.04,0.28,14.48,14.35,1355847
Enagas,2026-02-09,14.34,-0.07,-0.52,14.48,14.26,761131
Enagas,2026-02-10,14.39,0.06,0.38,14.51,14.32,1644365
Enagas,2026-02-11,14.85,0.45,3.16,14.85,14.44,1686203
Enagas,2026-02-12,14.89,0.04,0.27,14.89,14.48,1120769
Enagas,2026-02-13,15.02,0.14,0.91,15.02,14.69,1720996
Enagas,2026-02-16,15.07,0.05,0.33,15.1,14.81,1561021
Enagas,2026-02-17,15.14,0.07,0.46,15.36,14.81,1951790
Enagas,2026-02-18,14.77,-0.37,-2.44,15.27,14.77,1456819
Enagas,2026-02-19,14.86,0.09,0.61,14.9,14.57,1320822
Enagas,2026-02-20,14.9,0.04,0.24,14.9,14.73,874371
Enagas,2026-02-23,15.04,0.14,0.97,15.12,14.9,963882
Enagas,2026-02-24,15.12,0.09,0.57,15.26,15.06,1470863
Enagas,2026-02-25,15.17,0.05,0.3,15.23,15.06,1441905
Enagas,2026-02-26,15.1,-0.07,-0.46,15.33,15.07,1354175
Enagas,2026-02-27,15.35,0.24,1.62,15.38,15.06,1588482
Enagas,2026-03-02,15.38,0.03,0.23,15.47,15.12,2000476
Enagas,2026-03-03,14.68,-0.7,-4.55,15.38,14.66,2849935
Enagas,2026-03-04,14.57,-0.11,-0.72,14.69,14.35,1678942
Enagas,2026-03-05,14.65,0.07,0.51,14.78,14.55,852149
Enagas,2026-03-06,14.77,0.12,0.78,14.85,14.56,1133377
Enagas,2026-03-09,14.56,-0.21,-1.42,14.7,14.42,993405
Enagas,2026-03-10,14.66,0.11,0.76,14.84,14.65,1148888
Enagas,2026-03-11,14.61,-0.05,-0.34,14.72,14.56,647598
Enagas,2026-03-12,14.81,0.19,1.3,14.85,14.49,903502
Enagas,2026-03-13,15.03,0.23,1.55,15.16,14.76,1299484
Enagas,2026-03-16,15.06,0.02,0.13,15.12,14.93,850874
Endesa,2025-03-17,21.17,0.0,0.0,21.23,20.97,872361
Endesa,2025-03-18,21.44,0.27,1.26,21.53,21.11,1528253
Endesa,2025-03-19,21.75,0.31,1.42,21.77,21.5,1494036
Endesa,2025-03-20,21.9,0.15,0.7,21.9,21.39,1205309
Endesa,2025-03-21,22.42,0.52,2.35,22.42,21.87,5025858
Endesa,2025-03-24,22.24,-0.17,-0.77,22.48,22.18,838205
Endesa,2025-03-25,22.42,0.18,0.82,22.52,22.29,1846728
Endesa,2025-03-26,22.55,0.12,0.55,22.65,22.43,787521
Endesa,2025-03-27,23.03,0.48,2.12,23.16,22.72,1329746
Endesa,2025-03-28,23.52,0.5,2.16,23.57,23.11,1307606
Endesa,2025-03-31,23.39,-0.13,-0.57,23.77,23.27,2137529
Endesa,2025-04-01,23.53,0.14,0.61,23.56,23.3,1318866
Endesa,2025-04-02,23.73,0.2,0.85,23.73,23.5,1241109
Endesa,2025-04-03,24.31,0.57,2.41,24.46,23.77,1776568
Endesa,2025-04-04,23.34,-0.96,-3.97,24.66,23.22,2658339
Endesa,2025-04-07,21.96,-1.38,-5.93,22.63,20.05,3156577
Endesa,2025-04-08,22.51,0.55,2.52,22.7,21.86,1895534
Endesa,2025-04-09,22.04,-0.47,-2.08,22.32,21.85,1788534
Endesa,2025-04-10,22.7,0.66,2.99,23.65,22.46,1758629
Endesa,2025-04-11,23.13,0.43,1.89,23.15,22.71,1642164
Endesa,2025-04-14,23.44,0.31,1.32,23.48,23.17,1262941
Endesa,2025-04-15,23.9,0.47,2.0,24.02,23.57,1108803
Endesa,2025-04-16,24.25,0.34,1.44,24.31,24.01,1444309
Endesa,2025-04-17,24.23,-0.02,-0.08,24.39,23.88,1131609
Endesa,2025-04-22,24.61,0.38,1.58,24.63,24.13,972960
Endesa,2025-04-23,24.12,-0.49,-1.98,24.78,23.9,1553722
Endesa,2025-04-24,24.37,0.25,1.03,24.51,24.1,1559982
Endesa,2025-04-25,24.47,0.1,0.39,24.61,24.33,786896
Endesa,2025-04-28,24.73,0.26,1.05,24.79,24.53,1091052
Endesa,2025-04-29,25.08,0.35,1.43,25.15,24.74,868733
Endesa,2025-04-30,25.3,0.22,0.88,25.3,24.77,1319057
Endesa,2025-05-02,25.03,-0.27,-1.06,25.42,24.86,786173
Endesa,2025-05-05,25.13,0.1,0.38,25.33,25.04,1335164
Endesa,2025-05-06,25.41,0.29,1.14,25.43,25.24,762680
Endesa,2025-05-07,25.43,0.02,0.08,25.65,25.18,1028042
Endesa,2025-05-08,24.07,-1.37,-5.37,24.95,23.98,2300662
Endesa,2025-05-09,24.41,0.34,1.43,24.68,24.23,1309950
Endesa,2025-05-12,24.16,-0.25,-1.02,24.41,23.56,1506390
Endesa,2025-05-13,24.04,-0.12,-0.51,24.44,24.04,1463493
Endesa,2025-05-14,24.51,0.47,1.95,24.52,24.0,1188872
Endesa,2025-05-15,25.03,0.53,2.14,25.03,24.45,1031600
Endesa,2025-05-16,25.3,0.27,1.07,25.3,25.05,747222
Endesa,2025-05-19,25.31,0.01,0.04,25.43,24.96,483617
Endesa,2025-05-20,25.92,0.61,2.41,25.97,25.42,888161
Endesa,2025-05-21,26.02,0.11,0.41,26.09,25.87,631176
Endesa,2025-05-22,26.13,0.11,0.4,26.18,25.91,667180
Endesa,2025-05-23,26.22,0.1,0.37,26.34,25.93,828640
Endesa,2025-05-26,26.15,-0.08,-0.29,26.22,26.03,540280
Endesa,2025-05-27,25.95,-0.2,-0.77,26.23,25.79,667620
Endesa,2025-05-28,25.64,-0.31,-1.18,25.91,25.5,720078
Endesa,2025-05-29,25.65,0.01,0.04,25.72,25.3,476912
Endesa,2025-05-30,25.66,0.01,0.04,25.92,25.61,3085920
Endesa,2025-06-02,25.94,0.28,1.08,25.94,25.61,680205
Endesa,2025-06-03,25.71,-0.23,-0.88,26.09,25.66,888911
Endesa,2025-06-04,25.79,0.08,0.3,25.86,25.66,527426
Endesa,2025-06-05,25.89,0.11,0.41,26.02,25.51,503316
Endesa,2025-06-06,25.82,-0.07,-0.26,26.05,25.78,415018
Endesa,2025-06-09,25.71,-0.11,-0.44,25.88,25.58,452606
Endesa,2025-06-10,25.68,-0.03,-0.11,25.92,25.68,457341
Endesa,2025-06-11,25.61,-0.07,-0.26,25.68,25.44,613529
Endesa,2025-06-12,25.91,0.3,1.16,25.94,25.61,551824
Endesa,2025-06-13,25.99,0.08,0.29,26.0,25.72,659918
Endesa,2025-06-16,25.62,-0.36,-1.4,25.85,25.44,860298
Endesa,2025-06-17,25.54,-0.09,-0.34,25.68,25.41,1093145
Endesa,2025-06-18,25.66,0.12,0.49,25.81,25.57,2773735
Endesa,2025-06-19,25.84,0.18,0.71,25.85,25.65,1052081
Endesa,2025-06-20,26.05,0.21,0.81,26.2,25.74,3733458
Endesa,2025-06-23,26.61,0.55,2.13,26.72,25.93,2427030
Endesa,2025-06-24,26.46,-0.14,-0.54,26.68,26.18,1636706
Endesa,2025-06-25,26.0,-0.46,-1.73,26.53,26.0,1009295
Endesa,2025-06-26,25.96,-0.05,-0.18,26.36,25.96,1370805
Endesa,2025-06-27,26.08,0.13,0.48,26.25,25.87,1038586
Endesa,2025-06-30,26.47,0.38,1.47,26.52,26.2,1273467
Endesa,2025-07-01,26.64,0.18,0.67,26.82,26.53,760124
Endesa,2025-07-02,26.39,-0.26,-0.96,26.79,26.29,852664
Endesa,2025-07-03,26.28,-0.11,-0.41,26.28,25.9,890291
Endesa,2025-07-04,26.62,0.34,1.31,26.65,26.29,427261
Endesa,2025-07-07,26.0,-0.62,-2.33,26.56,25.91,1110937
Endesa,2025-07-08,25.99,-0.01,-0.04,26.22,25.88,984542
Endesa,2025-07-09,26.09,0.1,0.38,26.19,25.98,683360
Endesa,2025-07-10,25.75,-0.34,-1.32,26.25,25.75,1175585
Endesa,2025-07-11,25.76,0.01,0.04,25.93,25.7,676872
Endesa,2025-07-14,25.61,-0.15,-0.57,25.75,25.42,930305
Endesa,2025-07-15,25.52,-0.09,-0.35,25.83,25.52,894465
Endesa,2025-07-16,25.47,-0.05,-0.19,25.83,25.46,868382
Endesa,2025-07-17,25.43,-0.04,-0.15,25.57,25.36,686537
Endesa,2025-07-18,25.5,0.07,0.27,25.64,25.41,753252
Endesa,2025-07-21,25.69,0.19,0.73,25.69,25.46,660706
Endesa,2025-07-22,25.98,0.3,1.15,25.98,25.67,446048
Endesa,2025-07-23,25.05,-0.94,-3.6,25.89,25.05,1414038
Endesa,2025-07-24,25.13,0.08,0.31,25.36,25.07,1066469
Endesa,2025-07-25,25.14,0.01,0.04,25.28,24.95,686354
Endesa,2025-07-28,25.14,0.0,0.0,25.33,25.1,779481
Endesa,2025-07-29,24.84,-0.3,-1.17,24.91,23.39,1545398
Endesa,2025-07-30,25.24,0.39,1.58,25.31,24.75,796975
Endesa,2025-07-31,24.95,-0.29,-1.13,25.33,24.88,1484172
Endesa,2025-08-01,24.97,0.02,0.08,25.1,24.76,790643
Endesa,2025-08-04,25.21,0.24,0.95,25.21,24.93,908615
Endesa,2025-08-05,25.19,-0.02,-0.08,25.3,25.09,541810
Endesa,2025-08-06,25.35,0.17,0.66,25.38,25.11,455135
Endesa,2025-08-07,25.14,-0.22,-0.85,25.18,24.77,936252
Endesa,2025-08-08,25.09,-0.05,-0.2,25.46,25.09,532687
Endesa,2025-08-11,25.24,0.15,0.59,25.25,25.09,493848
Endesa,2025-08-12,25.27,0.03,0.12,25.49,25.25,564582
Endesa,2025-08-13,25.52,0.26,1.01,25.64,25.33,466633
Endesa,2025-08-14,25.98,0.46,1.81,25.98,25.5,570666
Endesa,2025-08-15,26.14,0.16,0.61,26.14,25.75,728742
Endesa,2025-08-18,25.96,-0.18,-0.68,26.26,25.89,424819
Endesa,2025-08-19,25.94,-0.03,-0.11,26.09,25.93,569047
Endesa,2025-08-20,26.24,0.31,1.18,26.34,26.05,522482
Endesa,2025-08-21,26.33,0.09,0.34,26.38,26.21,441820
Endesa,2025-08-22,26.31,-0.02,-0.07,26.57,26.23,383363
Endesa,2025-08-25,26.12,-0.19,-0.71,26.23,25.94,361161
Endesa,2025-08-26,26.13,0.01,0.04,26.39,26.0,905651
Endesa,2025-08-27,25.98,-0.15,-0.56,26.32,25.91,489257
Endesa,2025-08-28,25.76,-0.23,-0.87,26.01,25.6,329798
Endesa,2025-08-29,25.63,-0.13,-0.5,25.76,25.53,525943
Endesa,2025-09-01,25.45,-0.18,-0.69,25.65,25.44,381516
Endesa,2025-09-02,25.22,-0.24,-0.93,25.42,25.16,517248
Endesa,2025-09-03,25.2,-0.02,-0.08,25.26,24.85,862347
Endesa,2025-09-04,25.15,-0.05,-0.2,25.43,25.15,457845
Endesa,2025-09-05,25.33,0.19,0.74,25.33,25.16,344316
Endesa,2025-09-08,25.43,0.1,0.39,25.47,25.25,264374
Endesa,2025-09-09,25.5,0.07,0.27,25.59,25.44,499052
Endesa,2025-09-10,25.55,0.05,0.19,25.69,25.5,422913
Endesa,2025-09-11,26.03,0.48,1.89,26.03,25.63,901122
Endesa,2025-09-12,26.16,0.13,0.49,26.32,26.0,1067510
Endesa,2025-09-15,26.33,0.17,0.64,26.33,26.05,670322
Endesa,2025-09-16,26.08,-0.25,-0.93,26.36,26.02,1326638
Endesa,2025-09-17,25.76,-0.32,-1.25,26.05,25.75,558637
Endesa,2025-09-18,25.85,0.09,0.34,25.99,25.66,452947
Endesa,2025-09-19,26.03,0.19,0.72,26.03,25.66,2867360
Endesa,2025-09-22,26.15,0.12,0.45,26.39,25.95,491497
Endesa,2025-09-23,25.94,-0.21,-0.79,26.4,25.94,725481
Endesa,2025-09-24,26.13,0.19,0.72,26.3,26.05,594019
Endesa,2025-09-25,26.23,0.1,0.38,26.38,26.05,547582
Endesa,2025-09-26,26.36,0.13,0.49,26.48,26.25,579402
Endesa,2025-09-29,26.49,0.13,0.49,26.5,26.27,410289
Endesa,2025-09-30,26.78,0.3,1.11,26.8,26.23,785505
Endesa,2025-10-01,27.07,0.29,1.07,27.08,26.6,618847
Endesa,2025-10-02,26.94,-0.13,-0.47,26.97,26.68,492209
Endesa,2025-10-03,27.2,0.27,0.99,27.27,26.92,517522
Endesa,2025-10-06,27.29,0.09,0.33,27.46,27.12,617939
Endesa,2025-10-07,27.09,-0.21,-0.76,27.27,26.87,694199
Endesa,2025-10-08,27.48,0.39,1.45,27.63,27.2,541209
Endesa,2025-10-09,27.66,0.18,0.64,27.74,27.43,610917
Endesa,2025-10-10,27.77,0.11,0.39,27.9,27.64,560599
Endesa,2025-10-13,27.86,0.1,0.35,27.9,27.72,446763
Endesa,2025-10-14,28.39,0.52,1.87,28.5,27.99,864388
Endesa,2025-10-15,28.65,0.27,0.94,28.9,28.45,1075802
Endesa,2025-10-16,28.79,0.14,0.48,28.79,28.14,772828
Endesa,2025-10-17,28.82,0.03,0.1,28.94,28.56,1026132
Endesa,2025-10-20,28.94,0.12,0.41,29.23,28.78,989548
Endesa,2025-10-21,28.67,-0.27,-0.92,29.09,28.67,972094
Endesa,2025-10-22,28.45,-0.22,-0.76,29.02,28.4,1062017
Endesa,2025-10-23,28.74,0.29,1.0,28.91,28.42,886336
Endesa,2025-10-24,28.81,0.07,0.24,28.87,28.47,560486
Endesa,2025-10-27,29.1,0.3,1.02,29.16,28.71,1038718
Endesa,2025-10-28,29.69,0.59,2.03,29.73,29.11,1200759
Endesa,2025-10-29,30.22,0.52,1.76,30.26,29.51,801014
Endesa,2025-10-30,30.75,0.53,1.76,30.84,30.14,830079
Endesa,2025-10-31,30.6,-0.15,-0.48,30.73,30.34,865559
Endesa,2025-11-03,31.0,0.4,1.32,31.06,30.51,879158
Endesa,2025-11-04,31.37,0.36,1.17,31.37,30.71,659291
Endesa,2025-11-05,31.34,-0.03,-0.09,31.44,31.16,583705
Endesa,2025-11-06,31.47,0.13,0.41,31.49,31.16,617701
Endesa,2025-11-07,31.17,-0.3,-0.94,31.5,31.1,628450
Endesa,2025-11-10,31.21,0.04,0.13,31.4,31.07,638888
Endesa,2025-11-11,31.43,0.22,0.69,31.63,31.16,527057
Endesa,2025-11-12,31.69,0.27,0.85,31.72,31.47,547381
Endesa,2025-11-13,31.53,-0.17,-0.53,32.0,31.52,799740
Endesa,2025-11-14,31.63,0.11,0.34,31.69,31.39,542758
Endesa,2025-11-17,31.62,-0.01,-0.03,31.72,31.25,641550
Endesa,2025-11-18,31.45,-0.18,-0.56,31.75,31.45,687377
Endesa,2025-11-19,30.2,-1.25,-3.97,31.05,30.2,1047937
Endesa,2025-11-20,30.86,0.66,2.18,30.96,30.31,811880
Endesa,2025-11-21,30.39,-0.46,-1.5,30.84,30.39,876422
Endesa,2025-11-24,30.16,-0.24,-0.78,30.6,30.16,3164814
Endesa,2025-11-25,30.06,-0.1,-0.33,30.43,29.96,676100
Endesa,2025-11-26,30.71,0.65,2.16,30.72,29.89,698487
Endesa,2025-11-27,30.75,0.04,0.13,30.98,30.65,327718
Endesa,2025-11-28,30.77,0.02,0.06,30.84,30.54,434423
Endesa,2025-12-01,30.33,-0.43,-1.41,30.81,30.22,623548
Endesa,2025-12-02,30.52,0.19,0.62,30.61,30.36,852581
Endesa,2025-12-03,30.29,-0.24,-0.77,30.49,30.18,859713
Endesa,2025-12-04,30.13,-0.16,-0.52,30.29,29.96,593219
Endesa,2025-12-05,30.13,0.0,0.0,30.18,29.89,803383
Endesa,2025-12-08,30.54,0.41,1.37,30.74,30.1,739974
Endesa,2025-12-09,30.3,-0.25,-0.81,30.67,30.3,729649
Endesa,2025-12-10,29.95,-0.34,-1.14,30.34,29.84,600163
Endesa,2025-12-11,29.71,-0.24,-0.79,29.9,29.52,803873
Endesa,2025-12-12,29.99,0.28,0.93,29.99,29.69,480318
Endesa,2025-12-15,30.36,0.37,1.25,30.55,30.13,461490
Endesa,2025-12-16,30.22,-0.15,-0.49,30.42,30.16,644175
Endesa,2025-12-17,30.0,-0.22,-0.72,30.31,29.91,681202
Endesa,2025-12-18,30.2,0.2,0.66,30.36,29.91,841598
Endesa,2025-12-19,30.53,0.33,1.11,30.53,30.18,2881265
Endesa,2025-12-22,30.27,-0.27,-0.87,30.34,30.08,556573
Endesa,2025-12-23,30.17,-0.1,-0.33,30.35,30.11,501877
Endesa,2025-12-24,30.07,-0.1,-0.33,30.29,30.07,71094
Endesa,2025-12-29,30.22,0.15,0.49,30.22,29.86,586143
Endesa,2025-12-30,30.25,0.03,0.1,30.31,30.09,456623
Endesa,2025-12-31,30.15,-0.1,-0.33,30.4,30.15,279387
Endesa,2026-01-02,30.64,0.49,1.63,30.73,30.12,877514
Endesa,2026-01-05,30.74,0.1,0.32,30.91,30.29,1552707
Endesa,2026-01-06,30.86,0.12,0.38,31.15,30.58,791401
Endesa,2026-01-07,31.25,0.39,1.28,31.52,30.9,1489621
Endesa,2026-01-08,30.92,-0.33,-1.06,31.37,30.61,828041
Endesa,2026-01-09,31.05,0.13,0.42,31.05,30.67,564929
Endesa,2026-01-12,30.65,-0.4,-1.29,30.97,30.47,860843
Endesa,2026-01-13,29.96,-0.69,-2.25,30.72,29.78,1073164
Endesa,2026-01-14,30.52,0.56,1.87,30.62,30.11,836683
Endesa,2026-01-15,30.71,0.19,0.62,30.87,30.37,456119
Endesa,2026-01-16,30.88,0.17,0.55,30.94,30.6,512731
Endesa,2026-01-19,30.45,-0.43,-1.39,30.92,30.39,820250
Endesa,2026-01-20,30.13,-0.32,-1.05,30.43,29.82,770200
Endesa,2026-01-21,30.31,0.18,0.6,30.59,30.11,654478
Endesa,2026-01-22,30.44,0.13,0.43,30.74,30.22,534511
Endesa,2026-01-23,30.33,-0.11,-0.36,30.48,30.16,369348
Endesa,2026-01-26,30.77,0.44,1.45,30.9,30.37,512291
Endesa,2026-01-27,30.99,0.22,0.71,31.12,30.6,760614
Endesa,2026-01-28,31.09,0.1,0.32,31.43,30.74,445499
Endesa,2026-01-29,30.99,-0.1,-0.32,31.35,30.86,596196
Endesa,2026-01-30,31.09,0.1,0.32,31.21,30.85,690881
Endesa,2026-02-02,30.66,-0.43,-1.38,31.14,30.56,635388
Endesa,2026-02-03,31.25,0.59,1.92,31.25,30.48,825751
Endesa,2026-02-04,31.35,0.1,0.32,31.62,31.17,913990
Endesa,2026-02-05,31.45,0.1,0.32,31.45,30.72,607182
Endesa,2026-02-06,31.74,0.29,0.92,32.05,31.4,747034
Endesa,2026-02-09,31.9,0.16,0.5,31.99,31.62,461202
Endesa,2026-02-10,31.88,-0.02,-0.06,32.0,31.64,690366
Endesa,2026-02-11,32.6,0.72,2.26,32.66,31.93,909009
Endesa,2026-02-12,32.17,-0.43,-1.32,32.84,31.59,778619
Endesa,2026-02-13,31.62,-0.55,-1.71,32.03,31.07,939954
Endesa,2026-02-16,31.64,0.02,0.06,31.64,31.13,674838
Endesa,2026-02-17,32.03,0.39,1.23,32.53,31.68,1356722
Endesa,2026-02-18,32.63,0.6,1.87,32.91,32.03,1263215
Endesa,2026-02-19,31.43,-1.2,-3.68,32.31,31.26,1465738
Endesa,2026-02-20,31.47,0.04,0.13,31.65,31.14,1151690
Endesa,2026-02-23,32.01,0.54,1.72,32.37,31.58,1293788
Endesa,2026-02-24,34.28,2.27,7.09,34.46,32.97,2678533
Endesa,2026-02-25,35.19,0.91,2.65,35.37,34.64,1166463
Endesa,2026-02-26,34.97,-0.22,-0.63,35.42,34.82,968635
Endesa,2026-02-27,34.57,-0.4,-1.14,35.15,34.2,1722653
Endesa,2026-03-02,34.3,-0.27,-0.78,34.55,33.93,1032455
Endesa,2026-03-03,32.62,-1.68,-4.9,33.98,32.36,1920074
Endesa,2026-03-04,33.29,0.67,2.05,33.55,32.4,1752015
Endesa,2026-03-05,33.03,-0.26,-0.78,33.52,32.93,933366
Endesa,2026-03-06,33.26,0.23,0.7,33.56,32.96,1137577
Endesa,2026-03-09,33.6,0.34,1.02,33.78,32.81,1520007
Endesa,2026-03-10,34.16,0.56,1.67,34.52,33.89,1575663
Endesa,2026-03-11,34.16,0.0,0.0,34.38,33.88,1299328
Endesa,2026-03-12,34.76,0.6,1.76,34.84,34.12,1482714
Endesa,2026-03-13,35.3,0.54,1.55,35.59,34.59,1016790
Endesa,2026-03-16,35.32,0.02,0.06,35.66,35.09,888507
Ferrovial,2025-03-17,39.27,0.0,0.0,39.43,38.82,593967
Ferrovial,2025-03-18,39.68,0.41,1.05,39.76,39.13,623250
Ferrovial,2025-03-19,40.23,0.55,1.39,40.41,39.64,587902
Ferrovial,2025-03-20,40.59,0.35,0.88,40.59,39.86,851676
Ferrovial,2025-03-21,40.59,0.0,0.0,40.64,40.23,1653249
Ferrovial,2025-03-24,40.29,-0.29,-0.73,40.86,40.02,3836382
Ferrovial,2025-03-25,40.64,0.35,0.88,40.82,40.45,1117828
Ferrovial,2025-03-26,40.9,0.26,0.63,40.98,40.57,645484
Ferrovial,2025-03-27,41.23,0.33,0.82,41.45,40.55,620292
Ferrovial,2025-03-28,41.08,-0.16,-0.38,41.47,40.92,518121
Ferrovial,2025-03-31,40.49,-0.59,-1.44,41.02,40.03,1247268
Ferrovial,2025-04-01,41.02,0.53,1.31,41.06,40.25,667341
Ferrovial,2025-04-02,41.61,0.59,1.44,41.63,40.98,702560
Ferrovial,2025-04-03,40.94,-0.67,-1.61,41.98,40.39,784677
Ferrovial,2025-04-04,38.68,-2.26,-5.52,40.76,37.97,967911
Ferrovial,2025-04-07,36.57,-2.1,-5.44,38.64,35.69,1357641
Ferrovial,2025-04-08,37.83,1.26,3.44,38.17,36.35,810179
Ferrovial,2025-04-09,36.72,-1.11,-2.94,37.26,36.05,1007327
Ferrovial,2025-04-10,38.56,1.84,5.01,38.93,38.27,1107556
Ferrovial,2025-04-11,37.58,-0.98,-2.55,39.1,37.43,2440783
Ferrovial,2025-04-14,38.43,0.86,2.28,38.52,37.85,594566
Ferrovial,2025-04-15,39.03,0.6,1.56,39.03,38.03,709334
Ferrovial,2025-04-16,39.33,0.29,0.76,39.33,38.71,1267181
Ferrovial,2025-04-17,39.23,-0.1,-0.25,39.41,38.86,471520
Ferrovial,2025-04-22,39.53,0.3,0.78,39.69,38.89,599545
Ferrovial,2025-04-23,39.91,0.37,0.95,40.31,39.64,805658
Ferrovial,2025-04-24,40.41,0.5,1.26,40.46,39.77,1576546
Ferrovial,2025-04-25,41.49,1.08,2.68,42.31,41.3,2294255
Ferrovial,2025-04-28,41.52,0.03,0.07,41.79,41.41,864215
Ferrovial,2025-04-29,41.62,0.1,0.24,41.93,41.52,775341
Ferrovial,2025-04-30,42.16,0.54,1.3,42.31,41.6,998560
Ferrovial,2025-05-02,43.07,0.91,2.17,43.35,42.34,921060
Ferrovial,2025-05-05,42.87,-0.21,-0.48,43.2,42.69,2483952
Ferrovial,2025-05-06,42.69,-0.18,-0.41,43.02,42.35,1444250
Ferrovial,2025-05-07,42.75,0.06,0.14,42.9,42.67,971260
Ferrovial,2025-05-08,42.5,-0.25,-0.57,43.04,42.31,2016399
Ferrovial,2025-05-09,42.86,0.35,0.83,43.23,42.73,545746
Ferrovial,2025-05-12,42.62,-0.24,-0.55,43.46,42.25,2771787
Ferrovial,2025-05-13,42.73,0.11,0.25,43.13,42.68,741309
Ferrovial,2025-05-14,44.09,1.36,3.18,44.41,42.55,2911832
Ferrovial,2025-05-15,43.92,-0.17,-0.38,44.13,43.47,1227818
Ferrovial,2025-05-16,44.33,0.41,0.94,44.33,43.88,889525
Ferrovial,2025-05-19,44.69,0.35,0.8,44.71,43.88,7650558
Ferrovial,2025-05-20,45.68,0.99,2.22,45.78,44.72,812405
Ferrovial,2025-05-21,45.86,0.18,0.39,46.3,45.68,817825
Ferrovial,2025-05-22,45.5,-0.36,-0.78,46.05,45.39,750882
Ferrovial,2025-05-23,45.6,0.1,0.22,45.77,44.7,802181
Ferrovial,2025-05-26,45.95,0.36,0.78,46.47,45.86,3571942
Ferrovial,2025-05-27,45.97,0.02,0.04,46.57,45.9,3800096
Ferrovial,2025-05-28,45.02,-0.95,-2.07,45.4,43.95,1684842
Ferrovial,2025-05-29,44.79,-0.23,-0.51,45.32,44.57,640770
Ferrovial,2025-05-30,44.39,-0.41,-0.91,45.14,44.36,5162308
Ferrovial,2025-06-02,44.6,0.21,0.47,44.71,43.87,545693
Ferrovial,2025-06-03,44.45,-0.15,-0.33,44.94,44.15,2713823
Ferrovial,2025-06-04,44.2,-0.25,-0.56,44.57,43.95,493725
Ferrovial,2025-06-05,44.42,0.22,0.49,44.63,43.95,268611
Ferrovial,2025-06-06,44.65,0.23,0.51,44.7,44.34,362032
Ferrovial,2025-06-09,44.28,-0.37,-0.82,44.69,44.2,3793184
Ferrovial,2025-06-10,44.61,0.33,0.74,44.85,44.43,472953
Ferrovial,2025-06-11,44.43,-0.18,-0.4,44.7,44.32,373533
Ferrovial,2025-06-12,44.26,-0.17,-0.38,44.46,44.03,423446
Ferrovial,2025-06-13,44.1,-0.16,-0.36,44.1,43.5,1560499
Ferrovial,2025-06-16,44.21,0.11,0.25,44.31,43.89,4828321
Ferrovial,2025-06-17,43.81,-0.4,-0.9,44.01,43.5,525302
Ferrovial,2025-06-18,43.42,-0.4,-0.9,43.88,43.29,1080328
Ferrovial,2025-06-19,43.05,-0.37,-0.84,43.45,43.0,378849
Ferrovial,2025-06-20,43.12,0.07,0.16,43.38,42.89,1109758
Ferrovial,2025-06-23,43.63,0.5,1.17,43.75,42.87,446468
Ferrovial,2025-06-24,43.92,0.3,0.68,44.35,43.77,515584
Ferrovial,2025-06-25,44.37,0.45,1.01,44.68,44.26,720962
Ferrovial,2025-06-26,44.46,0.09,0.2,44.62,44.22,313882
Ferrovial,2025-06-27,44.87,0.42,0.94,44.91,44.59,459141
Ferrovial,2025-06-30,44.8,-0.07,-0.15,45.07,44.71,508846
Ferrovial,2025-07-01,44.67,-0.14,-0.31,45.03,44.54,431704
Ferrovial,2025-07-02,44.33,-0.34,-0.75,44.91,43.92,387299
Ferrovial,2025-07-03,44.65,0.32,0.71,44.77,44.08,362746
Ferrovial,2025-07-04,44.27,-0.38,-0.84,44.84,44.0,357837
Ferrovial,2025-07-07,44.55,0.28,0.63,44.55,44.06,758459
Ferrovial,2025-07-08,44.28,-0.27,-0.6,44.64,44.12,428921
Ferrovial,2025-07-09,44.54,0.26,0.58,44.7,44.3,296678
Ferrovial,2025-07-10,44.55,0.01,0.02,44.75,44.28,636376
Ferrovial,2025-07-11,44.61,0.06,0.13,44.62,44.25,342404
Ferrovial,2025-07-14,44.45,-0.16,-0.36,44.58,43.73,615483
Ferrovial,2025-07-15,44.3,-0.15,-0.33,44.77,44.19,506170
Ferrovial,2025-07-16,44.24,-0.06,-0.13,44.67,44.22,468111
Ferrovial,2025-07-17,44.88,0.64,1.45,45.15,44.21,550536
Ferrovial,2025-07-18,45.09,0.21,0.46,45.09,44.62,1114554
Ferrovial,2025-07-21,44.86,-0.23,-0.5,45.24,44.69,383358
Ferrovial,2025-07-22,44.61,-0.26,-0.57,44.93,44.58,1229482
Ferrovial,2025-07-23,44.9,0.3,0.67,45.16,44.47,730917
Ferrovial,2025-07-24,45.25,0.35,0.77,45.75,45.0,646637
Ferrovial,2025-07-25,44.87,-0.38,-0.83,45.42,44.34,879207
Ferrovial,2025-07-28,44.64,-0.24,-0.53,45.22,44.35,731291
Ferrovial,2025-07-29,45.07,0.44,0.98,45.07,44.39,647855
Ferrovial,2025-07-30,44.92,-0.15,-0.33,44.97,43.73,810722
Ferrovial,2025-07-31,44.45,-0.48,-1.06,45.72,44.45,783510
Ferrovial,2025-08-01,43.53,-0.92,-2.07,44.25,43.37,826247
Ferrovial,2025-08-04,44.05,0.52,1.21,44.19,43.47,543113
Ferrovial,2025-08-05,44.27,0.22,0.49,44.4,44.03,1559625
Ferrovial,2025-08-06,44.31,0.04,0.09,44.55,43.85,447042
Ferrovial,2025-08-07,44.56,0.25,0.56,44.71,44.28,541953
Ferrovial,2025-08-08,44.49,-0.07,-0.16,44.8,44.39,367891
Ferrovial,2025-08-11,44.85,0.37,0.82,44.88,44.46,429874
Ferrovial,2025-08-12,45.02,0.17,0.38,45.14,44.84,407019
Ferrovial,2025-08-13,45.09,0.07,0.15,45.7,45.05,591550
Ferrovial,2025-08-14,45.92,0.83,1.84,45.92,45.44,737845
Ferrovial,2025-08-15,46.32,0.4,0.86,46.74,46.25,632821
Ferrovial,2025-08-18,46.45,0.13,0.28,46.49,46.02,461469
Ferrovial,2025-08-19,46.66,0.21,0.45,46.78,46.35,696896
Ferrovial,2025-08-20,46.95,0.3,0.64,47.01,46.36,710668
Ferrovial,2025-08-21,46.78,-0.17,-0.36,47.0,46.37,557572
Ferrovial,2025-08-22,47.09,0.31,0.66,47.25,46.74,360743
Ferrovial,2025-08-25,46.71,-0.38,-0.8,47.14,46.44,406623
Ferrovial,2025-08-26,46.31,-0.41,-0.87,46.62,46.0,1053268
Ferrovial,2025-08-27,46.58,0.27,0.58,46.81,46.29,528416
Ferrovial,2025-08-28,46.53,-0.05,-0.11,46.67,46.29,306693
Ferrovial,2025-08-29,46.22,-0.31,-0.66,46.63,46.22,507887
Ferrovial,2025-09-01,46.33,0.11,0.24,46.47,46.05,220370
Ferrovial,2025-09-02,45.25,-1.08,-2.33,46.35,45.13,508487
Ferrovial,2025-09-03,45.58,0.33,0.72,45.64,45.22,529814
Ferrovial,2025-09-04,46.43,0.85,1.87,46.59,45.4,502564
Ferrovial,2025-09-05,46.49,0.06,0.13,46.77,46.3,544432
Ferrovial,2025-09-08,47.2,0.71,1.53,47.35,46.72,551324
Ferrovial,2025-09-09,46.71,-0.49,-1.03,47.01,46.2,918880
Ferrovial,2025-09-10,47.34,0.62,1.34,47.54,46.77,790557
Ferrovial,2025-09-11,48.32,0.98,2.07,48.45,47.32,1142842
Ferrovial,2025-09-12,48.39,0.07,0.14,48.69,48.16,823709
Ferrovial,2025-09-15,48.24,-0.15,-0.31,48.69,48.2,595445
Ferrovial,2025-09-16,47.7,-0.53,-1.11,48.65,47.7,687537
Ferrovial,2025-09-17,48.23,0.52,1.1,48.42,47.78,799614
Ferrovial,2025-09-18,48.61,0.38,0.78,49.01,48.29,603249
Ferrovial,2025-09-19,48.41,-0.2,-0.41,49.0,48.41,2687048
Ferrovial,2025-09-22,48.44,0.03,0.06,48.51,47.9,725601
Ferrovial,2025-09-23,48.1,-0.34,-0.69,48.85,48.1,504922
Ferrovial,2025-09-24,47.81,-0.29,-0.6,48.32,47.81,694086
Ferrovial,2025-09-25,47.52,-0.3,-0.62,47.86,47.4,594715
Ferrovial,2025-09-26,47.75,0.24,0.5,48.0,47.52,575678
Ferrovial,2025-09-29,47.96,0.21,0.44,48.19,47.59,633690
Ferrovial,2025-09-30,48.29,0.33,0.68,48.53,47.77,1007159
Ferrovial,2025-10-01,48.65,0.37,0.76,48.93,48.37,910344
Ferrovial,2025-10-02,49.63,0.98,2.01,49.65,48.82,869430
Ferrovial,2025-10-03,50.05,0.42,0.84,50.37,49.63,3608338
Ferrovial,2025-10-06,50.45,0.4,0.79,50.59,49.67,493383
Ferrovial,2025-10-07,51.04,0.59,1.18,51.26,50.31,5236882
Ferrovial,2025-10-08,51.4,0.36,0.7,51.77,50.98,1787078
Ferrovial,2025-10-09,51.08,-0.32,-0.62,51.87,51.08,767455
Ferrovial,2025-10-10,51.04,-0.04,-0.08,51.77,51.04,1086303
Ferrovial,2025-10-13,51.34,0.3,0.58,51.75,51.04,1007131
Ferrovial,2025-10-14,51.73,0.4,0.77,51.95,51.12,1310955
Ferrovial,2025-10-15,51.71,-0.02,-0.04,52.57,51.65,987786
Ferrovial,2025-10-16,53.38,1.66,3.22,53.38,51.61,8181370
Ferrovial,2025-10-17,53.38,0.0,0.0,54.19,53.04,1197253
Ferrovial,2025-10-20,53.77,0.4,0.74,54.03,53.57,5335964
Ferrovial,2025-10-21,53.56,-0.22,-0.41,53.87,53.26,785181
Ferrovial,2025-10-22,53.65,0.1,0.18,54.31,53.59,2769260
Ferrovial,2025-10-23,54.05,0.4,0.74,54.27,53.54,409215
Ferrovial,2025-10-24,54.73,0.68,1.25,54.99,53.83,580805
Ferrovial,2025-10-27,55.41,0.68,1.24,55.54,54.73,650780
Ferrovial,2025-10-28,54.97,-0.44,-0.79,56.0,54.97,744844
Ferrovial,2025-10-29,53.33,-1.64,-2.98,54.07,52.47,8744025
Ferrovial,2025-10-30,54.19,0.86,1.61,54.71,53.61,661575
Ferrovial,2025-10-31,53.13,-1.06,-1.95,54.17,53.05,1151848
Ferrovial,2025-11-03,53.81,0.68,1.28,53.97,53.33,555834
Ferrovial,2025-11-04,54.35,0.54,1.0,54.41,53.31,669275
Ferrovial,2025-11-05,55.09,0.74,1.36,55.66,54.09,824143
Ferrovial,2025-11-06,54.55,-0.54,-0.98,55.72,54.55,819479
Ferrovial,2025-11-07,54.13,-0.42,-0.77,55.13,54.03,665298
Ferrovial,2025-11-10,54.71,0.58,1.07,55.01,54.19,1090705
Ferrovial,2025-11-11,54.87,0.16,0.29,55.15,54.77,786370
Ferrovial,2025-11-12,55.46,0.6,1.09,55.7,54.79,2903308
Ferrovial,2025-11-13,55.35,-0.12,-0.22,56.06,55.29,1012082
Ferrovial,2025-11-14,55.09,-0.26,-0.47,55.41,54.43,928366
Ferrovial,2025-11-17,54.55,-0.54,-0.98,55.23,54.39,563389
Ferrovial,2025-11-18,53.67,-0.88,-1.61,54.17,53.43,1103649
Ferrovial,2025-11-19,54.05,0.38,0.71,54.41,53.53,1897720
Ferrovial,2025-11-20,54.99,0.94,1.74,55.62,54.37,1088575
Ferrovial,2025-11-21,54.05,-0.94,-1.71,54.63,53.65,1137692
Ferrovial,2025-11-24,55.84,1.8,3.33,56.02,54.35,1811307
Ferrovial,2025-11-25,55.96,0.12,0.21,56.34,55.56,655754
Ferrovial,2025-11-26,56.38,0.42,0.75,56.74,55.82,783614
Ferrovial,2025-11-27,56.24,-0.14,-0.25,56.84,56.24,649627
Ferrovial,2025-11-28,56.38,0.14,0.25,56.6,56.0,508899
Ferrovial,2025-12-01,55.96,-0.42,-0.74,56.28,55.45,7226336
Ferrovial,2025-12-02,56.18,0.22,0.39,56.54,55.94,6002388
Ferrovial,2025-12-03,56.92,0.74,1.32,57.0,55.9,869084
Ferrovial,2025-12-04,56.76,-0.16,-0.29,57.14,56.44,883640
Ferrovial,2025-12-05,56.46,-0.3,-0.53,57.2,56.3,1702557
Ferrovial,2025-12-08,57.36,0.9,1.59,57.44,56.52,519180
Ferrovial,2025-12-09,57.36,0.0,0.0,57.84,57.06,6253326
Ferrovial,2025-12-10,56.54,-0.82,-1.43,57.16,56.08,2104017
Ferrovial,2025-12-11,56.1,-0.44,-0.78,56.88,55.66,2247591
Ferrovial,2025-12-12,56.36,0.26,0.46,57.66,56.36,610681
Ferrovial,2025-12-15,57.6,1.24,2.2,57.82,56.44,795197
Ferrovial,2025-12-16,57.08,-0.52,-0.9,57.38,56.82,799699
Ferrovial,2025-12-17,56.78,-0.3,-0.53,57.72,56.78,700936
Ferrovial,2025-12-18,56.56,-0.22,-0.39,56.94,56.06,2285297
Ferrovial,2025-12-19,56.34,-0.22,-0.39,56.74,55.62,2278794
Ferrovial,2025-12-22,56.3,-0.04,-0.07,56.58,55.96,840775
Ferrovial,2025-12-23,55.44,-0.86,-1.53,56.08,55.06,772986
Ferrovial,2025-12-24,55.42,-0.02,-0.04,55.66,55.28,167620
Ferrovial,2025-12-29,55.36,-0.06,-0.11,55.56,54.9,609564
Ferrovial,2025-12-30,55.64,0.28,0.51,55.7,54.96,481463
Ferrovial,2025-12-31,55.34,-0.3,-0.54,55.36,55.0,239807
Ferrovial,2026-01-02,55.34,0.0,0.0,55.46,54.98,1230804
Ferrovial,2026-01-05,56.4,1.06,1.92,56.58,55.22,2663485
Ferrovial,2026-01-06,56.8,0.4,0.71,57.26,56.66,2194529
Ferrovial,2026-01-07,57.74,0.94,1.65,58.06,57.34,942428
Ferrovial,2026-01-08,57.66,-0.08,-0.14,58.08,57.52,1122188
Ferrovial,2026-01-09,56.8,-0.86,-1.49,58.02,56.18,1659772
Ferrovial,2026-01-12,57.54,0.74,1.3,57.56,56.56,521176
Ferrovial,2026-01-13,57.94,0.4,0.7,58.02,57.04,540339
Ferrovial,2026-01-14,58.06,0.12,0.21,58.72,57.72,813242
Ferrovial,2026-01-15,58.34,0.28,0.48,58.52,57.3,600130
Ferrovial,2026-01-16,58.56,0.22,0.38,58.56,57.88,868747
Ferrovial,2026-01-19,58.22,-0.34,-0.58,58.56,57.94,328233
Ferrovial,2026-01-20,56.86,-1.36,-2.34,57.64,56.82,697900
Ferrovial,2026-01-21,56.68,-0.18,-0.32,56.94,56.28,396540
Ferrovial,2026-01-22,57.42,0.74,1.31,57.96,57.1,516302
Ferrovial,2026-01-23,56.7,-0.72,-1.25,57.42,56.3,615472
Ferrovial,2026-01-26,57.0,0.3,0.53,57.28,56.1,528413
Ferrovial,2026-01-27,57.64,0.64,1.12,57.86,57.02,1552932
Ferrovial,2026-01-28,56.8,-0.84,-1.46,58.02,56.4,674618
Ferrovial,2026-01-29,56.38,-0.42,-0.74,57.28,56.24,618854
Ferrovial,2026-01-30,57.02,0.64,1.14,57.46,56.44,785309
Ferrovial,2026-02-02,57.48,0.46,0.81,57.88,56.74,643908
Ferrovial,2026-02-03,58.14,0.66,1.15,58.42,57.66,571851
Ferrovial,2026-02-04,57.66,-0.48,-0.83,58.62,57.66,580403
Ferrovial,2026-02-05,58.24,0.58,1.01,58.34,57.54,542982
Ferrovial,2026-02-06,59.98,1.74,2.99,59.98,58.56,564187
Ferrovial,2026-02-09,61.46,1.48,2.47,61.46,60.02,548261
Ferrovial,2026-02-10,61.5,0.04,0.07,62.18,60.9,986579
Ferrovial,2026-02-11,62.08,0.58,0.94,62.5,61.38,595691
Ferrovial,2026-02-12,62.16,0.08,0.13,62.94,61.9,1048010
Ferrovial,2026-02-13,61.28,-0.88,-1.42,62.12,60.42,488686
Ferrovial,2026-02-16,61.14,-0.14,-0.23,61.76,61.12,593516
Ferrovial,2026-02-17,61.66,0.52,0.85,61.8,60.52,557115
Ferrovial,2026-02-18,62.32,0.66,1.07,62.46,61.48,620122
Ferrovial,2026-02-19,60.9,-1.42,-2.28,61.72,60.24,619627
Ferrovial,2026-02-20,61.72,0.82,1.35,62.08,60.98,1132013
Ferrovial,2026-02-23,61.64,-0.08,-0.13,62.08,61.2,573570
Ferrovial,2026-02-24,61.74,0.1,0.16,62.06,61.2,707709
Ferrovial,2026-02-25,61.3,-0.44,-0.71,62.3,60.68,903578
Ferrovial,2026-02-26,62.78,1.48,2.41,63.04,59.74,1011738
Ferrovial,2026-02-27,63.16,0.38,0.61,63.54,62.5,1590088
Ferrovial,2026-03-02,62.24,-0.92,-1.46,62.48,61.28,789912
Ferrovial,2026-03-03,59.56,-2.68,-4.31,61.0,58.7,1646807
Ferrovial,2026-03-04,59.6,0.04,0.07,60.24,57.96,877450
Ferrovial,2026-03-05,58.04,-1.56,-2.62,60.18,57.92,1071161
Ferrovial,2026-03-06,57.06,-0.98,-1.69,59.06,56.24,940854
Ferrovial,2026-03-09,56.0,-1.06,-1.86,56.38,53.9,4646734
Ferrovial,2026-03-10,57.12,1.12,2.0,57.7,56.88,967207
Ferrovial,2026-03-11,56.78,-0.34,-0.6,57.08,56.12,779063
Ferrovial,2026-03-12,55.94,-0.84,-1.48,56.9,55.44,748403
Ferrovial,2026-03-13,55.28,-0.66,-1.18,56.34,55.2,678943
Ferrovial,2026-03-16,55.76,0.48,0.87,56.3,55.08,562830
Grifols,2025-03-17,9.4,0.0,0.0,9.49,9.33,965723
Grifols,2025-03-18,9.52,0.12,1.28,9.67,9.46,1186482
Grifols,2025-03-19,9.49,-0.02,-0.25,9.58,9.43,1115951
Grifols,2025-03-20,9.29,-0.2,-2.12,9.64,9.27,1644991
Grifols,2025-03-21,9.09,-0.2,-2.13,9.26,9.07,2951073
Grifols,2025-03-24,9.08,-0.01,-0.15,9.18,9.03,1337807
Grifols,2025-03-25,9.01,-0.07,-0.72,9.17,9.0,1196682
Grifols,2025-03-26,8.82,-0.19,-2.15,8.99,8.75,2250120
Grifols,2025-03-27,8.55,-0.27,-3.07,8.84,8.54,2953670
Grifols,2025-03-28,8.48,-0.07,-0.83,8.69,8.47,1753376
Grifols,2025-03-31,8.1,-0.38,-4.43,8.45,8.06,3808511
Grifols,2025-04-01,8.04,-0.06,-0.76,8.3,7.97,3121944
Grifols,2025-04-02,8.28,0.24,3.02,9.26,8.23,10427924
Grifols,2025-04-03,8.27,-0.01,-0.17,8.61,8.27,4355170
Grifols,2025-04-04,8.02,-0.25,-3.01,8.29,7.85,4708953
Grifols,2025-04-07,7.73,-0.3,-3.7,8.19,7.24,5464840
Grifols,2025-04-08,7.93,0.2,2.64,8.14,7.76,2469917
Grifols,2025-04-09,7.3,-0.62,-7.88,7.74,7.26,5718326
Grifols,2025-04-10,7.79,0.48,6.63,8.78,7.76,4040576
Grifols,2025-04-11,7.74,-0.05,-0.63,7.91,7.57,2698445
Grifols,2025-04-14,8.08,0.34,4.34,8.08,7.91,1794708
Grifols,2025-04-15,8.22,0.14,1.79,8.22,8.04,1797583
Grifols,2025-04-16,8.12,-0.1,-1.23,8.12,7.89,1436887
Grifols,2025-04-17,7.97,-0.14,-1.78,8.15,7.92,1049575
Grifols,2025-04-22,8.26,0.28,3.52,8.26,7.93,1259989
Grifols,2025-04-23,8.3,0.04,0.5,8.45,8.28,1552578
Grifols,2025-04-24,8.35,0.05,0.64,8.39,8.22,1138023
Grifols,2025-04-25,8.42,0.07,0.78,8.47,8.36,969460
Grifols,2025-04-28,8.39,-0.03,-0.35,8.53,8.35,1233545
Grifols,2025-04-29,8.26,-0.12,-1.46,8.41,8.17,1320862
Grifols,2025-04-30,8.2,-0.07,-0.79,8.44,8.11,1880268
Grifols,2025-05-02,8.43,0.23,2.82,8.48,8.27,1410988
Grifols,2025-05-05,8.45,0.02,0.21,8.52,8.41,898848
Grifols,2025-05-06,8.25,-0.19,-2.29,8.47,8.22,1293616
Grifols,2025-05-07,8.08,-0.18,-2.16,8.21,8.07,1434501
Grifols,2025-05-08,8.06,-0.01,-0.15,8.16,7.97,1555037
Grifols,2025-05-09,8.04,-0.03,-0.34,8.1,7.99,1656040
Grifols,2025-05-12,8.29,0.26,3.22,8.31,7.92,2293295
Grifols,2025-05-13,8.83,0.54,6.46,8.99,8.47,6225664
Grifols,2025-05-14,8.52,-0.31,-3.51,8.99,8.5,3422758
Grifols,2025-05-15,8.5,-0.02,-0.19,8.65,8.34,2465530
Grifols,2025-05-16,8.9,0.39,4.6,8.96,8.51,2730060
Grifols,2025-05-19,9.05,0.16,1.78,9.06,8.85,2865313
Grifols,2025-05-20,9.26,0.21,2.29,9.26,9.07,2285137
Grifols,2025-05-21,9.42,0.15,1.66,9.45,9.26,3161958
Grifols,2025-05-22,9.23,-0.18,-1.93,9.48,9.11,2291304
Grifols,2025-05-23,9.2,-0.04,-0.39,9.45,8.96,3301577
Grifols,2025-05-26,9.36,0.17,1.81,9.46,9.25,1300031
Grifols,2025-05-27,9.36,0.0,0.0,9.43,9.32,959043
Grifols,2025-05-28,9.34,-0.02,-0.25,9.44,9.31,1090743
Grifols,2025-05-29,9.38,0.04,0.47,9.55,9.34,1492897
Grifols,2025-05-30,9.36,-0.02,-0.25,9.44,9.31,2219107
Grifols,2025-06-02,9.51,0.15,1.63,9.61,9.28,1987326
Grifols,2025-06-03,9.55,0.04,0.37,9.58,9.35,1512681
Grifols,2025-06-04,9.96,0.42,4.35,10.03,9.58,3164998
Grifols,2025-06-05,10.17,0.21,2.08,10.19,9.93,3363300
Grifols,2025-06-06,10.18,0.01,0.1,10.23,10.06,1526012
Grifols,2025-06-09,10.25,0.07,0.68,10.41,10.23,1882061
Grifols,2025-06-10,10.39,0.14,1.4,10.42,10.25,1746255
Grifols,2025-06-11,10.34,-0.05,-0.48,10.4,10.16,1822861
Grifols,2025-06-12,10.41,0.07,0.67,10.48,10.31,1707379
Grifols,2025-06-13,10.08,-0.34,-3.23,10.23,9.96,2715257
Grifols,2025-06-16,10.51,0.43,4.27,10.53,10.08,2625849
Grifols,2025-06-17,10.38,-0.12,-1.18,10.61,10.31,1672822
Grifols,2025-06-18,10.25,-0.13,-1.24,10.43,10.13,2173972
Grifols,2025-06-19,9.98,-0.28,-2.7,10.19,9.94,1769925
Grifols,2025-06-20,10.21,0.23,2.33,10.21,10.0,4061715
Grifols,2025-06-23,10.01,-0.2,-1.94,10.17,9.95,1402724
Grifols,2025-06-24,9.83,-0.19,-1.86,10.19,9.79,2534811
Grifols,2025-06-25,9.83,0.0,0.0,9.98,9.75,1171889
Grifols,2025-06-26,10.13,0.3,3.1,10.16,9.86,1619314
Grifols,2025-06-27,10.21,0.08,0.78,10.31,10.12,1094352
Grifols,2025-06-30,10.23,0.02,0.19,10.36,10.23,1105654
Grifols,2025-07-01,10.29,0.06,0.63,10.36,10.17,1324578
Grifols,2025-07-02,10.48,0.18,1.78,10.55,10.26,2116505
Grifols,2025-07-03,10.47,-0.0,-0.05,10.65,10.42,1215588
Grifols,2025-07-04,10.43,-0.04,-0.38,10.46,10.31,792816
Grifols,2025-07-07,10.37,-0.06,-0.62,10.44,10.29,777393
Grifols,2025-07-08,10.67,0.31,2.96,10.67,10.33,1657138
Grifols,2025-07-09,11.23,0.55,5.19,11.33,10.47,5685172
Grifols,2025-07-10,11.45,0.22,1.94,11.64,11.19,2651704
Grifols,2025-07-11,11.49,0.04,0.35,11.64,11.39,2027550
Grifols,2025-07-14,11.52,0.03,0.26,11.54,11.39,1046974
Grifols,2025-07-15,11.5,-0.01,-0.13,11.66,11.48,1461373
Grifols,2025-07-16,12.0,0.5,4.34,12.1,11.47,3895584
Grifols,2025-07-17,12.09,0.09,0.74,12.42,12.03,2597595
Grifols,2025-07-18,11.88,-0.21,-1.76,12.22,11.82,3008955
Grifols,2025-07-21,11.7,-0.17,-1.46,11.86,11.52,2165700
Grifols,2025-07-22,11.62,-0.08,-0.68,11.8,11.61,1200900
Grifols,2025-07-23,11.75,0.13,1.11,11.81,11.65,1021116
Grifols,2025-07-24,12.06,0.31,2.61,12.06,11.86,1426661
Grifols,2025-07-25,12.17,0.11,0.9,12.17,11.95,965897
Grifols,2025-07-28,12.3,0.13,1.06,12.38,12.19,1477188
Grifols,2025-07-29,12.26,-0.04,-0.32,12.41,12.14,1801367
Grifols,2025-07-30,13.36,1.1,8.99,13.49,12.69,7974051
Grifols,2025-07-31,12.97,-0.39,-2.92,13.54,12.92,2804546
Grifols,2025-08-01,12.78,-0.19,-1.49,12.91,12.62,2464218
Grifols,2025-08-04,12.78,0.0,0.04,13.12,12.7,2055170
Grifols,2025-08-05,12.83,0.05,0.39,13.0,12.8,1083429
Grifols,2025-08-06,12.66,-0.17,-1.31,12.8,12.62,1179357
Grifols,2025-08-07,12.7,0.03,0.27,12.72,12.51,1261525
Grifols,2025-08-08,12.8,0.11,0.86,12.85,12.64,1282418
Grifols,2025-08-11,12.61,-0.19,-1.52,12.85,12.6,1002029
Grifols,2025-08-12,12.4,-0.21,-1.7,12.69,12.4,1827759
Grifols,2025-08-13,12.66,0.27,2.18,12.88,12.48,1432801
Grifols,2025-08-14,12.56,-0.11,-0.87,12.86,12.54,1072203
Grifols,2025-08-15,12.49,-0.06,-0.48,12.69,12.43,915137
Grifols,2025-08-18,12.57,0.08,0.64,12.57,12.4,754551
Grifols,2025-08-19,12.36,-0.21,-1.67,12.56,12.23,1980684
Grifols,2025-08-20,12.29,-0.07,-0.61,12.4,12.19,1399057
Grifols,2025-08-21,12.38,0.09,0.73,12.38,12.21,1325741
Grifols,2025-08-22,12.4,0.02,0.12,12.44,12.31,749068
Grifols,2025-08-25,12.24,-0.16,-1.25,12.41,12.24,638416
Grifols,2025-08-26,12.1,-0.14,-1.18,12.2,12.05,1872073
Grifols,2025-08-27,12.15,0.06,0.5,12.27,12.03,930969
Grifols,2025-08-28,12.18,0.02,0.16,12.23,12.07,822530
Grifols,2025-08-29,12.07,-0.11,-0.86,12.27,12.06,755140
Grifols,2025-09-01,12.16,0.09,0.75,12.2,12.08,814980
Grifols,2025-09-02,11.84,-0.32,-2.67,12.18,11.79,1589303
Grifols,2025-09-03,11.92,0.09,0.72,12.02,11.84,1103929
Grifols,2025-09-04,12.28,0.36,3.02,12.28,11.8,1297830
Grifols,2025-09-05,12.3,0.02,0.16,12.38,12.23,939556
Grifols,2025-09-08,12.41,0.11,0.89,12.5,12.33,910435
Grifols,2025-09-09,12.24,-0.17,-1.37,12.43,12.1,874019
Grifols,2025-09-10,12.16,-0.08,-0.65,12.32,12.14,699932
Grifols,2025-09-11,12.23,0.07,0.53,12.27,11.92,1196781
Grifols,2025-09-12,12.05,-0.18,-1.43,12.23,12.05,560935
Grifols,2025-09-15,12.01,-0.04,-0.33,12.17,11.98,751214
Grifols,2025-09-16,12.13,0.12,1.0,12.19,11.93,1327756
Grifols,2025-09-17,12.05,-0.08,-0.66,12.14,11.88,1146837
Grifols,2025-09-18,11.9,-0.15,-1.2,12.11,11.9,808124
Grifols,2025-09-19,12.04,0.14,1.13,12.15,11.86,1514105
Grifols,2025-09-22,11.91,-0.13,-1.08,12.05,11.86,834279
Grifols,2025-09-23,12.24,0.34,2.81,12.26,11.91,1179186
Grifols,2025-09-24,12.24,0.0,0.0,12.28,12.1,834390
Grifols,2025-09-25,11.98,-0.26,-2.12,12.26,11.97,846582
Grifols,2025-09-26,12.04,0.06,0.46,12.07,11.91,857686
Grifols,2025-09-29,12.3,0.26,2.16,12.48,12.1,1211688
Grifols,2025-09-30,12.32,0.02,0.2,12.48,12.22,1103649
Grifols,2025-10-01,12.43,0.11,0.85,12.45,12.27,1083504
Grifols,2025-10-02,12.61,0.18,1.45,12.87,12.43,1917613
Grifols,2025-10-03,12.52,-0.09,-0.67,12.84,12.52,921840
Grifols,2025-10-06,12.1,-0.42,-3.35,12.51,12.1,1635377
Grifols,2025-10-07,12.2,0.1,0.78,12.39,12.08,931472
Grifols,2025-10-08,12.32,0.12,1.02,12.36,12.14,801851
Grifols,2025-10-09,12.1,-0.23,-1.87,12.32,12.06,1045590
Grifols,2025-10-10,11.81,-0.28,-2.32,12.17,11.81,1919542
Grifols,2025-10-13,12.15,0.34,2.88,12.15,11.84,1231157
Grifols,2025-10-14,12.06,-0.1,-0.82,12.1,11.94,819703
Grifols,2025-10-15,12.0,-0.06,-0.46,12.2,11.98,939956
Grifols,2025-10-16,12.1,0.1,0.83,12.15,11.94,1054381
Grifols,2025-10-17,11.81,-0.29,-2.36,11.99,11.81,1800276
Grifols,2025-10-20,11.73,-0.09,-0.72,11.93,11.65,1001207
Grifols,2025-10-21,11.43,-0.3,-2.56,11.79,11.36,2079951
Grifols,2025-10-22,11.37,-0.06,-0.52,11.43,10.89,3810023
Grifols,2025-10-23,11.39,0.02,0.13,11.47,11.26,1143263
Grifols,2025-10-24,11.31,-0.07,-0.66,11.47,11.22,1043070
Grifols,2025-10-27,11.55,0.23,2.08,11.55,11.24,1546631
Grifols,2025-10-28,11.41,-0.13,-1.13,11.59,11.38,1247706
Grifols,2025-10-29,11.43,0.01,0.09,11.52,11.37,678270
Grifols,2025-10-30,11.35,-0.07,-0.61,11.48,11.35,742797
Grifols,2025-10-31,11.23,-0.12,-1.06,11.48,11.15,1337841
Grifols,2025-11-03,11.23,-0.01,-0.04,11.49,11.23,2137761
Grifols,2025-11-04,11.1,-0.12,-1.11,11.37,11.07,1736567
Grifols,2025-11-05,10.74,-0.36,-3.24,10.93,10.5,4043981
Grifols,2025-11-06,10.42,-0.32,-3.02,10.8,10.36,1994606
Grifols,2025-11-07,10.37,-0.05,-0.48,10.51,10.23,1616415
Grifols,2025-11-10,10.73,0.36,3.42,10.77,10.46,1432631
Grifols,2025-11-11,10.51,-0.22,-2.0,10.76,10.51,1360848
Grifols,2025-11-12,10.84,0.32,3.09,10.85,10.61,1132191
Grifols,2025-11-13,10.93,0.1,0.88,10.98,10.81,1147581
Grifols,2025-11-14,10.66,-0.27,-2.47,10.89,10.54,1339314
Grifols,2025-11-17,10.59,-0.07,-0.7,10.77,10.59,877392
Grifols,2025-11-18,10.31,-0.27,-2.55,10.45,10.24,1459889
Grifols,2025-11-19,10.23,-0.08,-0.78,10.38,10.23,1019598
Grifols,2025-11-20,10.15,-0.09,-0.88,10.35,10.15,1220838
Grifols,2025-11-21,10.15,0.0,0.0,10.22,9.91,2082130
Grifols,2025-11-24,10.3,0.15,1.53,10.32,10.14,2189685
Grifols,2025-11-25,10.33,0.03,0.29,10.35,10.07,1065958
Grifols,2025-11-26,10.48,0.15,1.45,10.52,10.34,649526
Grifols,2025-11-27,10.59,0.11,1.05,10.62,10.48,507960
Grifols,2025-11-28,10.53,-0.06,-0.57,10.62,10.45,662743
Grifols,2025-12-01,10.51,-0.02,-0.24,10.51,10.4,809819
Grifols,2025-12-02,10.43,-0.07,-0.71,10.57,10.43,586550
Grifols,2025-12-03,10.36,-0.07,-0.67,10.55,10.35,1180846
Grifols,2025-12-04,10.73,0.37,3.57,10.73,10.38,1277891
Grifols,2025-12-05,10.75,0.02,0.19,10.98,10.74,1299662
Grifols,2025-12-08,10.82,0.07,0.65,10.94,10.77,1046968
Grifols,2025-12-09,10.73,-0.09,-0.88,10.93,10.73,977245
Grifols,2025-12-10,10.7,-0.02,-0.19,10.74,10.64,628001
Grifols,2025-12-11,10.7,-0.01,-0.05,10.74,10.56,962931
Grifols,2025-12-12,10.79,0.09,0.84,10.9,10.65,938315
Grifols,2025-12-15,10.86,0.07,0.7,10.91,10.69,996284
Grifols,2025-12-16,10.81,-0.06,-0.55,10.87,10.52,1973762
Grifols,2025-12-17,10.68,-0.13,-1.2,10.93,10.66,1092180
Grifols,2025-12-18,10.8,0.12,1.12,10.83,10.53,1282668
Grifols,2025-12-19,10.96,0.16,1.53,11.03,10.57,3036494
Grifols,2025-12-22,11.05,0.09,0.82,11.07,10.82,1231275
Grifols,2025-12-23,10.91,-0.14,-1.27,11.14,10.91,918855
Grifols,2025-12-24,10.99,0.08,0.73,11.02,10.85,516963
Grifols,2025-12-29,10.95,-0.04,-0.36,11.03,10.93,1200900
Grifols,2025-12-30,10.82,-0.13,-1.19,10.96,10.81,1360100
Grifols,2025-12-31,10.7,-0.12,-1.11,10.81,10.69,1625608
Grifols,2026-01-02,11.19,0.49,4.63,11.28,10.85,2142479
Grifols,2026-01-05,11.3,0.11,0.94,11.42,11.18,2201885
Grifols,2026-01-06,11.4,0.1,0.84,11.59,11.33,1433582
Grifols,2026-01-07,11.59,0.19,1.71,11.61,11.31,1336208
Grifols,2026-01-08,11.45,-0.14,-1.16,11.7,11.43,1204055
Grifols,2026-01-09,11.39,-0.06,-0.57,11.47,11.34,807551
Grifols,2026-01-12,11.09,-0.31,-2.68,11.31,11.01,2902603
Grifols,2026-01-13,10.91,-0.18,-1.58,11.23,10.88,1464402
Grifols,2026-01-14,11.68,0.77,7.01,11.69,10.9,2699572
Grifols,2026-01-15,11.21,-0.47,-3.98,11.69,11.15,2419995
Grifols,2026-01-16,10.89,-0.32,-2.85,11.23,10.89,1911436
Grifols,2026-01-19,10.6,-0.3,-2.71,10.84,10.43,2389889
Grifols,2026-01-20,10.36,-0.24,-2.22,10.5,10.22,1753447
Grifols,2026-01-21,10.53,0.18,1.69,10.62,10.27,1494871
Grifols,2026-01-22,10.89,0.36,3.37,10.95,10.65,1283413
Grifols,2026-01-23,10.9,0.01,0.09,10.93,10.75,662560
Grifols,2026-01-26,10.98,0.08,0.73,11.0,10.8,957835
Grifols,2026-01-27,10.9,-0.08,-0.77,11.03,10.88,817555
Grifols,2026-01-28,10.98,0.08,0.73,11.01,10.82,1166124
Grifols,2026-01-29,10.76,-0.22,-2.0,11.04,10.76,934723
Grifols,2026-01-30,10.79,0.03,0.33,10.91,10.62,1454812
Grifols,2026-02-02,10.95,0.16,1.53,11.0,10.75,1001570
Grifols,2026-02-03,10.93,-0.02,-0.23,11.12,10.9,1168497
Grifols,2026-02-04,11.05,0.11,1.05,11.08,10.86,942640
Grifols,2026-02-05,10.84,-0.2,-1.86,11.01,10.76,949266
Grifols,2026-02-06,10.87,0.03,0.28,10.87,10.61,911364
Grifols,2026-02-09,11.06,0.19,1.75,11.09,10.86,804257
Grifols,2026-02-10,11.24,0.18,1.63,11.33,11.02,1618406
Grifols,2026-02-11,10.93,-0.31,-2.8,11.19,10.93,1482430
Grifols,2026-02-12,10.84,-0.09,-0.82,11.11,10.84,1438559
Grifols,2026-02-13,10.95,0.11,1.06,11.02,10.73,896109
Grifols,2026-02-16,11.04,0.09,0.82,11.04,10.93,838385
Grifols,2026-02-17,11.26,0.22,1.99,11.36,10.93,1564058
Grifols,2026-02-18,11.35,0.09,0.75,11.44,11.23,1325376
Grifols,2026-02-19,11.15,-0.19,-1.67,11.39,11.09,1133901
Grifols,2026-02-20,11.14,-0.02,-0.18,11.28,11.09,1078705
Grifols,2026-02-23,11.0,-0.14,-1.21,11.17,10.94,1534020
Grifols,2026-02-24,10.94,-0.06,-0.59,11.07,10.84,1627236
Grifols,2026-02-25,10.96,0.02,0.23,11.06,10.83,1169675
Grifols,2026-02-26,11.07,0.11,1.0,11.07,10.81,2060581
Grifols,2026-02-27,10.63,-0.44,-3.97,10.66,10.15,9665305
Grifols,2026-03-02,10.62,-0.01,-0.05,10.67,10.21,2983147
Grifols,2026-03-03,9.97,-0.65,-6.15,10.54,9.93,4250018
Grifols,2026-03-04,10.21,0.24,2.39,10.3,9.72,1960865
Grifols,2026-03-05,10.41,0.2,1.96,10.74,10.3,3332782
Grifols,2026-03-06,10.06,-0.35,-3.36,10.6,10.05,1946615
Grifols,2026-03-09,9.92,-0.14,-1.37,10.0,9.7,2433974
Grifols,2026-03-10,9.73,-0.19,-1.94,10.06,9.7,3537695
Grifols,2026-03-11,9.48,-0.25,-2.61,9.7,9.4,3549236
Grifols,2026-03-12,9.28,-0.2,-2.07,9.47,9.24,2530441
Grifols,2026-03-13,9.22,-0.06,-0.67,9.35,9.16,1582325
Grifols,2026-03-16,9.31,0.09,1.02,9.42,9.16,2101368
IAG,2025-03-17,3.35,0.0,0.0,3.36,3.3,12173133
IAG,2025-03-18,3.4,0.05,1.6,3.46,3.35,15669924
IAG,2025-03-19,3.45,0.04,1.26,3.45,3.33,8450056
IAG,2025-03-20,3.38,-0.06,-1.84,3.5,3.38,8432894
IAG,2025-03-21,3.31,-0.07,-2.19,3.36,3.23,17570719
IAG,2025-03-24,3.35,0.04,1.29,3.39,3.33,4940908
IAG,2025-03-25,3.47,0.11,3.34,3.48,3.35,13496881
IAG,2025-03-26,3.44,-0.02,-0.59,3.5,3.44,7591994
IAG,2025-03-27,3.4,-0.05,-1.36,3.43,3.36,5453854
IAG,2025-03-28,3.25,-0.15,-4.3,3.39,3.24,9167739
IAG,2025-03-31,3.04,-0.21,-6.56,3.21,3.0,26215582
IAG,2025-04-01,3.0,-0.04,-1.25,3.1,2.93,14843320
IAG,2025-04-02,3.04,0.04,1.36,3.06,3.0,9059160
IAG,2025-04-03,2.87,-0.18,-5.77,3.0,2.82,21251054
IAG,2025-04-04,2.73,-0.13,-4.66,2.85,2.65,29162607
IAG,2025-04-07,2.56,-0.18,-6.45,2.76,2.39,52064349
IAG,2025-04-08,2.72,0.16,6.21,2.77,2.62,21050940
IAG,2025-04-09,2.64,-0.08,-2.94,2.68,2.54,18638929
IAG,2025-04-10,2.78,0.14,5.43,3.12,2.77,35910060
IAG,2025-04-11,2.7,-0.08,-2.7,2.78,2.63,21680083
IAG,2025-04-14,2.78,0.08,2.81,2.82,2.75,12393710
IAG,2025-04-15,2.85,0.07,2.49,2.85,2.79,7805644
IAG,2025-04-16,2.85,0.0,0.03,2.85,2.79,6603496
IAG,2025-04-17,2.83,-0.02,-0.62,2.87,2.79,6973971
IAG,2025-04-22,2.87,0.04,1.48,2.87,2.8,22375755
IAG,2025-04-23,3.0,0.13,4.54,3.04,2.93,31693585
IAG,2025-04-24,2.99,-0.02,-0.58,3.02,2.93,8850310
IAG,2025-04-25,3.02,0.04,1.24,3.05,3.0,8926366
IAG,2025-04-28,3.02,-0.0,-0.16,3.06,3.0,7845330
IAG,2025-04-29,2.99,-0.02,-0.81,3.05,2.97,6850094
IAG,2025-04-30,2.99,-0.01,-0.26,3.04,2.95,7256360
IAG,2025-05-02,3.18,0.2,6.56,3.2,3.03,12553795
IAG,2025-05-05,3.21,0.03,0.86,3.23,3.19,6649786
IAG,2025-05-06,3.23,0.02,0.61,3.26,3.15,7759085
IAG,2025-05-07,3.25,0.02,0.75,3.3,3.22,7482703
IAG,2025-05-08,3.32,0.07,2.16,3.32,3.25,10819741
IAG,2025-05-09,3.42,0.09,2.78,3.45,3.27,14876051
IAG,2025-05-12,3.61,0.19,5.59,3.65,3.47,17464090
IAG,2025-05-13,3.73,0.12,3.38,3.73,3.62,11774392
IAG,2025-05-14,3.66,-0.07,-1.8,3.78,3.57,18232400
IAG,2025-05-15,3.73,0.06,1.73,3.77,3.64,12767399
IAG,2025-05-16,3.75,0.02,0.6,3.8,3.71,10917056
IAG,2025-05-19,3.83,0.08,2.24,3.83,3.71,32232772
IAG,2025-05-20,3.88,0.05,1.27,3.91,3.83,14939769
IAG,2025-05-21,3.84,-0.04,-1.08,3.87,3.76,14210892
IAG,2025-05-22,3.78,-0.06,-1.6,3.84,3.77,12403399
IAG,2025-05-23,3.71,-0.07,-1.86,3.87,3.64,25607601
IAG,2025-05-26,3.83,0.12,3.29,3.84,3.79,6557511
IAG,2025-05-27,3.89,0.06,1.55,3.9,3.76,13679408
IAG,2025-05-28,3.87,-0.02,-0.53,3.94,3.87,29745018
IAG,2025-05-29,3.85,-0.01,-0.38,3.96,3.85,11119895
IAG,2025-05-30,3.77,-0.08,-2.02,3.88,3.75,139692758
IAG,2025-06-02,3.87,0.1,2.58,3.87,3.76,8399285
IAG,2025-06-03,3.88,0.01,0.23,3.89,3.83,23838443
IAG,2025-06-04,3.89,0.01,0.15,3.92,3.84,7606214
IAG,2025-06-05,3.83,-0.05,-1.4,3.89,3.78,8966301
IAG,2025-06-06,3.84,0.01,0.15,3.86,3.81,4320868
IAG,2025-06-09,3.91,0.07,1.85,3.91,3.82,37525292
IAG,2025-06-10,3.94,0.03,0.8,3.96,3.9,9767391
IAG,2025-06-11,3.9,-0.04,-0.91,3.96,3.9,8896441
IAG,2025-06-12,3.76,-0.14,-3.59,3.86,3.71,18901442
IAG,2025-06-13,3.63,-0.13,-3.57,3.63,3.48,35368780
IAG,2025-06-16,3.74,0.11,3.09,3.76,3.6,17385551
IAG,2025-06-17,3.58,-0.17,-4.45,3.73,3.57,14111647
IAG,2025-06-18,3.64,0.07,1.88,3.67,3.56,14555310
IAG,2025-06-19,3.53,-0.11,-2.97,3.62,3.53,7590709
IAG,2025-06-20,3.58,0.04,1.24,3.63,3.57,15434127
IAG,2025-06-23,3.52,-0.06,-1.72,3.56,3.44,13182133
IAG,2025-06-24,3.75,0.23,6.51,3.8,3.7,17631707
IAG,2025-06-25,3.79,0.04,1.09,3.85,3.75,11992314
IAG,2025-06-26,3.86,0.08,2.06,3.88,3.82,7902685
IAG,2025-06-27,3.93,0.06,1.59,3.93,3.87,8646323
IAG,2025-06-30,3.94,0.02,0.45,3.96,3.88,12269651
IAG,2025-07-01,3.96,0.01,0.33,3.98,3.92,9392904
IAG,2025-07-02,3.94,-0.02,-0.43,4.01,3.93,8741393
IAG,2025-07-03,3.97,0.03,0.7,3.99,3.92,6896406
IAG,2025-07-04,3.97,-0.0,-0.02,3.99,3.94,6636058
IAG,2025-07-07,4.08,0.11,2.82,4.09,3.97,13379359
IAG,2025-07-08,4.13,0.05,1.29,4.16,4.09,10223337
IAG,2025-07-09,4.16,0.03,0.62,4.17,4.12,15550001
IAG,2025-07-10,4.25,0.09,2.17,4.25,4.07,16488203
IAG,2025-07-11,4.22,-0.03,-0.75,4.29,4.21,10552788
IAG,2025-07-14,4.29,0.07,1.69,4.29,4.15,11127383
IAG,2025-07-15,4.3,0.02,0.39,4.33,4.27,8586139
IAG,2025-07-16,4.33,0.03,0.62,4.41,4.29,11644565
IAG,2025-07-17,4.39,0.06,1.44,4.4,4.23,10642332
IAG,2025-07-18,4.34,-0.05,-1.08,4.43,4.33,7854763
IAG,2025-07-21,4.34,-0.01,-0.18,4.41,4.31,6344327
IAG,2025-07-22,4.22,-0.11,-2.58,4.36,4.17,11476016
IAG,2025-07-23,4.32,0.09,2.15,4.32,4.23,6929041
IAG,2025-07-24,4.3,-0.01,-0.28,4.34,4.27,9375977
IAG,2025-07-25,4.24,-0.07,-1.54,4.31,4.21,5469788
IAG,2025-07-28,4.22,-0.02,-0.49,4.31,4.2,9969403
IAG,2025-07-29,4.22,0.0,0.09,4.28,4.21,5329154
IAG,2025-07-30,4.24,0.02,0.56,4.28,4.21,5915496
IAG,2025-07-31,4.36,0.11,2.66,4.39,4.27,13209856
IAG,2025-08-01,4.24,-0.11,-2.59,4.49,4.18,20367684
IAG,2025-08-04,4.28,0.04,0.91,4.36,4.26,7287334
IAG,2025-08-05,4.33,0.05,1.18,4.36,4.28,8890357
IAG,2025-08-06,4.25,-0.09,-1.99,4.34,4.23,10093607
IAG,2025-08-07,4.26,0.01,0.21,4.3,4.2,9299030
IAG,2025-08-08,4.26,0.0,0.02,4.28,4.22,5005532
IAG,2025-08-11,4.27,0.02,0.37,4.33,4.23,6380428
IAG,2025-08-12,4.41,0.14,3.26,4.42,4.26,13107717
IAG,2025-08-13,4.41,-0.0,-0.11,4.47,4.4,9410137
IAG,2025-08-14,4.41,0.0,0.11,4.47,4.4,7036551
IAG,2025-08-15,4.44,0.02,0.56,4.44,4.38,6915042
IAG,2025-08-18,4.47,0.03,0.78,4.48,4.41,5748437
IAG,2025-08-19,4.51,0.03,0.75,4.51,4.44,8877240
IAG,2025-08-20,4.43,-0.07,-1.6,4.5,4.41,6635039
IAG,2025-08-21,4.42,-0.02,-0.38,4.45,4.37,7054427
IAG,2025-08-22,4.51,0.09,2.15,4.53,4.4,9275012
IAG,2025-08-25,4.47,-0.05,-1.03,4.5,4.46,3191157
IAG,2025-08-26,4.5,0.03,0.71,4.53,4.44,8146898
IAG,2025-08-27,4.42,-0.08,-1.74,4.52,4.39,6597452
IAG,2025-08-28,4.44,0.02,0.54,4.47,4.43,3401690
IAG,2025-08-29,4.37,-0.08,-1.74,4.44,4.34,6297916
IAG,2025-09-01,4.5,0.14,3.17,4.5,4.36,6113636
IAG,2025-09-02,4.33,-0.18,-3.93,4.49,4.29,8389380
IAG,2025-09-03,4.45,0.13,2.9,4.46,4.33,6551794
IAG,2025-09-04,4.45,-0.0,-0.09,4.47,4.35,7870120
IAG,2025-09-05,4.46,0.01,0.2,4.49,4.4,7506379
IAG,2025-09-08,4.5,0.04,0.89,4.5,4.44,5611461
IAG,2025-09-09,4.54,0.04,0.97,4.54,4.46,10544334
IAG,2025-09-10,4.37,-0.17,-3.66,4.56,4.37,12788479
IAG,2025-09-11,4.38,0.0,0.07,4.46,4.37,7888702
IAG,2025-09-12,4.37,-0.0,-0.07,4.42,4.34,6235388
IAG,2025-09-15,4.39,0.02,0.43,4.45,4.37,5844616
IAG,2025-09-16,4.34,-0.05,-1.13,4.46,4.34,6539803
IAG,2025-09-17,4.42,0.07,1.66,4.43,4.37,5915988
IAG,2025-09-18,4.38,-0.04,-0.9,4.45,4.34,5289754
IAG,2025-09-19,4.35,-0.03,-0.59,4.41,4.33,6527977
IAG,2025-09-22,4.3,-0.06,-1.27,4.36,4.28,5220101
IAG,2025-09-23,4.33,0.04,0.92,4.36,4.3,4906363
IAG,2025-09-24,4.36,0.02,0.52,4.37,4.29,6692126
IAG,2025-09-25,4.33,-0.03,-0.68,4.37,4.31,3805356
IAG,2025-09-26,4.33,0.01,0.14,4.39,4.32,4046795
IAG,2025-09-29,4.35,0.01,0.34,4.38,4.33,3306570
IAG,2025-09-30,4.39,0.04,0.84,4.4,4.33,6268513
IAG,2025-10-01,4.32,-0.07,-1.51,4.37,4.29,7973020
IAG,2025-10-02,4.39,0.07,1.6,4.39,4.31,6023797
IAG,2025-10-03,4.38,-0.0,-0.11,4.42,4.36,5443922
IAG,2025-10-06,4.42,0.04,0.81,4.42,4.36,4616994
IAG,2025-10-07,4.44,0.02,0.54,4.46,4.38,6633441
IAG,2025-10-08,4.57,0.13,2.85,4.6,4.45,11922268
IAG,2025-10-09,4.71,0.14,2.99,4.74,4.56,15860075
IAG,2025-10-10,4.64,-0.07,-1.41,4.71,4.62,6439657
IAG,2025-10-13,4.66,0.02,0.41,4.68,4.61,3861356
IAG,2025-10-14,4.63,-0.02,-0.53,4.64,4.5,9423774
IAG,2025-10-15,4.64,0.01,0.23,4.72,4.64,7920709
IAG,2025-10-16,4.63,-0.01,-0.23,4.68,4.54,4434535
IAG,2025-10-17,4.45,-0.18,-3.93,4.58,4.45,9093119
IAG,2025-10-20,4.51,0.06,1.4,4.54,4.48,4988349
IAG,2025-10-21,4.5,-0.02,-0.42,4.54,4.44,4658131
IAG,2025-10-22,4.58,0.09,1.94,4.61,4.52,11955029
IAG,2025-10-23,4.59,0.0,0.09,4.62,4.55,6624302
IAG,2025-10-24,4.64,0.06,1.21,4.64,4.56,5503711
IAG,2025-10-27,4.64,0.0,0.0,4.67,4.63,3619170
IAG,2025-10-28,4.64,0.0,0.04,4.67,4.63,5225690
IAG,2025-10-29,4.58,-0.06,-1.3,4.65,4.55,5823887
IAG,2025-10-30,4.66,0.08,1.68,4.66,4.54,4612489
IAG,2025-10-31,4.71,0.05,1.15,4.71,4.64,6619053
IAG,2025-11-03,4.83,0.12,2.5,4.84,4.68,10152004
IAG,2025-11-04,4.74,-0.09,-1.86,4.8,4.72,5297838
IAG,2025-11-05,4.78,0.04,0.86,4.79,4.7,4036993
IAG,2025-11-06,4.66,-0.12,-2.61,4.79,4.63,8175887
IAG,2025-11-07,4.12,-0.54,-11.49,4.42,4.12,40816094
IAG,2025-11-10,4.26,0.14,3.46,4.31,4.21,13392320
IAG,2025-11-11,4.31,0.04,0.97,4.35,4.26,8394702
IAG,2025-11-12,4.4,0.1,2.25,4.42,4.31,10397859
IAG,2025-11-13,4.44,0.04,0.88,4.49,4.41,7933586
IAG,2025-11-14,4.34,-0.1,-2.32,4.39,4.28,7346606
IAG,2025-11-17,4.28,-0.05,-1.25,4.37,4.26,6923209
IAG,2025-11-18,4.16,-0.12,-2.84,4.22,4.12,14687951
IAG,2025-11-19,4.24,0.07,1.78,4.28,4.12,35330551
IAG,2025-11-20,4.3,0.06,1.45,4.33,4.24,6254376
IAG,2025-11-21,4.27,-0.02,-0.55,4.29,4.2,7215402
IAG,2025-11-24,4.39,0.11,2.69,4.39,4.29,12535815
IAG,2025-11-25,4.42,0.03,0.63,4.42,4.3,7161690
IAG,2025-11-26,4.5,0.08,1.81,4.5,4.36,7695326
IAG,2025-11-27,4.53,0.04,0.82,4.56,4.51,3948082
IAG,2025-11-28,4.53,-0.01,-0.11,4.55,4.5,3142309
IAG,2025-12-01,4.48,-0.05,-1.06,4.55,4.44,4548046
IAG,2025-12-02,4.43,-0.05,-1.18,4.48,4.42,7199085
IAG,2025-12-03,4.47,0.05,1.06,4.49,4.43,6902884
IAG,2025-12-04,4.41,-0.06,-1.36,4.5,4.38,5436435
IAG,2025-12-05,4.42,0.01,0.16,4.47,4.41,2994205
IAG,2025-12-08,4.48,0.06,1.38,4.49,4.43,4540122
IAG,2025-12-09,4.43,-0.05,-1.16,4.46,4.4,6476036
IAG,2025-12-10,4.41,-0.02,-0.45,4.46,4.4,4496326
IAG,2025-12-11,4.54,0.13,2.86,4.54,4.41,6624779
IAG,2025-12-12,4.59,0.06,1.23,4.65,4.55,8217705
IAG,2025-12-15,4.72,0.13,2.85,4.76,4.61,7013510
IAG,2025-12-16,4.77,0.04,0.93,4.79,4.72,5936036
IAG,2025-12-17,4.79,0.02,0.4,4.83,4.75,5475529
IAG,2025-12-18,4.81,0.02,0.46,4.81,4.74,4242943
IAG,2025-12-19,4.79,-0.02,-0.4,4.82,4.75,8607182
IAG,2025-12-22,4.82,0.03,0.67,4.82,4.76,4097793
IAG,2025-12-23,4.8,-0.02,-0.5,4.83,4.79,2799938
IAG,2025-12-24,4.78,-0.02,-0.38,4.79,4.75,1831973
IAG,2025-12-29,4.75,-0.03,-0.61,4.78,4.71,3914037
IAG,2025-12-30,4.76,0.01,0.21,4.77,4.71,4638924
IAG,2025-12-31,4.75,-0.01,-0.23,4.77,4.73,2783174
IAG,2026-01-02,4.82,0.07,1.54,4.85,4.74,6129045
IAG,2026-01-05,4.9,0.08,1.64,4.91,4.81,10019106
IAG,2026-01-06,5.04,0.14,2.92,5.04,4.91,14600156
IAG,2026-01-07,4.97,-0.07,-1.39,5.07,4.86,11556766
IAG,2026-01-08,5.02,0.04,0.88,5.03,4.95,5331111
IAG,2026-01-09,4.89,-0.12,-2.49,5.0,4.87,6240469
IAG,2026-01-12,4.74,-0.15,-3.05,4.86,4.71,10388016
IAG,2026-01-13,4.71,-0.04,-0.8,4.8,4.6,8675947
IAG,2026-01-14,4.67,-0.03,-0.7,4.81,4.67,8226875
IAG,2026-01-15,4.74,0.07,1.41,4.75,4.66,5542298
IAG,2026-01-16,4.74,0.0,0.02,4.78,4.72,4574094
IAG,2026-01-19,4.74,-0.0,-0.04,4.8,4.62,5268739
IAG,2026-01-20,4.68,-0.06,-1.22,4.73,4.61,5411173
IAG,2026-01-21,4.82,0.14,2.99,4.84,4.71,8977231
IAG,2026-01-22,4.94,0.12,2.51,4.97,4.87,8316453
IAG,2026-01-23,4.82,-0.12,-2.35,4.91,4.77,7627006
IAG,2026-01-26,4.77,-0.05,-1.08,4.85,4.73,4631115
IAG,2026-01-27,4.79,0.01,0.27,4.81,4.7,6286764
IAG,2026-01-28,4.82,0.04,0.73,4.82,4.71,6763190
IAG,2026-01-29,4.73,-0.09,-1.85,4.9,4.72,7427166
IAG,2026-01-30,4.82,0.09,1.97,4.86,4.75,7397014
IAG,2026-02-02,5.0,0.18,3.63,5.0,4.78,11337991
IAG,2026-02-03,5.02,0.02,0.32,5.03,4.93,6815850
IAG,2026-02-04,5.0,-0.02,-0.36,5.06,4.98,6570484
IAG,2026-02-05,4.83,-0.17,-3.4,5.03,4.82,5884620
IAG,2026-02-06,5.04,0.21,4.43,5.04,4.82,8515123
IAG,2026-02-09,5.15,0.11,2.14,5.15,5.04,8051694
IAG,2026-02-10,5.01,-0.14,-2.64,5.15,5.01,9390270
IAG,2026-02-11,4.9,-0.12,-2.31,5.03,4.9,5997734
IAG,2026-02-12,4.93,0.03,0.63,5.02,4.91,4200963
IAG,2026-02-13,4.98,0.05,1.03,5.04,4.92,3938519
IAG,2026-02-16,5.04,0.06,1.12,5.07,5.02,2981903
IAG,2026-02-17,5.09,0.05,0.99,5.09,4.95,4870763
IAG,2026-02-18,5.07,-0.02,-0.31,5.12,4.91,8771438
IAG,2026-02-19,4.97,-0.1,-2.03,5.14,4.9,11211496
IAG,2026-02-20,5.01,0.04,0.87,5.03,4.96,5078446
IAG,2026-02-23,4.92,-0.09,-1.74,5.05,4.92,5868960
IAG,2026-02-24,4.97,0.05,1.04,5.0,4.89,6031541
IAG,2026-02-25,5.11,0.14,2.77,5.12,4.97,7502187
IAG,2026-02-26,5.24,0.12,2.43,5.25,5.08,12230176
IAG,2026-02-27,4.83,-0.41,-7.83,5.3,4.82,38973396
IAG,2026-03-02,4.6,-0.23,-4.72,4.66,4.35,23011324
IAG,2026-03-03,4.26,-0.34,-7.46,4.56,4.2,31963363
IAG,2026-03-04,4.44,0.18,4.32,4.49,4.23,18733591
IAG,2026-03-05,4.28,-0.16,-3.58,4.49,4.27,17988083
IAG,2026-03-06,4.2,-0.08,-1.85,4.37,4.13,15633039
IAG,2026-03-09,4.13,-0.07,-1.69,4.16,3.98,17182372
IAG,2026-03-10,4.34,0.21,5.13,4.39,4.27,14499750
IAG,2026-03-11,4.34,-0.01,-0.12,4.37,4.28,8010568
IAG,2026-03-12,4.19,-0.15,-3.41,4.3,4.16,10236185
IAG,2026-03-13,4.1,-0.09,-2.22,4.17,4.08,10317027
IAG,2026-03-16,4.09,-0.01,-0.22,4.16,3.96,20777727
Iberdrola,2025-03-17,13.54,0.0,0.0,13.57,13.38,7554632
Iberdrola,2025-03-18,13.49,-0.05,-0.36,13.55,13.4,8278935
Iberdrola,2025-03-19,13.54,0.05,0.39,13.57,13.5,8422526
Iberdrola,2025-03-20,13.6,0.06,0.43,13.64,13.47,10455660
Iberdrola,2025-03-21,13.86,0.26,1.91,13.9,13.64,35440611
Iberdrola,2025-03-24,13.69,-0.17,-1.21,13.94,13.66,9559973
Iberdrola,2025-03-25,13.87,0.17,1.26,13.93,13.71,8021060
Iberdrola,2025-03-26,13.91,0.05,0.35,14.01,13.85,5842066
Iberdrola,2025-03-27,14.16,0.24,1.73,14.22,13.97,11501594
Iberdrola,2025-03-28,14.44,0.29,2.04,14.44,14.21,12628524
Iberdrola,2025-03-31,14.37,-0.08,-0.53,14.62,14.32,15502246
Iberdrola,2025-04-01,14.52,0.15,1.07,14.53,14.34,6625189
Iberdrola,2025-04-02,14.61,0.09,0.63,14.66,14.47,13817278
Iberdrola,2025-04-03,15.08,0.47,3.19,15.15,14.67,15297251
Iberdrola,2025-04-04,14.54,-0.54,-3.57,15.34,14.45,24574102
Iberdrola,2025-04-07,13.79,-0.75,-5.16,14.25,13.51,40059069
Iberdrola,2025-04-08,13.88,0.09,0.63,13.97,13.59,15097592
Iberdrola,2025-04-09,13.58,-0.29,-2.11,13.73,13.51,25406919
Iberdrola,2025-04-10,13.95,0.37,2.73,14.15,13.66,22998533
Iberdrola,2025-04-11,14.15,0.19,1.38,14.32,14.05,8931696
Iberdrola,2025-04-14,14.42,0.28,1.97,14.42,14.12,10169952
Iberdrola,2025-04-15,14.6,0.18,1.23,14.62,14.4,12876767
Iberdrola,2025-04-16,14.78,0.18,1.22,14.8,14.65,7846827
Iberdrola,2025-04-17,14.87,0.09,0.62,14.92,14.63,19107489
Iberdrola,2025-04-22,15.03,0.16,1.1,15.1,14.78,14981977
Iberdrola,2025-04-23,14.77,-0.26,-1.76,15.14,14.5,17100295
Iberdrola,2025-04-24,14.75,-0.02,-0.16,14.88,14.61,10429080
Iberdrola,2025-04-25,14.86,0.12,0.78,14.91,14.72,14086903
Iberdrola,2025-04-28,15.0,0.13,0.91,15.0,14.79,15848169
Iberdrola,2025-04-29,15.15,0.15,0.99,15.15,14.92,7741941
Iberdrola,2025-04-30,15.28,0.14,0.92,15.28,14.91,13475646
Iberdrola,2025-05-02,15.18,-0.1,-0.66,15.27,14.97,8909636
Iberdrola,2025-05-05,15.32,0.14,0.92,15.34,15.17,4160787
Iberdrola,2025-05-06,15.36,0.03,0.22,15.4,15.28,6604701
Iberdrola,2025-05-07,15.4,0.04,0.25,15.44,15.32,7574658
Iberdrola,2025-05-08,14.9,-0.5,-3.25,15.34,14.88,10060522
Iberdrola,2025-05-09,14.9,0.0,0.0,15.01,14.87,7054644
Iberdrola,2025-05-12,14.63,-0.26,-1.78,15.0,14.45,7488572
Iberdrola,2025-05-13,14.61,-0.02,-0.13,14.8,14.54,6779029
Iberdrola,2025-05-14,14.66,0.05,0.33,14.72,14.5,6421315
Iberdrola,2025-05-15,14.97,0.31,2.1,15.0,14.65,14737951
Iberdrola,2025-05-16,15.16,0.2,1.32,15.18,15.05,10706971
Iberdrola,2025-05-19,15.21,0.05,0.32,15.22,15.01,4594979
Iberdrola,2025-05-20,15.53,0.32,2.09,15.55,15.26,6834569
Iberdrola,2025-05-21,15.53,0.0,0.03,15.58,15.42,5124186
Iberdrola,2025-05-22,15.55,0.02,0.12,15.59,15.38,6060761
Iberdrola,2025-05-23,15.6,0.04,0.28,15.73,15.42,7749061
Iberdrola,2025-05-26,15.62,0.02,0.15,15.64,15.51,4536802
Iberdrola,2025-05-27,15.57,-0.05,-0.34,15.66,15.51,6431267
Iberdrola,2025-05-28,15.42,-0.15,-0.96,15.6,15.34,7510886
Iberdrola,2025-05-29,15.37,-0.05,-0.34,15.44,15.17,5014381
Iberdrola,2025-05-30,15.47,0.1,0.66,15.52,15.38,47306599
Iberdrola,2025-06-02,15.47,0.0,0.0,15.59,15.41,4934441
Iberdrola,2025-06-03,15.31,-0.15,-1.0,15.57,15.25,7803593
Iberdrola,2025-06-04,15.32,0.0,0.03,15.39,15.25,5391812
Iberdrola,2025-06-05,15.36,0.04,0.28,15.46,15.17,6229775
Iberdrola,2025-06-06,15.4,0.04,0.25,15.44,15.3,3984074
Iberdrola,2025-06-09,15.39,-0.01,-0.06,15.46,15.29,3904475
Iberdrola,2025-06-10,15.53,0.14,0.94,15.6,15.42,7492903
Iberdrola,2025-06-11,15.53,0.0,0.0,15.56,15.37,5942872
Iberdrola,2025-06-12,15.66,0.13,0.8,15.69,15.54,4684027
Iberdrola,2025-06-13,15.59,-0.07,-0.46,15.7,15.53,8953266
Iberdrola,2025-06-16,15.61,0.02,0.15,15.71,15.49,9685119
Iberdrola,2025-06-17,15.63,0.01,0.09,15.69,15.46,8635435
Iberdrola,2025-06-18,15.58,-0.05,-0.31,15.76,15.58,8297062
Iberdrola,2025-06-19,15.62,0.04,0.25,15.66,15.55,3749794
Iberdrola,2025-06-20,15.81,0.2,1.26,15.81,15.56,37181022
Iberdrola,2025-06-23,16.01,0.2,1.25,16.04,15.75,5237609
Iberdrola,2025-06-24,16.07,0.06,0.36,16.15,15.9,8174483
Iberdrola,2025-06-25,15.72,-0.35,-2.16,16.04,15.71,8158459
Iberdrola,2025-06-26,15.77,0.04,0.28,15.88,15.76,6451063
Iberdrola,2025-06-27,15.7,-0.06,-0.4,15.9,15.7,11346893
Iberdrola,2025-06-30,15.67,-0.03,-0.21,15.84,15.64,7257605
Iberdrola,2025-07-01,15.76,0.09,0.58,15.91,15.7,6958886
Iberdrola,2025-07-02,15.67,-0.09,-0.58,15.82,15.65,10291957
Iberdrola,2025-07-03,15.72,0.05,0.31,15.74,15.6,21290653
Iberdrola,2025-07-04,15.69,-0.03,-0.19,15.79,15.59,8000049
Iberdrola,2025-07-07,15.52,-0.17,-1.07,15.69,15.46,20918208
Iberdrola,2025-07-08,15.42,-0.1,-0.64,15.55,15.34,20989120
Iberdrola,2025-07-09,15.45,0.02,0.16,15.5,15.39,16801224
Iberdrola,2025-07-10,15.37,-0.08,-0.51,15.5,15.26,9312417
Iberdrola,2025-07-11,15.37,0.0,0.0,15.39,15.24,7065740
Iberdrola,2025-07-14,15.5,0.13,0.87,15.5,15.31,7112009
Iberdrola,2025-07-15,15.34,-0.16,-1.02,15.5,15.3,6962220
Iberdrola,2025-07-16,15.39,0.05,0.32,15.43,15.29,6393062
Iberdrola,2025-07-17,15.38,-0.01,-0.06,15.42,15.31,5415963
Iberdrola,2025-07-18,15.38,-0.0,-0.03,15.5,15.32,6927757
Iberdrola,2025-07-21,15.54,0.17,1.09,15.55,15.36,6934721
Iberdrola,2025-07-22,15.68,0.14,0.89,15.68,15.5,5330650
Iberdrola,2025-07-23,14.95,-0.74,-4.69,15.24,14.95,28534351
Iberdrola,2025-07-24,15.05,0.1,0.66,15.19,14.99,11002315
Iberdrola,2025-07-25,15.14,0.09,0.62,15.19,15.0,7944824
Iberdrola,2025-07-28,14.99,-0.15,-1.01,15.22,14.99,43480938
Iberdrola,2025-07-29,15.06,0.07,0.49,15.07,14.89,8599811
Iberdrola,2025-07-30,15.17,0.11,0.75,15.19,15.0,8207174
Iberdrola,2025-07-31,15.15,-0.02,-0.16,15.25,15.08,10126543
Iberdrola,2025-08-01,15.06,-0.09,-0.59,15.15,15.0,10420904
Iberdrola,2025-08-04,15.29,0.23,1.54,15.29,15.03,7319054
Iberdrola,2025-08-05,15.27,-0.02,-0.13,15.32,15.19,8914763
Iberdrola,2025-08-06,15.34,0.07,0.45,15.4,15.22,8776717
Iberdrola,2025-08-07,15.39,0.05,0.32,15.44,15.23,6733984
Iberdrola,2025-08-08,15.33,-0.06,-0.38,15.49,15.33,4828593
Iberdrola,2025-08-11,15.42,0.08,0.55,15.42,15.24,3855765
Iberdrola,2025-08-12,15.41,-0.0,-0.03,15.56,15.41,5737932
Iberdrola,2025-08-13,15.67,0.26,1.7,15.69,15.42,5353153
Iberdrola,2025-08-14,16.01,0.34,2.14,16.01,15.74,5663502
Iberdrola,2025-08-15,16.08,0.07,0.43,16.11,15.96,5371622
Iberdrola,2025-08-18,15.98,-0.09,-0.58,16.19,15.95,4857910
Iberdrola,2025-08-19,16.15,0.17,1.05,16.2,15.99,6767520
Iberdrola,2025-08-20,16.36,0.21,1.28,16.41,16.18,5220998
Iberdrola,2025-08-21,16.39,0.03,0.21,16.45,16.31,5940098
Iberdrola,2025-08-22,16.39,0.0,0.0,16.56,16.31,4277286
Iberdrola,2025-08-25,16.15,-0.24,-1.47,16.3,16.03,4385390
Iberdrola,2025-08-26,15.96,-0.19,-1.16,16.2,15.93,14763936
Iberdrola,2025-08-27,15.99,0.03,0.19,16.09,15.94,13644775
Iberdrola,2025-08-28,15.97,-0.02,-0.15,16.02,15.82,3907905
Iberdrola,2025-08-29,15.86,-0.11,-0.68,15.93,15.79,5086025
Iberdrola,2025-09-01,15.71,-0.15,-0.96,15.87,15.67,3672088
Iberdrola,2025-09-02,15.6,-0.11,-0.69,15.72,15.52,4150915
Iberdrola,2025-09-03,15.59,-0.01,-0.06,15.59,15.34,6814858
Iberdrola,2025-09-04,15.52,-0.06,-0.41,15.57,15.38,7603979
Iberdrola,2025-09-05,15.51,-0.01,-0.1,15.54,15.43,7376592
Iberdrola,2025-09-08,15.48,-0.03,-0.22,15.57,15.45,5096866
Iberdrola,2025-09-09,15.48,0.0,0.0,15.53,15.42,5207236
Iberdrola,2025-09-10,15.52,0.04,0.29,15.56,15.36,6331930
Iberdrola,2025-09-11,15.47,-0.05,-0.35,15.6,15.39,7032162
Iberdrola,2025-09-12,15.48,0.02,0.13,15.51,15.32,9789012
Iberdrola,2025-09-15,15.62,0.13,0.86,15.62,15.46,8444485
Iberdrola,2025-09-16,15.44,-0.18,-1.17,15.64,15.38,11437678
Iberdrola,2025-09-17,15.34,-0.09,-0.61,15.49,15.33,12227596
Iberdrola,2025-09-18,15.25,-0.09,-0.58,15.36,15.12,9924443
Iberdrola,2025-09-19,15.39,0.14,0.91,15.41,15.25,32846277
Iberdrola,2025-09-22,15.38,-0.01,-0.1,15.38,15.29,6510053
Iberdrola,2025-09-23,15.44,0.06,0.38,15.54,15.39,6310737
Iberdrola,2025-09-24,15.44,0.0,0.0,15.63,15.33,9116245
Iberdrola,2025-09-25,15.57,0.14,0.89,15.66,15.33,15778591
Iberdrola,2025-09-26,15.75,0.18,1.14,15.84,15.57,8774890
Iberdrola,2025-09-29,15.82,0.07,0.44,15.87,15.7,5133331
Iberdrola,2025-09-30,15.89,0.07,0.44,15.93,15.67,9765724
Iberdrola,2025-10-01,15.96,0.07,0.43,16.05,15.77,8086799
Iberdrola,2025-10-02,15.88,-0.07,-0.46,15.9,15.78,5993933
Iberdrola,2025-10-03,15.97,0.08,0.53,16.02,15.87,12785409
Iberdrola,2025-10-06,16.01,0.04,0.28,16.03,15.89,5084508
Iberdrola,2025-10-07,16.13,0.11,0.71,16.16,15.97,16719775
Iberdrola,2025-10-08,16.2,0.07,0.46,16.29,16.13,14248958
Iberdrola,2025-10-09,16.28,0.08,0.49,16.3,16.15,4746029
Iberdrola,2025-10-10,16.4,0.12,0.73,16.44,16.32,5772124
Iberdrola,2025-10-13,16.33,-0.07,-0.42,16.45,16.33,5999586
Iberdrola,2025-10-14,16.53,0.2,1.21,16.56,16.37,6933052
Iberdrola,2025-10-15,16.53,0.0,0.03,16.62,16.43,5702580
Iberdrola,2025-10-16,16.58,0.05,0.33,16.61,16.4,18482607
Iberdrola,2025-10-17,16.72,0.14,0.83,16.72,16.44,9910819
Iberdrola,2025-10-20,16.84,0.12,0.71,16.96,16.68,6061028
Iberdrola,2025-10-21,16.83,-0.01,-0.06,16.99,16.83,3614285
Iberdrola,2025-10-22,16.7,-0.13,-0.76,16.98,16.66,5408132
Iberdrola,2025-10-23,16.81,0.11,0.65,16.85,16.63,11112931
Iberdrola,2025-10-24,16.9,0.09,0.53,16.94,16.75,5448126
Iberdrola,2025-10-27,16.89,-0.01,-0.09,16.95,16.75,6870110
Iberdrola,2025-10-28,17.46,0.58,3.42,17.46,17.07,8639718
Iberdrola,2025-10-29,17.39,-0.07,-0.4,17.47,17.26,7381823
Iberdrola,2025-10-30,17.32,-0.07,-0.4,17.44,17.22,10731604
Iberdrola,2025-10-31,17.33,0.0,0.03,17.46,17.28,6174743
Iberdrola,2025-11-03,17.3,-0.03,-0.17,17.33,17.19,4243512
Iberdrola,2025-11-04,17.56,0.26,1.48,17.59,17.16,6735417
Iberdrola,2025-11-05,17.54,-0.01,-0.08,17.61,17.41,5618738
Iberdrola,2025-11-06,17.53,-0.01,-0.06,17.69,17.39,7639992
Iberdrola,2025-11-07,17.4,-0.13,-0.73,17.59,17.32,6441138
Iberdrola,2025-11-10,17.39,-0.01,-0.09,17.46,17.29,10223202
Iberdrola,2025-11-11,17.49,0.1,0.57,17.53,17.28,5330304
Iberdrola,2025-11-12,17.66,0.17,0.96,17.76,17.58,7752962
Iberdrola,2025-11-13,17.73,0.08,0.45,17.76,17.57,6154618
Iberdrola,2025-11-14,17.79,0.06,0.33,17.79,17.62,20099818
Iberdrola,2025-11-17,17.9,0.11,0.61,17.91,17.72,5311684
Iberdrola,2025-11-18,17.75,-0.15,-0.83,17.85,17.72,5910297
Iberdrola,2025-11-19,17.66,-0.09,-0.53,17.78,17.6,7316802
Iberdrola,2025-11-20,17.79,0.13,0.73,17.88,17.62,6125749
Iberdrola,2025-11-21,17.69,-0.09,-0.53,17.89,17.69,9869810
Iberdrola,2025-11-24,17.76,0.06,0.36,17.84,17.66,15166582
Iberdrola,2025-11-25,17.79,0.03,0.19,17.83,17.7,5535468
Iberdrola,2025-11-26,18.03,0.23,1.3,18.03,17.72,7583488
Iberdrola,2025-11-27,17.97,-0.05,-0.3,18.04,17.88,2877643
Iberdrola,2025-11-28,17.94,-0.03,-0.16,18.01,17.85,5352678
Iberdrola,2025-12-01,17.7,-0.24,-1.32,17.98,17.7,9290277
Iberdrola,2025-12-02,17.85,0.14,0.81,18.0,17.76,23617472
Iberdrola,2025-12-03,17.77,-0.08,-0.44,17.94,17.76,15945571
Iberdrola,2025-12-04,17.69,-0.08,-0.47,17.8,17.65,5770244
Iberdrola,2025-12-05,17.73,0.04,0.25,17.78,17.63,5395721
Iberdrola,2025-12-08,17.71,-0.02,-0.11,17.79,17.67,4008873
Iberdrola,2025-12-09,17.63,-0.08,-0.45,17.82,17.61,9995008
Iberdrola,2025-12-10,17.58,-0.05,-0.31,17.68,17.54,10418325
Iberdrola,2025-12-11,17.47,-0.1,-0.59,17.57,17.31,13855712
Iberdrola,2025-12-12,17.64,0.17,0.96,17.67,17.47,7169037
Iberdrola,2025-12-15,17.87,0.23,1.29,17.94,17.66,10319185
Iberdrola,2025-12-16,17.73,-0.13,-0.75,17.93,17.71,9274815
Iberdrola,2025-12-17,17.7,-0.03,-0.17,17.83,17.63,8922339
Iberdrola,2025-12-18,17.7,0.0,0.0,17.87,17.69,12714529
Iberdrola,2025-12-19,17.97,0.26,1.48,18.0,17.62,22012015
Iberdrola,2025-12-22,17.83,-0.13,-0.74,17.88,17.7,6853198
Iberdrola,2025-12-23,17.99,0.15,0.86,18.04,17.8,5011809
Iberdrola,2025-12-24,18.05,0.06,0.33,18.09,17.96,1546396
Iberdrola,2025-12-29,18.08,0.04,0.22,18.12,17.94,6258921
Iberdrola,2025-12-30,18.21,0.12,0.68,18.24,18.06,3937572
Iberdrola,2025-12-31,18.22,0.01,0.05,18.32,18.22,4047903
Iberdrola,2026-01-02,18.38,0.16,0.89,18.48,18.12,6577738
Iberdrola,2026-01-05,18.37,-0.01,-0.05,18.6,18.24,13728033
Iberdrola,2026-01-06,18.5,0.13,0.7,18.73,18.25,16865744
Iberdrola,2026-01-07,18.74,0.24,1.31,18.92,18.55,30818890
Iberdrola,2026-01-08,18.69,-0.05,-0.29,18.82,18.63,7551817
Iberdrola,2026-01-09,18.65,-0.04,-0.21,18.73,18.59,7350703
Iberdrola,2026-01-12,18.4,-0.25,-1.35,18.67,18.4,31839684
Iberdrola,2026-01-13,18.25,-0.15,-0.79,18.43,18.12,8676690
Iberdrola,2026-01-14,18.36,0.11,0.6,18.5,18.25,14241925
Iberdrola,2026-01-15,18.29,-0.07,-0.38,18.43,18.19,8342358
Iberdrola,2026-01-16,18.57,0.28,1.53,18.57,18.18,10511321
Iberdrola,2026-01-19,18.58,0.01,0.05,18.73,18.48,6538931
Iberdrola,2026-01-20,18.42,-0.16,-0.89,18.51,18.32,20225633
Iberdrola,2026-01-21,18.33,-0.08,-0.43,18.46,18.27,6082459
Iberdrola,2026-01-22,18.42,0.08,0.44,18.59,18.29,7786475
Iberdrola,2026-01-23,18.36,-0.06,-0.3,18.44,18.25,5906035
Iberdrola,2026-01-26,18.67,0.31,1.69,18.67,18.35,6447536
Iberdrola,2026-01-27,18.75,0.08,0.46,18.85,18.58,7513591
Iberdrola,2026-01-28,18.78,0.03,0.13,18.86,18.52,7092004
Iberdrola,2026-01-29,18.89,0.11,0.59,19.06,18.66,7712328
Iberdrola,2026-01-30,18.92,0.03,0.19,19.1,18.83,17610113
Iberdrola,2026-02-02,18.89,-0.03,-0.18,19.12,18.88,7225392
Iberdrola,2026-02-03,19.0,0.11,0.56,19.09,18.81,7003540
Iberdrola,2026-02-04,19.14,0.14,0.74,19.27,18.97,9042550
Iberdrola,2026-02-05,19.15,0.01,0.08,19.15,18.91,9857166
Iberdrola,2026-02-06,19.36,0.22,1.12,19.43,19.12,7556091
Iberdrola,2026-02-09,19.56,0.19,1.01,19.58,19.31,7571071
Iberdrola,2026-02-10,19.59,0.03,0.15,19.66,19.42,13396466
Iberdrola,2026-02-11,20.0,0.41,2.09,20.06,19.65,10147621
Iberdrola,2026-02-12,20.01,0.01,0.05,20.09,19.56,9516843
Iberdrola,2026-02-13,20.06,0.05,0.25,20.07,19.73,9082031
Iberdrola,2026-02-16,20.07,0.01,0.05,20.15,19.84,7337342
Iberdrola,2026-02-17,20.09,0.02,0.1,20.38,20.05,6852063
Iberdrola,2026-02-18,20.05,-0.04,-0.2,20.25,20.05,13204399
Iberdrola,2026-02-19,19.52,-0.53,-2.64,19.86,19.22,10805136
Iberdrola,2026-02-20,19.76,0.24,1.26,19.76,19.42,9501553
Iberdrola,2026-02-23,19.85,0.09,0.43,19.9,19.72,5973860
Iberdrola,2026-02-24,20.05,0.2,1.01,20.26,19.87,10944267
Iberdrola,2026-02-25,20.35,0.3,1.5,20.35,19.76,10277669
Iberdrola,2026-02-26,20.05,-0.3,-1.47,20.32,19.94,16413481
Iberdrola,2026-02-27,20.05,0.0,0.0,20.24,19.75,11581289
Iberdrola,2026-03-02,19.8,-0.25,-1.27,20.2,19.65,29334283
Iberdrola,2026-03-03,19.07,-0.73,-3.69,19.5,18.9,28526134
Iberdrola,2026-03-04,19.36,0.3,1.57,19.5,18.94,12024110
Iberdrola,2026-03-05,19.3,-0.07,-0.34,19.61,19.17,12643396
Iberdrola,2026-03-06,19.22,-0.08,-0.44,19.45,19.02,11684552
Iberdrola,2026-03-09,19.12,-0.09,-0.49,19.2,18.66,8311165
Iberdrola,2026-03-10,19.42,0.3,1.6,19.57,19.3,9421746
Iberdrola,2026-03-11,19.21,-0.22,-1.11,19.37,19.11,8276960
Iberdrola,2026-03-12,19.54,0.33,1.72,19.58,19.11,8250179
Iberdrola,2026-03-13,19.81,0.26,1.36,19.98,19.42,7757679
Iberdrola,2026-03-16,19.73,-0.08,-0.38,19.92,19.66,6566451
Inditex,2025-03-17,43.63,0.0,0.0,43.63,42.58,2147788
Inditex,2025-03-18,43.7,0.07,0.15,44.05,43.43,3275292
Inditex,2025-03-19,44.81,1.11,2.54,44.89,43.27,2917012
Inditex,2025-03-20,45.25,0.44,0.99,45.63,44.67,2797214
Inditex,2025-03-21,45.14,-0.12,-0.26,45.34,44.73,6390034
Inditex,2025-03-24,45.4,0.26,0.58,45.78,44.75,2107537
Inditex,2025-03-25,44.85,-0.55,-1.21,45.8,44.85,3483976
Inditex,2025-03-26,45.22,0.37,0.82,45.22,44.4,2537249
Inditex,2025-03-27,44.98,-0.23,-0.51,45.21,44.64,1755115
Inditex,2025-03-28,44.65,-0.33,-0.73,45.36,44.29,2031011
Inditex,2025-03-31,44.29,-0.37,-0.82,44.92,44.0,2713987
Inditex,2025-04-01,44.62,0.33,0.74,44.82,44.43,1578361
Inditex,2025-04-02,44.82,0.2,0.45,45.16,44.36,1384533
Inditex,2025-04-03,43.87,-0.95,-2.11,44.31,43.24,2618196
Inditex,2025-04-04,43.12,-0.75,-1.72,44.01,42.05,3991277
Inditex,2025-04-07,41.03,-2.09,-4.84,43.57,40.67,4603326
Inditex,2025-04-08,42.5,1.47,3.58,42.96,41.06,3972441
Inditex,2025-04-09,42.43,-0.07,-0.16,43.05,41.51,6704858
Inditex,2025-04-10,43.75,1.31,3.1,45.88,43.7,3487226
Inditex,2025-04-11,43.84,0.1,0.22,44.48,43.59,1795044
Inditex,2025-04-14,44.53,0.69,1.56,44.73,44.08,1305112
Inditex,2025-04-15,45.36,0.83,1.87,45.36,44.37,1694150
Inditex,2025-04-16,45.08,-0.28,-0.62,45.34,44.63,1770295
Inditex,2025-04-17,45.28,0.2,0.45,45.63,44.84,1981578
Inditex,2025-04-22,45.9,0.62,1.37,45.92,45.27,5375463
Inditex,2025-04-23,46.76,0.86,1.87,46.9,46.15,2475171
Inditex,2025-04-24,46.52,-0.24,-0.52,46.73,46.22,2304739
Inditex,2025-04-25,47.04,0.52,1.12,47.47,46.76,9661923
Inditex,2025-04-28,46.9,-0.14,-0.31,47.53,46.72,4613228
Inditex,2025-04-29,46.1,-0.8,-1.7,47.17,45.92,1829017
Inditex,2025-04-30,46.43,0.33,0.72,46.43,45.76,4638644
Inditex,2025-05-02,47.09,0.66,1.42,47.13,46.43,1715668
Inditex,2025-05-05,46.95,-0.14,-0.29,47.35,46.71,766958
Inditex,2025-05-06,46.56,-0.39,-0.84,47.32,46.51,5608816
Inditex,2025-05-07,45.22,-1.34,-2.87,46.41,44.87,2253667
Inditex,2025-05-08,45.45,0.23,0.5,45.9,45.21,1907602
Inditex,2025-05-09,45.69,0.24,0.52,46.08,45.36,1244040
Inditex,2025-05-12,46.74,1.05,2.3,46.87,45.98,1448489
Inditex,2025-05-13,47.6,0.86,1.85,47.6,46.65,1257079
Inditex,2025-05-14,46.94,-0.66,-1.38,47.55,46.78,2578390
Inditex,2025-05-15,47.38,0.43,0.92,47.38,46.64,4305315
Inditex,2025-05-16,48.19,0.82,1.72,48.19,47.37,2526685
Inditex,2025-05-19,47.67,-0.52,-1.08,48.08,47.26,1267697
Inditex,2025-05-20,47.62,-0.05,-0.1,48.32,47.52,1719454
Inditex,2025-05-21,47.74,0.12,0.25,47.74,46.84,1281988
Inditex,2025-05-22,47.41,-0.33,-0.7,47.67,46.67,1381352
Inditex,2025-05-23,46.27,-1.14,-2.41,47.48,45.28,2587126
Inditex,2025-05-26,46.08,-0.19,-0.4,46.82,45.89,1711349
Inditex,2025-05-27,46.05,-0.03,-0.06,46.46,45.7,1556490
Inditex,2025-05-28,45.82,-0.23,-0.49,46.18,45.7,1809303
Inditex,2025-05-29,46.52,0.7,1.52,46.63,46.01,1091986
Inditex,2025-05-30,46.91,0.38,0.82,47.01,45.98,4308962
Inditex,2025-06-02,46.63,-0.28,-0.59,46.77,46.08,4615180
Inditex,2025-06-03,46.39,-0.24,-0.51,46.94,46.36,1928215
Inditex,2025-06-04,46.61,0.22,0.47,46.81,46.07,1453337
Inditex,2025-06-05,46.72,0.11,0.23,46.93,46.34,1099903
Inditex,2025-06-06,47.31,0.59,1.26,47.41,46.46,999751
Inditex,2025-06-09,47.84,0.53,1.12,47.84,47.18,1915437
Inditex,2025-06-10,48.37,0.53,1.11,48.68,47.77,3181392
Inditex,2025-06-11,46.26,-2.11,-4.37,46.96,45.29,6261858
Inditex,2025-06-12,45.45,-0.81,-1.74,46.11,45.27,2622340
Inditex,2025-06-13,44.94,-0.51,-1.12,44.95,44.01,3118180
Inditex,2025-06-16,44.98,0.04,0.09,45.06,44.54,2092352
Inditex,2025-06-17,44.14,-0.84,-1.86,44.77,44.14,1464657
Inditex,2025-06-18,43.67,-0.47,-1.07,44.29,43.27,2274251
Inditex,2025-06-19,43.09,-0.58,-1.33,43.61,43.02,1403876
Inditex,2025-06-20,43.47,0.37,0.87,43.84,43.13,5611184
Inditex,2025-06-23,43.56,0.1,0.23,43.71,43.09,1511281
Inditex,2025-06-24,43.59,0.03,0.07,44.48,43.38,2937045
Inditex,2025-06-25,42.85,-0.75,-1.71,43.57,42.76,1365179
Inditex,2025-06-26,42.49,-0.35,-0.83,43.11,42.23,1654353
Inditex,2025-06-27,43.32,0.83,1.94,43.32,42.69,2567737
Inditex,2025-06-30,43.43,0.11,0.25,43.63,43.08,1832439
Inditex,2025-07-01,43.61,0.19,0.43,43.74,43.22,1788153
Inditex,2025-07-02,43.24,-0.37,-0.86,43.73,43.17,1545815
Inditex,2025-07-03,43.74,0.5,1.16,43.74,43.01,1118540
Inditex,2025-07-04,42.79,-0.95,-2.18,43.74,42.72,1230152
Inditex,2025-07-07,43.24,0.45,1.06,43.32,42.36,1624618
Inditex,2025-07-08,42.49,-0.75,-1.73,43.45,42.47,2045246
Inditex,2025-07-09,42.79,0.29,0.69,42.98,42.37,2229971
Inditex,2025-07-10,43.25,0.46,1.08,43.25,42.79,3001364
Inditex,2025-07-11,42.67,-0.58,-1.34,43.15,42.59,1422135
Inditex,2025-07-14,42.0,-0.67,-1.57,42.51,41.93,2058582
Inditex,2025-07-15,41.24,-0.76,-1.8,42.1,41.18,3030970
Inditex,2025-07-16,41.15,-0.1,-0.24,41.57,41.13,2763489
Inditex,2025-07-17,41.6,0.45,1.1,41.69,41.24,2049199
Inditex,2025-07-18,41.35,-0.25,-0.59,41.84,41.19,4504928
Inditex,2025-07-21,41.32,-0.03,-0.07,41.47,41.13,1058715
Inditex,2025-07-22,41.32,0.0,0.0,41.36,41.09,1215364
Inditex,2025-07-23,42.17,0.85,2.05,42.66,41.52,2890448
Inditex,2025-07-24,42.31,0.14,0.33,42.94,42.31,1705832
Inditex,2025-07-25,42.65,0.34,0.81,42.65,41.99,1669072
Inditex,2025-07-28,42.48,-0.17,-0.39,43.07,42.29,1216384
Inditex,2025-07-29,42.59,0.11,0.25,42.98,42.35,1490678
Inditex,2025-07-30,42.11,-0.48,-1.13,42.58,42.07,1845973
Inditex,2025-07-31,41.19,-0.91,-2.17,42.43,41.19,3960949
Inditex,2025-08-01,40.43,-0.77,-1.86,41.32,40.42,3297224
Inditex,2025-08-04,40.65,0.23,0.56,40.65,40.1,2350472
Inditex,2025-08-05,40.58,-0.08,-0.19,40.92,40.29,1423036
Inditex,2025-08-06,40.82,0.25,0.61,40.86,40.45,3018624
Inditex,2025-08-07,41.61,0.79,1.93,41.63,40.78,1476746
Inditex,2025-08-08,42.06,0.45,1.09,42.19,41.66,1161958
Inditex,2025-08-11,41.5,-0.56,-1.33,42.33,41.5,1114212
Inditex,2025-08-12,41.55,0.05,0.12,41.8,41.18,969756
Inditex,2025-08-13,41.93,0.38,0.92,41.96,41.56,1220620
Inditex,2025-08-14,42.52,0.59,1.41,42.6,41.97,1167871
Inditex,2025-08-15,42.74,0.22,0.51,42.95,42.33,1508302
Inditex,2025-08-18,42.93,0.2,0.46,42.95,42.64,824841
Inditex,2025-08-19,43.09,0.16,0.37,43.47,42.91,1813731
Inditex,2025-08-20,43.07,-0.02,-0.05,43.12,42.75,875278
Inditex,2025-08-21,42.69,-0.38,-0.89,43.04,42.29,1156858
Inditex,2025-08-22,43.26,0.57,1.34,43.42,42.57,1030228
Inditex,2025-08-25,42.89,-0.37,-0.86,43.34,42.84,579141
Inditex,2025-08-26,42.72,-0.17,-0.39,43.23,42.55,2926851
Inditex,2025-08-27,42.8,0.08,0.18,42.98,42.61,4023354
Inditex,2025-08-28,42.62,-0.18,-0.41,43.09,42.61,830127
Inditex,2025-08-29,41.48,-1.14,-2.68,42.62,41.48,1448486
Inditex,2025-09-01,41.45,-0.03,-0.07,41.77,41.21,1053765
Inditex,2025-09-02,40.54,-0.91,-2.21,41.47,40.54,1897937
Inditex,2025-09-03,41.5,0.96,2.38,41.51,40.67,1394567
Inditex,2025-09-04,41.94,0.44,1.07,42.2,41.52,1235462
Inditex,2025-09-05,41.35,-0.59,-1.41,42.06,41.15,1675953
Inditex,2025-09-08,42.14,0.79,1.9,42.14,41.25,1084548
Inditex,2025-09-09,41.92,-0.22,-0.51,42.65,41.78,2450349
Inditex,2025-09-10,44.65,2.73,6.52,45.14,44.15,4958656
Inditex,2025-09-11,45.84,1.19,2.66,45.84,44.7,3339180
Inditex,2025-09-12,45.41,-0.43,-0.94,45.79,44.96,2427023
Inditex,2025-09-15,45.61,0.2,0.43,45.75,45.27,4316791
Inditex,2025-09-16,44.61,-1.0,-2.2,45.74,44.61,1876205
Inditex,2025-09-17,44.94,0.33,0.75,45.56,44.92,2298855
Inditex,2025-09-18,45.26,0.32,0.72,45.38,44.73,1255960
Inditex,2025-09-19,45.13,-0.14,-0.3,45.53,45.11,5677657
Inditex,2025-09-22,44.23,-0.89,-1.98,45.07,44.23,1417496
Inditex,2025-09-23,44.14,-0.09,-0.2,44.63,43.89,1663736
Inditex,2025-09-24,43.58,-0.56,-1.27,44.07,43.58,1684873
Inditex,2025-09-25,43.72,0.14,0.32,44.1,43.61,4829587
Inditex,2025-09-26,44.54,0.82,1.87,44.61,43.72,1756225
Inditex,2025-09-29,44.97,0.43,0.97,45.09,44.54,1630714
Inditex,2025-09-30,46.17,1.2,2.67,46.19,44.82,2805278
Inditex,2025-10-01,47.18,1.01,2.19,47.25,45.95,2947179
Inditex,2025-10-02,46.98,-0.2,-0.42,47.74,46.98,2493991
Inditex,2025-10-03,47.52,0.54,1.15,47.82,47.23,4067221
Inditex,2025-10-06,47.52,-0.01,-0.02,48.12,47.36,1852618
Inditex,2025-10-07,47.92,0.4,0.85,48.25,47.48,2582352
Inditex,2025-10-08,47.25,-0.67,-1.39,48.03,47.13,2549194
Inditex,2025-10-09,46.51,-0.74,-1.56,47.53,46.37,1416961
Inditex,2025-10-10,46.17,-0.34,-0.74,47.38,46.1,1426016
Inditex,2025-10-13,46.68,0.51,1.11,46.95,46.41,1267760
Inditex,2025-10-14,46.61,-0.07,-0.15,46.82,46.26,3420016
Inditex,2025-10-15,47.08,0.47,1.01,47.15,46.66,1388321
Inditex,2025-10-16,47.42,0.33,0.71,47.42,46.62,1392220
Inditex,2025-10-17,47.45,0.03,0.06,47.47,46.62,1629288
Inditex,2025-10-20,47.94,0.49,1.04,48.14,47.53,2150516
Inditex,2025-10-21,48.16,0.23,0.47,48.47,47.9,6088934
Inditex,2025-10-22,47.76,-0.4,-0.84,48.19,47.76,17056366
Inditex,2025-10-23,47.95,0.19,0.39,48.08,47.52,926602
Inditex,2025-10-24,48.85,0.9,1.89,48.85,48.09,1596715
Inditex,2025-10-27,49.36,0.51,1.05,49.36,48.74,1427425
Inditex,2025-10-28,48.8,-0.56,-1.14,49.46,48.72,1146765
Inditex,2025-10-29,48.38,-0.42,-0.87,49.17,48.27,1291509
Inditex,2025-10-30,47.87,-0.51,-1.05,48.26,47.38,1472575
Inditex,2025-10-31,47.9,0.03,0.06,48.05,47.62,1206423
Inditex,2025-11-03,47.47,-0.43,-0.9,48.19,47.39,1317880
Inditex,2025-11-04,47.38,-0.09,-0.19,47.62,46.07,8446393
Inditex,2025-11-05,47.94,0.56,1.18,48.16,46.87,14876494
Inditex,2025-11-06,47.7,-0.24,-0.5,48.4,47.61,1263143
Inditex,2025-11-07,47.54,-0.16,-0.34,48.04,47.18,1239773
Inditex,2025-11-10,48.39,0.85,1.79,48.71,47.93,1580013
Inditex,2025-11-11,49.83,1.44,2.98,49.99,48.31,2678666
Inditex,2025-11-12,49.86,0.03,0.06,50.16,49.66,1628271
Inditex,2025-11-13,48.93,-0.93,-1.87,49.95,48.86,1634352
Inditex,2025-11-14,48.73,-0.2,-0.41,48.87,48.34,1436379
Inditex,2025-11-17,47.05,-1.68,-3.45,48.45,46.98,1375692
Inditex,2025-11-18,46.59,-0.46,-0.98,46.66,46.11,2311656
Inditex,2025-11-19,47.33,0.74,1.59,47.59,46.61,1606164
Inditex,2025-11-20,47.48,0.15,0.32,47.8,47.33,1506640
Inditex,2025-11-21,46.54,-0.94,-1.98,47.09,46.27,1945073
Inditex,2025-11-24,46.73,0.19,0.41,47.52,46.6,11144796
Inditex,2025-11-25,47.54,0.81,1.73,47.55,46.5,1266923
Inditex,2025-11-26,48.05,0.51,1.07,48.08,47.3,1573366
Inditex,2025-11-27,48.05,0.0,0.0,48.28,47.9,1611608
Inditex,2025-11-28,48.25,0.2,0.42,48.42,47.96,954990
Inditex,2025-12-01,49.29,1.04,2.16,49.32,48.05,1764734
Inditex,2025-12-02,49.07,-0.22,-0.45,49.87,48.44,4178113
Inditex,2025-12-03,53.42,4.35,8.86,54.1,51.0,7392316
Inditex,2025-12-04,54.84,1.42,2.66,54.86,53.2,3512040
Inditex,2025-12-05,54.86,0.02,0.04,55.24,54.32,2208470
Inditex,2025-12-08,53.9,-0.96,-1.75,55.02,53.82,1507182
Inditex,2025-12-09,54.3,0.4,0.74,54.3,53.28,2193399
Inditex,2025-12-10,54.7,0.4,0.74,54.86,53.98,2158088
Inditex,2025-12-11,55.08,0.38,0.69,55.86,54.6,3541912
Inditex,2025-12-12,55.76,0.68,1.23,56.1,55.18,1817138
Inditex,2025-12-15,54.6,-1.16,-2.08,56.1,54.32,2422248
Inditex,2025-12-16,54.56,-0.04,-0.07,55.06,54.32,3038317
Inditex,2025-12-17,54.8,0.24,0.44,54.88,54.5,2454211
Inditex,2025-12-18,56.2,1.4,2.55,56.38,54.94,2314470
Inditex,2025-12-19,55.64,-0.56,-1.0,56.9,55.6,5098238
Inditex,2025-12-22,56.16,0.52,0.93,56.36,55.34,1994238
Inditex,2025-12-23,56.12,-0.04,-0.07,56.36,55.96,1319905
Inditex,2025-12-24,56.08,-0.04,-0.07,56.32,56.0,157890
Inditex,2025-12-29,56.22,0.14,0.25,56.38,55.9,973222
Inditex,2025-12-30,56.62,0.4,0.71,56.72,56.08,1906511
Inditex,2025-12-31,56.34,-0.28,-0.49,56.56,56.26,579762
Inditex,2026-01-02,56.34,0.0,0.0,56.68,55.92,1369365
Inditex,2026-01-05,56.22,-0.12,-0.21,56.72,55.64,1589145
Inditex,2026-01-06,57.04,0.82,1.46,57.18,55.5,1769768
Inditex,2026-01-07,57.2,0.16,0.28,57.74,56.7,3660700
Inditex,2026-01-08,56.78,-0.42,-0.73,57.24,56.06,1758924
Inditex,2026-01-09,56.46,-0.32,-0.56,56.96,56.1,2574969
Inditex,2026-01-12,57.22,0.76,1.35,57.3,56.46,1265750
Inditex,2026-01-13,57.12,-0.1,-0.17,57.72,56.86,1121025
Inditex,2026-01-14,56.26,-0.86,-1.51,57.7,56.26,2065665
Inditex,2026-01-15,55.66,-0.6,-1.07,56.24,55.22,2558875
Inditex,2026-01-16,55.86,0.2,0.36,56.08,55.22,1865663
Inditex,2026-01-19,55.96,0.1,0.18,56.22,55.02,1106511
Inditex,2026-01-20,55.5,-0.46,-0.82,55.84,55.22,1375962
Inditex,2026-01-21,55.46,-0.04,-0.07,55.88,55.14,1242461
Inditex,2026-01-22,55.28,-0.18,-0.32,55.9,54.88,1572368
Inditex,2026-01-23,55.0,-0.28,-0.51,55.44,54.78,1456264
Inditex,2026-01-26,54.34,-0.66,-1.2,55.04,54.26,1904054
Inditex,2026-01-27,54.42,0.08,0.15,54.44,53.82,2870346
Inditex,2026-01-28,54.12,-0.3,-0.55,54.8,54.08,1360360
Inditex,2026-01-29,54.1,-0.02,-0.04,54.58,53.82,1217358
Inditex,2026-01-30,55.0,0.9,1.66,55.18,54.02,3853210
Inditex,2026-02-02,55.5,0.5,0.91,55.84,55.0,1595738
Inditex,2026-02-03,54.76,-0.74,-1.33,55.68,54.52,1219424
Inditex,2026-02-04,56.6,1.84,3.36,56.76,54.76,2490408
Inditex,2026-02-05,56.7,0.1,0.18,58.14,56.36,1839017
Inditex,2026-02-06,57.14,0.44,0.78,57.14,55.68,1560430
Inditex,2026-02-09,57.42,0.28,0.49,57.42,56.54,1158860
Inditex,2026-02-10,56.94,-0.48,-0.84,57.9,56.84,2917040
Inditex,2026-02-11,57.0,0.06,0.11,57.06,56.38,1640836
Inditex,2026-02-12,57.46,0.46,0.81,57.64,57.18,1381075
Inditex,2026-02-13,57.06,-0.4,-0.7,58.02,56.9,1481419
Inditex,2026-02-16,56.8,-0.26,-0.46,57.22,56.42,1046595
Inditex,2026-02-17,57.04,0.24,0.42,57.44,56.78,1674644
Inditex,2026-02-18,57.76,0.72,1.26,57.86,56.82,1092987
Inditex,2026-02-19,57.92,0.16,0.28,58.28,57.52,1044627
Inditex,2026-02-20,57.66,-0.26,-0.45,58.1,57.2,1574268
Inditex,2026-02-23,57.44,-0.22,-0.38,57.9,57.16,1118151
Inditex,2026-02-24,57.54,0.1,0.17,58.1,57.16,1296169
Inditex,2026-02-25,56.86,-0.68,-1.18,57.88,56.58,2192668
Inditex,2026-02-26,57.44,0.58,1.02,57.48,56.76,1234410
Inditex,2026-02-27,56.82,-0.62,-1.08,57.96,56.22,2390707
Inditex,2026-03-02,54.06,-2.76,-4.86,54.8,53.5,3020169
Inditex,2026-03-03,51.7,-2.36,-4.37,53.9,51.38,4113991
Inditex,2026-03-04,53.26,1.56,3.02,53.56,51.04,3027542
Inditex,2026-03-05,53.02,-0.24,-0.45,54.88,52.8,2048714
Inditex,2026-03-06,51.88,-1.14,-2.15,53.4,51.58,2955437
Inditex,2026-03-09,50.8,-1.08,-2.08,51.16,49.82,3800431
Inditex,2026-03-10,52.46,1.66,3.27,52.5,51.4,3085638
Inditex,2026-03-11,52.74,0.28,0.53,55.2,52.56,3575575
Inditex,2026-03-12,52.58,-0.16,-0.3,53.16,51.88,3324715
Inditex,2026-03-13,51.62,-0.96,-1.83,52.62,50.96,2876839
Inditex,2026-03-16,51.46,-0.16,-0.31,51.98,51.14,1833453
Indra,2025-03-17,25.69,0.0,0.0,26.32,25.69,1395568
Indra,2025-03-18,26.62,0.93,3.63,26.7,25.88,1289898
Indra,2025-03-19,26.82,0.2,0.75,27.47,26.44,1904471
Indra,2025-03-20,26.52,-0.3,-1.11,27.1,25.82,2435857
Indra,2025-03-21,26.14,-0.38,-1.42,26.46,25.71,1701951
Indra,2025-03-24,26.5,0.36,1.37,26.74,26.2,620205
Indra,2025-03-25,27.06,0.56,2.1,27.35,26.34,1410892
Indra,2025-03-26,27.22,0.16,0.59,27.45,27.1,891387
Indra,2025-03-27,26.68,-0.54,-1.97,27.27,26.62,643577
Indra,2025-03-28,26.42,-0.26,-0.97,26.74,26.2,739158
Indra,2025-03-31,26.54,0.12,0.45,27.12,25.9,935878
Indra,2025-04-01,27.22,0.68,2.54,27.22,26.32,961037
Indra,2025-04-02,26.92,-0.3,-1.09,27.47,26.74,684976
Indra,2025-04-03,28.11,1.19,4.43,28.23,26.48,1222528
Indra,2025-04-04,26.32,-1.79,-6.36,28.74,24.77,2203689
Indra,2025-04-07,24.47,-1.85,-7.02,26.22,20.68,3539450
Indra,2025-04-08,25.9,1.43,5.84,26.44,24.71,1858053
Indra,2025-04-09,25.11,-0.79,-3.07,25.65,24.59,1898689
Indra,2025-04-10,26.08,0.97,3.88,29.2,25.98,1941191
Indra,2025-04-11,26.18,0.1,0.38,26.68,25.69,809272
Indra,2025-04-14,27.24,1.05,4.02,27.41,26.44,926424
Indra,2025-04-15,27.65,0.42,1.53,27.91,27.43,805201
Indra,2025-04-16,27.83,0.18,0.65,27.97,27.39,773818
Indra,2025-04-17,27.35,-0.48,-1.71,27.73,27.08,700561
Indra,2025-04-22,27.47,0.12,0.44,27.75,26.96,614697
Indra,2025-04-23,27.31,-0.16,-0.58,27.95,26.8,1031125
Indra,2025-04-24,27.39,0.08,0.29,27.49,27.02,492809
Indra,2025-04-25,26.76,-0.64,-2.32,27.31,26.14,1547285
Indra,2025-04-28,26.82,0.06,0.22,27.12,26.64,707581
Indra,2025-04-29,27.08,0.26,0.96,27.51,27.04,530392
Indra,2025-04-30,27.83,0.75,2.79,28.01,27.31,1031584
Indra,2025-05-02,29.06,1.23,4.43,29.06,27.91,1198492
Indra,2025-05-05,29.42,0.36,1.23,29.56,29.04,980890
Indra,2025-05-06,29.1,-0.32,-1.08,29.2,27.85,1848288
Indra,2025-05-07,29.66,0.56,1.91,29.72,28.57,1084045
Indra,2025-05-08,29.88,0.22,0.74,30.08,29.24,1038453
Indra,2025-05-09,29.96,0.08,0.27,30.35,29.86,749745
Indra,2025-05-12,29.44,-0.52,-1.72,30.23,28.49,1321074
Indra,2025-05-13,29.4,-0.04,-0.13,29.68,29.0,788465
Indra,2025-05-14,29.34,-0.06,-0.2,29.66,28.92,798257
Indra,2025-05-15,30.67,1.33,4.54,30.87,29.32,1223033
Indra,2025-05-16,30.99,0.32,1.04,31.19,30.61,934963
Indra,2025-05-19,31.57,0.58,1.86,31.82,31.03,877224
Indra,2025-05-20,33.06,1.49,4.72,33.49,31.88,1811241
Indra,2025-05-21,33.43,0.38,1.14,33.67,32.9,927860
Indra,2025-05-22,33.31,-0.12,-0.36,33.45,32.8,822144
Indra,2025-05-23,34.45,1.13,3.4,34.64,32.9,1570315
Indra,2025-05-26,35.44,0.99,2.88,35.54,34.68,918241
Indra,2025-05-27,36.0,0.56,1.57,36.17,34.82,1221518
Indra,2025-05-28,35.84,-0.16,-0.44,36.27,35.56,779813
Indra,2025-05-29,35.6,-0.24,-0.67,36.25,34.96,804674
Indra,2025-05-30,36.0,0.4,1.12,36.23,35.36,1104465
Indra,2025-06-02,37.09,1.09,3.04,37.39,36.09,1059177
Indra,2025-06-03,35.98,-1.11,-3.0,37.58,35.98,1253306
Indra,2025-06-04,34.53,-1.45,-4.03,36.63,34.01,2496393
Indra,2025-06-05,36.04,1.51,4.37,36.04,34.62,1214746
Indra,2025-06-06,34.8,-1.23,-3.42,36.33,34.57,1618483
Indra,2025-06-09,34.98,0.18,0.51,35.3,34.15,921947
Indra,2025-06-10,34.07,-0.91,-2.61,35.32,34.07,1225072
Indra,2025-06-11,34.96,0.89,2.62,34.96,34.05,730637
Indra,2025-06-12,35.46,0.5,1.42,35.8,34.74,715183
Indra,2025-06-13,36.06,0.6,1.68,36.06,35.1,671434
Indra,2025-06-16,35.64,-0.42,-1.16,36.49,35.52,588846
Indra,2025-06-17,35.5,-0.14,-0.39,35.78,35.08,770512
Indra,2025-06-18,36.06,0.56,1.57,36.55,35.66,676714
Indra,2025-06-19,33.87,-2.19,-6.06,36.11,33.13,1765893
Indra,2025-06-20,33.95,0.08,0.23,34.72,33.95,3333792
Indra,2025-06-23,32.96,-0.99,-2.93,33.77,32.38,1449577
Indra,2025-06-24,32.82,-0.14,-0.42,33.51,32.38,1038136
Indra,2025-06-25,32.5,-0.32,-0.97,33.33,32.12,1232706
Indra,2025-06-26,33.23,0.74,2.26,33.55,32.24,980482
Indra,2025-06-27,34.84,1.61,4.84,35.54,34.23,1497883
Indra,2025-06-30,36.61,1.77,5.07,36.61,35.12,1287111
Indra,2025-07-01,35.76,-0.85,-2.33,36.75,35.58,1712167
Indra,2025-07-02,35.62,-0.14,-0.39,35.96,35.06,790168
Indra,2025-07-03,36.29,0.68,1.9,36.31,35.06,838395
Indra,2025-07-04,36.59,0.3,0.82,36.59,36.09,782756
Indra,2025-07-07,36.81,0.22,0.6,36.85,36.25,999820
Indra,2025-07-08,37.3,0.49,1.33,38.3,37.04,1097787
Indra,2025-07-09,39.32,2.02,5.42,39.32,37.98,1550889
Indra,2025-07-10,37.82,-1.5,-3.81,39.32,37.72,1314845
Indra,2025-07-11,38.1,0.28,0.74,38.38,36.54,773840
Indra,2025-07-14,38.88,0.78,2.05,38.88,37.64,724049
Indra,2025-07-15,38.12,-0.76,-1.95,39.44,38.1,869887
Indra,2025-07-16,37.92,-0.2,-0.52,38.86,37.82,610317
Indra,2025-07-17,38.6,0.68,1.79,38.6,37.96,496480
Indra,2025-07-18,38.84,0.24,0.62,39.0,38.38,713332
Indra,2025-07-21,39.1,0.26,0.67,39.16,38.32,710738
Indra,2025-07-22,38.4,-0.7,-1.79,39.16,38.1,835841
Indra,2025-07-23,37.28,-1.12,-2.92,38.68,37.06,895702
Indra,2025-07-24,37.94,0.66,1.77,39.1,37.32,1961124
Indra,2025-07-25,36.96,-0.98,-2.58,38.0,36.84,892829
Indra,2025-07-28,36.04,-0.92,-2.49,37.0,35.7,1000196
Indra,2025-07-29,36.16,0.12,0.33,36.76,35.8,1228022
Indra,2025-07-30,36.5,0.34,0.94,36.74,35.72,697830
Indra,2025-07-31,36.34,-0.16,-0.44,37.16,36.24,645829
Indra,2025-08-01,35.82,-0.52,-1.43,36.24,35.18,626074
Indra,2025-08-04,36.2,0.38,1.06,36.36,35.78,571941
Indra,2025-08-05,36.54,0.34,0.94,36.98,36.54,534515
Indra,2025-08-06,36.58,0.04,0.11,36.62,36.06,596577
Indra,2025-08-07,35.4,-1.18,-3.23,36.94,35.14,812508
Indra,2025-08-08,34.62,-0.78,-2.2,35.54,34.48,795110
Indra,2025-08-11,34.72,0.1,0.29,34.72,33.8,886517
Indra,2025-08-12,34.78,0.06,0.17,34.94,34.32,563296
Indra,2025-08-13,34.56,-0.22,-0.63,35.58,34.54,627084
Indra,2025-08-14,34.78,0.22,0.64,35.0,34.38,641233
Indra,2025-08-15,34.2,-0.58,-1.67,34.76,33.74,705918
Indra,2025-08-18,34.84,0.64,1.87,34.84,34.3,597316
Indra,2025-08-19,33.34,-1.5,-4.31,34.92,33.34,905295
Indra,2025-08-20,33.2,-0.14,-0.42,33.32,32.72,1047786
Indra,2025-08-21,33.56,0.36,1.08,33.64,33.16,518055
Indra,2025-08-22,33.86,0.3,0.89,33.86,33.46,446048
Indra,2025-08-25,34.0,0.14,0.41,34.26,33.76,486771
Indra,2025-08-26,34.02,0.02,0.06,34.2,33.58,442030
Indra,2025-08-27,34.12,0.1,0.29,34.26,33.72,384576
Indra,2025-08-28,34.44,0.32,0.94,34.44,33.52,662011
Indra,2025-08-29,34.48,0.04,0.12,34.94,34.22,617792
Indra,2025-09-01,34.24,-0.24,-0.7,34.96,34.06,517121
Indra,2025-09-02,33.64,-0.6,-1.75,34.32,32.9,684646
Indra,2025-09-03,33.26,-0.38,-1.13,33.58,32.94,561898
Indra,2025-09-04,33.66,0.4,1.2,34.06,33.16,491399
Indra,2025-09-05,32.88,-0.78,-2.32,34.1,32.68,905224
Indra,2025-09-08,33.5,0.62,1.89,33.56,32.98,633579
Indra,2025-09-09,32.94,-0.56,-1.67,33.5,32.64,670363
Indra,2025-09-10,32.78,-0.16,-0.49,33.34,32.62,521863
Indra,2025-09-11,32.98,0.2,0.61,33.08,32.38,552240
Indra,2025-09-12,33.98,1.0,3.03,33.98,33.08,673264
Indra,2025-09-15,34.28,0.3,0.88,34.72,33.98,709118
Indra,2025-09-16,34.38,0.1,0.29,34.68,33.56,842458
Indra,2025-09-17,34.38,0.0,0.0,35.04,34.28,551834
Indra,2025-09-18,34.66,0.28,0.81,34.96,34.32,596638
Indra,2025-09-19,36.46,1.8,5.19,36.46,34.48,1492266
Indra,2025-09-22,37.9,1.44,3.95,38.32,36.4,1302848
Indra,2025-09-23,37.86,-0.04,-0.11,38.16,36.9,807910
Indra,2025-09-24,39.62,1.76,4.65,39.78,38.22,1240353
Indra,2025-09-25,39.06,-0.56,-1.41,39.8,37.5,942346
Indra,2025-09-26,39.04,-0.02,-0.05,39.6,38.82,545092
Indra,2025-09-29,39.14,0.1,0.26,39.6,38.16,775318
Indra,2025-09-30,38.1,-1.04,-2.66,39.32,37.92,857265
Indra,2025-10-01,37.78,-0.32,-0.84,38.1,36.92,833161
Indra,2025-10-02,39.5,1.72,4.55,39.5,37.78,906455
Indra,2025-10-03,39.32,-0.18,-0.46,39.86,39.18,664940
Indra,2025-10-06,38.82,-0.5,-1.27,39.82,38.8,530066
Indra,2025-10-07,39.82,1.0,2.58,39.82,38.4,757491
Indra,2025-10-08,40.74,0.92,2.31,40.8,39.86,870041
Indra,2025-10-09,41.0,0.26,0.64,41.22,40.42,702204
Indra,2025-10-10,40.06,-0.94,-2.29,41.34,39.8,881777
Indra,2025-10-13,40.46,0.4,1.0,40.88,40.0,611575
Indra,2025-10-14,40.52,0.06,0.15,40.52,39.18,668143
Indra,2025-10-15,42.2,1.68,4.15,43.6,40.64,1466257
Indra,2025-10-16,43.28,1.08,2.56,44.2,42.12,1541683
Indra,2025-10-17,41.24,-2.04,-4.71,43.0,41.22,1344801
Indra,2025-10-20,42.32,1.08,2.62,42.68,41.8,665456
Indra,2025-10-21,43.26,0.94,2.22,43.36,42.08,808692
Indra,2025-10-22,44.0,0.74,1.71,44.48,43.4,1369879
Indra,2025-10-23,44.66,0.66,1.5,45.14,44.1,796974
Indra,2025-10-24,46.0,1.34,3.0,46.38,44.72,800214
Indra,2025-10-27,49.46,3.46,7.52,49.58,46.2,1610898
Indra,2025-10-28,49.22,-0.24,-0.49,51.0,47.96,2446348
Indra,2025-10-29,49.96,0.74,1.5,50.65,49.22,1095909
Indra,2025-10-30,49.2,-0.76,-1.52,50.45,47.16,1480296
Indra,2025-10-31,47.96,-1.24,-2.52,49.52,46.94,1376720
Indra,2025-11-03,50.55,2.59,5.4,50.85,48.12,1049414
Indra,2025-11-04,50.9,0.35,0.69,51.25,49.64,931943
Indra,2025-11-05,49.46,-1.44,-2.83,51.05,49.26,773919
Indra,2025-11-06,48.02,-1.44,-2.91,49.86,47.94,766035
Indra,2025-11-07,48.68,0.66,1.37,49.18,47.48,597349
Indra,2025-11-10,48.74,0.06,0.12,49.82,48.74,492348
Indra,2025-11-11,48.26,-0.48,-0.98,49.48,47.72,633792
Indra,2025-11-12,47.98,-0.28,-0.58,48.5,47.62,587270
Indra,2025-11-13,50.05,2.07,4.31,50.65,48.06,886343
Indra,2025-11-14,50.5,0.45,0.9,50.5,48.5,728250
Indra,2025-11-17,50.1,-0.4,-0.79,50.55,49.6,598260
Indra,2025-11-18,49.16,-0.94,-1.88,49.84,47.88,679937
Indra,2025-11-19,47.5,-1.66,-3.38,49.54,47.22,1039718
Indra,2025-11-20,47.34,-0.16,-0.34,48.8,47.34,823112
Indra,2025-11-21,45.06,-2.28,-4.82,46.7,44.4,1296262
Indra,2025-11-24,44.48,-0.58,-1.29,45.1,42.8,1511417
Indra,2025-11-25,44.28,-0.2,-0.45,45.58,43.7,660991
Indra,2025-11-26,45.8,1.52,3.43,45.82,44.6,1129868
Indra,2025-11-27,46.7,0.9,1.97,47.0,45.74,655970
Indra,2025-11-28,46.0,-0.7,-1.5,47.1,45.26,599737
Indra,2025-12-01,44.66,-1.34,-2.91,46.42,43.16,891334
Indra,2025-12-02,45.54,0.88,1.97,46.14,44.9,565841
Indra,2025-12-03,47.2,1.66,3.65,47.52,45.9,817444
Indra,2025-12-04,47.22,0.02,0.04,47.22,46.24,479186
Indra,2025-12-05,47.34,0.12,0.25,48.8,47.14,874403
Indra,2025-12-08,48.66,1.32,2.79,49.02,47.62,675626
Indra,2025-12-09,49.6,0.94,1.93,50.05,48.74,797522
Indra,2025-12-10,49.42,-0.18,-0.36,49.42,47.68,759711
Indra,2025-12-11,49.38,-0.04,-0.08,50.1,48.5,697271
Indra,2025-12-12,48.58,-0.8,-1.62,49.84,48.36,587241
Indra,2025-12-15,48.9,0.32,0.66,48.96,48.1,507774
Indra,2025-12-16,46.26,-2.64,-5.4,48.2,46.06,1241861
Indra,2025-12-17,45.76,-0.5,-1.08,46.74,45.7,817459
Indra,2025-12-18,47.78,2.02,4.41,47.94,45.46,728709
Indra,2025-12-19,48.36,0.58,1.21,48.7,47.62,1677171
Indra,2025-12-22,48.22,-0.14,-0.29,48.42,47.4,550320
Indra,2025-12-23,48.0,-0.22,-0.46,48.8,47.98,420313
Indra,2025-12-24,47.5,-0.5,-1.04,48.16,47.44,249088
Indra,2025-12-29,47.38,-0.12,-0.25,47.44,46.58,543158
Indra,2025-12-30,48.62,1.24,2.62,48.66,46.8,451221
Indra,2025-12-31,48.54,-0.08,-0.16,48.7,48.14,322141
Indra,2026-01-02,49.6,1.06,2.18,50.2,48.44,887233
Indra,2026-01-05,54.4,4.8,9.68,54.4,50.15,1662870
Indra,2026-01-06,53.85,-0.55,-1.01,54.8,53.4,615172
Indra,2026-01-07,57.6,3.75,6.96,57.6,54.35,1122459
Indra,2026-01-08,57.15,-0.45,-0.78,60.0,56.7,1183862
Indra,2026-01-09,58.6,1.45,2.54,58.85,56.45,785754
Indra,2026-01-12,58.9,0.3,0.51,60.05,57.95,964997
Indra,2026-01-13,57.95,-0.95,-1.61,58.95,57.25,907800
Indra,2026-01-14,57.45,-0.5,-0.86,58.35,56.9,751183
Indra,2026-01-15,57.85,0.4,0.7,57.95,56.7,521073
Indra,2026-01-16,58.25,0.4,0.69,61.5,58.1,1465435
Indra,2026-01-19,57.0,-1.25,-2.15,60.1,56.55,1635592
Indra,2026-01-20,55.45,-1.55,-2.72,56.5,54.5,963957
Indra,2026-01-21,53.85,-1.6,-2.89,55.65,53.05,1015865
Indra,2026-01-22,54.5,0.65,1.21,55.0,53.0,877311
Indra,2026-01-23,55.15,0.65,1.19,55.6,54.25,623226
Indra,2026-01-26,54.75,-0.4,-0.73,55.4,54.0,585514
Indra,2026-01-27,54.7,-0.05,-0.09,55.5,54.35,448212
Indra,2026-01-28,54.3,-0.4,-0.73,55.7,54.05,599026
Indra,2026-01-29,54.5,0.2,0.37,55.7,53.9,557820
Indra,2026-01-30,54.6,0.1,0.18,54.9,54.0,505279
Indra,2026-02-02,54.2,-0.4,-0.73,54.55,53.4,649449
Indra,2026-02-03,49.62,-4.58,-8.45,55.5,49.22,2361205
Indra,2026-02-04,46.8,-2.82,-5.68,49.5,46.24,2412359
Indra,2026-02-05,47.88,1.08,2.31,48.44,45.34,1504967
Indra,2026-02-06,49.12,1.24,2.59,49.46,47.3,1347129
Indra,2026-02-09,50.7,1.58,3.22,50.8,48.9,1000583
Indra,2026-02-10,49.78,-0.92,-1.81,51.2,49.74,820281
Indra,2026-02-11,52.0,2.22,4.46,52.55,49.42,1491128
Indra,2026-02-12,51.1,-0.9,-1.73,52.6,50.85,1275558
Indra,2026-02-13,51.1,0.0,0.0,52.4,49.6,923925
Indra,2026-02-16,52.85,1.75,3.42,54.45,51.6,1021403
Indra,2026-02-17,51.55,-1.3,-2.46,53.4,51.35,983424
Indra,2026-02-18,53.4,1.85,3.59,53.6,52.1,1066397
Indra,2026-02-19,53.55,0.15,0.28,54.15,53.0,848770
Indra,2026-02-20,54.05,0.5,0.93,54.35,52.75,919471
Indra,2026-02-23,52.35,-1.7,-3.15,53.95,52.1,1071501
Indra,2026-02-24,50.85,-1.5,-2.87,52.7,50.1,952081
Indra,2026-02-25,51.75,0.9,1.77,51.75,50.05,929356
Indra,2026-02-26,62.75,11.0,21.26,63.95,54.3,6136024
Indra,2026-02-27,62.75,0.0,0.0,63.75,60.85,6485740
Indra,2026-03-02,62.5,-0.25,-0.4,66.15,61.8,1799916
Indra,2026-03-03,61.3,-1.2,-1.92,63.75,60.4,1323068
Indra,2026-03-04,64.5,3.2,5.22,64.55,59.95,1169196
Indra,2026-03-05,61.85,-2.65,-4.11,65.7,61.25,1333679
Indra,2026-03-06,59.95,-1.9,-3.07,63.0,59.55,927442
Indra,2026-03-09,60.0,0.05,0.08,60.9,58.2,693579
Indra,2026-03-10,60.85,0.85,1.42,62.45,59.25,905480
Indra,2026-03-11,61.05,0.2,0.33,61.55,59.55,898276
Indra,2026-03-12,59.95,-1.1,-1.8,61.95,59.85,918529
Indra,2026-03-13,59.0,-0.95,-1.58,60.4,58.15,875163
Indra,2026-03-16,59.6,0.6,1.02,60.4,58.35,736485
Logista,2025-03-17,26.26,0.0,0.0,26.26,25.89,284346
Logista,2025-03-18,26.32,0.06,0.21,26.41,26.23,159134
Logista,2025-03-19,26.64,0.32,1.21,26.66,26.23,202305
Logista,2025-03-20,26.49,-0.15,-0.56,26.77,26.45,188793
Logista,2025-03-21,26.49,0.0,0.0,26.62,26.4,388757
Logista,2025-03-24,26.6,0.11,0.42,26.83,26.53,185054
Logista,2025-03-25,26.96,0.36,1.34,26.98,26.51,252118
Logista,2025-03-26,27.09,0.13,0.49,27.13,26.96,223025
Logista,2025-03-27,27.16,0.07,0.28,27.16,26.81,239982
Logista,2025-03-28,27.31,0.15,0.55,27.58,27.16,408774
Logista,2025-03-31,27.5,0.19,0.69,27.69,27.33,401479
Logista,2025-04-01,27.76,0.26,0.95,27.82,27.54,274651
Logista,2025-04-02,27.74,-0.02,-0.07,27.82,27.54,195508
Logista,2025-04-03,27.54,-0.21,-0.74,27.84,27.35,247219
Logista,2025-04-04,26.32,-1.22,-4.42,27.52,26.32,416552
Logista,2025-04-07,25.38,-0.94,-3.56,26.3,24.49,669326
Logista,2025-04-08,25.89,0.51,1.99,26.04,25.37,258592
Logista,2025-04-09,25.37,-0.52,-2.02,25.59,25.01,279049
Logista,2025-04-10,26.17,0.8,3.17,27.28,26.1,406138
Logista,2025-04-11,26.45,0.28,1.07,26.51,25.98,192946
Logista,2025-04-14,27.05,0.6,2.26,27.16,26.7,188548
Logista,2025-04-15,27.58,0.52,1.94,27.65,27.18,215369
Logista,2025-04-16,27.89,0.32,1.15,27.93,27.58,443370
Logista,2025-04-17,27.91,0.02,0.07,27.95,27.61,224941
Logista,2025-04-22,27.87,-0.04,-0.13,28.1,27.74,205542
Logista,2025-04-23,27.82,-0.06,-0.2,28.04,27.74,173056
Logista,2025-04-24,27.82,0.0,0.0,27.93,27.71,145962
Logista,2025-04-25,27.97,0.15,0.54,28.06,27.8,212138
Logista,2025-04-28,27.97,0.0,0.0,28.06,27.86,197037
Logista,2025-04-29,28.16,0.19,0.67,28.16,27.95,203307
Logista,2025-04-30,28.19,0.04,0.13,28.34,28.1,374744
Logista,2025-05-02,28.55,0.36,1.26,28.59,28.02,296605
Logista,2025-05-05,28.75,0.21,0.72,28.81,28.53,203738
Logista,2025-05-06,28.79,0.04,0.13,28.9,28.68,391815
Logista,2025-05-07,29.02,0.22,0.78,29.19,28.7,431666
Logista,2025-05-08,28.79,-0.22,-0.77,29.17,28.77,193509
Logista,2025-05-09,26.38,-2.41,-8.39,28.46,26.3,1733443
Logista,2025-05-12,26.21,-0.17,-0.64,26.68,26.04,738292
Logista,2025-05-13,26.17,-0.04,-0.14,26.41,26.15,410561
Logista,2025-05-14,26.06,-0.11,-0.43,26.3,26.04,397192
Logista,2025-05-15,26.51,0.45,1.72,26.53,26.02,285201
Logista,2025-05-16,26.79,0.28,1.06,26.99,26.58,610726
Logista,2025-05-19,26.94,0.15,0.56,26.96,26.79,358368
Logista,2025-05-20,27.22,0.28,1.04,27.29,27.05,370732
Logista,2025-05-21,27.2,-0.02,-0.07,27.26,27.01,315976
Logista,2025-05-22,26.88,-0.32,-1.17,27.2,26.83,188277
Logista,2025-05-23,26.88,0.0,0.0,27.13,26.6,397473
Logista,2025-05-26,27.01,0.13,0.49,27.05,26.96,171822
Logista,2025-05-27,26.92,-0.09,-0.35,27.07,26.92,148358
Logista,2025-05-28,26.58,-0.34,-1.25,26.96,26.58,209198
Logista,2025-05-29,26.64,0.06,0.21,26.73,26.58,205088
Logista,2025-05-30,26.62,-0.02,-0.07,26.81,26.62,224650
Logista,2025-06-02,26.6,-0.02,-0.07,26.71,26.41,158695
Logista,2025-06-03,26.49,-0.11,-0.42,26.68,26.43,305444
Logista,2025-06-04,26.58,0.09,0.35,26.64,26.34,228154
Logista,2025-06-05,26.79,0.21,0.77,26.85,26.49,178579
Logista,2025-06-06,26.75,-0.04,-0.14,26.81,26.66,154404
Logista,2025-06-09,26.64,-0.11,-0.42,26.77,26.6,139591
Logista,2025-06-10,26.68,0.04,0.14,26.83,26.64,184883
Logista,2025-06-11,26.45,-0.22,-0.84,26.73,26.45,151891
Logista,2025-06-12,26.49,0.04,0.14,26.49,26.3,177120
Logista,2025-06-13,26.13,-0.36,-1.34,26.38,26.12,334294
Logista,2025-06-16,26.21,0.07,0.29,26.6,26.1,207105
Logista,2025-06-17,26.12,-0.09,-0.36,26.21,26.06,181674
Logista,2025-06-18,26.32,0.21,0.79,26.32,26.12,222873
Logista,2025-06-19,26.13,-0.19,-0.71,26.34,26.08,195691
Logista,2025-06-20,26.08,-0.06,-0.21,26.36,26.08,923564
Logista,2025-06-23,26.19,0.11,0.43,26.23,25.82,196969
Logista,2025-06-24,26.26,0.07,0.29,26.49,26.26,201110
Logista,2025-06-25,25.78,-0.49,-1.85,26.3,25.78,221639
Logista,2025-06-26,25.8,0.02,0.07,25.89,25.76,169233
Logista,2025-06-27,26.04,0.24,0.94,26.04,25.72,212250
Logista,2025-06-30,26.02,-0.02,-0.07,26.19,26.0,135605
Logista,2025-07-01,26.13,0.11,0.43,26.13,25.98,138560
Logista,2025-07-02,26.21,0.07,0.29,26.56,26.04,230795
Logista,2025-07-03,26.26,0.06,0.21,26.3,26.19,209553
Logista,2025-07-04,26.12,-0.15,-0.57,26.4,26.12,109165
Logista,2025-07-07,26.06,-0.06,-0.22,26.19,25.98,140623
Logista,2025-07-08,25.93,-0.13,-0.5,26.17,25.93,189239
Logista,2025-07-09,26.13,0.21,0.79,26.17,26.0,137056
Logista,2025-07-10,26.08,-0.06,-0.21,26.28,26.08,230442
Logista,2025-07-11,26.1,0.02,0.07,26.21,26.0,182594
Logista,2025-07-14,26.15,0.06,0.22,26.15,25.98,203618
Logista,2025-07-15,25.63,-0.52,-2.0,26.13,25.57,311647
Logista,2025-07-16,25.55,-0.07,-0.29,25.78,25.55,243632
Logista,2025-07-17,25.33,-0.22,-0.88,25.91,25.12,378842
Logista,2025-07-18,25.44,0.11,0.44,25.67,25.22,295296
Logista,2025-07-21,25.57,0.13,0.52,25.67,25.33,231292
Logista,2025-07-22,25.68,0.11,0.44,25.76,25.53,200920
Logista,2025-07-23,25.59,-0.09,-0.36,25.8,25.46,291164
Logista,2025-07-24,25.89,0.3,1.17,26.04,25.7,209415
Logista,2025-07-25,25.72,-0.17,-0.65,25.91,25.59,196602
Logista,2025-07-28,25.89,0.17,0.66,26.02,25.83,294727
Logista,2025-07-29,25.83,-0.06,-0.22,25.98,25.78,214068
Logista,2025-07-30,25.89,0.06,0.22,25.97,25.76,181670
Logista,2025-07-31,25.98,0.09,0.36,26.0,25.87,235731
Logista,2025-08-01,25.87,-0.11,-0.43,25.98,25.78,153097
Logista,2025-08-04,26.38,0.51,1.95,26.38,25.91,228676
Logista,2025-08-05,26.36,-0.02,-0.07,26.53,26.26,209370
Logista,2025-08-06,26.51,0.15,0.57,26.53,26.32,174954
Logista,2025-08-07,26.77,0.26,0.99,26.81,26.55,240300
Logista,2025-08-08,27.03,0.26,0.98,27.03,26.85,183053
Logista,2025-08-11,27.13,0.09,0.35,27.18,27.05,235906
Logista,2025-08-12,27.22,0.09,0.35,27.29,27.11,201385
Logista,2025-08-13,27.35,0.13,0.48,27.43,27.26,274872
Logista,2025-08-14,27.28,-0.07,-0.27,27.41,27.05,218021
Logista,2025-08-15,27.14,-0.13,-0.48,27.39,27.11,150718
Logista,2025-08-18,27.09,-0.06,-0.21,27.2,26.99,575760
Logista,2025-08-19,27.26,0.17,0.62,27.29,27.13,1418727
Logista,2025-08-20,27.39,0.13,0.48,27.44,27.24,1324407
Logista,2025-08-21,27.2,-0.19,-0.68,27.43,27.13,1232678
Logista,2025-08-22,27.2,0.0,0.0,27.28,27.13,244812
Logista,2025-08-25,27.05,-0.15,-0.55,27.24,26.99,430026
Logista,2025-08-26,26.96,-0.1,-0.35,27.03,26.8,282277
Logista,2025-08-27,26.97,0.02,0.07,27.03,26.84,125555
Logista,2025-08-28,26.78,-0.19,-0.71,27.01,26.75,175290
Logista,2025-08-29,26.73,-0.06,-0.21,26.82,26.61,156289
Logista,2025-09-01,26.84,0.11,0.43,26.88,26.71,134463
Logista,2025-09-02,26.86,0.02,0.07,26.9,26.73,184791
Logista,2025-09-03,27.24,0.38,1.42,27.3,26.78,182527
Logista,2025-09-04,27.41,0.17,0.63,27.6,27.13,218020
Logista,2025-09-05,27.26,-0.15,-0.56,27.53,27.15,141252
Logista,2025-09-08,27.51,0.25,0.91,27.51,27.22,151974
Logista,2025-09-09,27.57,0.06,0.21,27.7,27.47,182854
Logista,2025-09-10,27.51,-0.06,-0.21,27.68,27.43,480225
Logista,2025-09-11,27.6,0.1,0.35,27.83,27.49,272227
Logista,2025-09-12,27.85,0.25,0.9,27.91,27.62,253361
Logista,2025-09-15,27.55,-0.31,-1.1,27.93,27.55,183971
Logista,2025-09-16,27.15,-0.4,-1.46,27.62,27.15,349236
Logista,2025-09-17,27.01,-0.13,-0.49,27.22,26.97,282739
Logista,2025-09-18,27.01,0.0,0.0,27.07,26.88,179956
Logista,2025-09-19,27.05,0.04,0.14,27.11,26.88,330608
Logista,2025-09-22,26.94,-0.11,-0.42,27.13,26.88,145540
Logista,2025-09-23,26.86,-0.08,-0.28,27.03,26.78,134211
Logista,2025-09-24,26.82,-0.04,-0.14,26.97,26.82,110004
Logista,2025-09-25,27.03,0.21,0.78,27.11,26.69,174927
Logista,2025-09-26,27.32,0.29,1.06,27.34,27.07,152891
Logista,2025-09-29,27.32,0.0,0.0,27.43,27.17,140965
Logista,2025-09-30,27.59,0.27,0.98,27.59,27.28,156471
Logista,2025-10-01,27.45,-0.13,-0.48,27.59,27.34,125453
Logista,2025-10-02,27.57,0.11,0.42,27.57,27.43,98640
Logista,2025-10-03,27.68,0.11,0.42,27.76,27.45,218381
Logista,2025-10-06,27.7,0.02,0.07,27.74,27.6,161775
Logista,2025-10-07,27.81,0.11,0.41,27.95,27.66,210854
Logista,2025-10-08,27.85,0.04,0.14,27.99,27.8,238673
Logista,2025-10-09,27.83,-0.02,-0.07,28.1,27.83,140120
Logista,2025-10-10,27.7,-0.13,-0.48,28.04,27.7,95350
Logista,2025-10-13,27.38,-0.32,-1.17,27.8,27.32,121369
Logista,2025-10-14,27.34,-0.04,-0.14,27.55,27.3,211594
Logista,2025-10-15,27.32,-0.02,-0.07,27.51,27.26,118852
Logista,2025-10-16,27.3,-0.02,-0.07,27.45,27.17,127232
Logista,2025-10-17,27.53,0.23,0.84,27.64,27.17,107220
Logista,2025-10-20,27.8,0.27,0.97,27.87,27.59,135483
Logista,2025-10-21,27.66,-0.13,-0.48,27.81,27.59,100334
Logista,2025-10-22,27.81,0.15,0.55,27.89,27.62,123028
Logista,2025-10-23,27.7,-0.11,-0.41,27.87,27.62,101431
Logista,2025-10-24,27.64,-0.06,-0.21,27.74,27.47,68669
Logista,2025-10-27,27.81,0.17,0.62,27.85,27.62,96676
Logista,2025-10-28,27.78,-0.04,-0.14,27.85,27.68,82539
Logista,2025-10-29,27.43,-0.34,-1.24,27.83,27.43,118453
Logista,2025-10-30,27.62,0.19,0.7,27.62,27.36,112792
Logista,2025-10-31,27.6,-0.02,-0.07,27.78,27.51,99660
Logista,2025-11-03,27.47,-0.13,-0.48,27.66,27.43,117056
Logista,2025-11-04,27.51,0.04,0.14,27.59,27.15,141044
Logista,2025-11-05,27.51,0.0,0.0,27.6,27.09,227499
Logista,2025-11-06,28.25,0.74,2.71,28.25,26.88,418013
Logista,2025-11-07,28.1,-0.15,-0.54,28.48,27.72,258345
Logista,2025-11-10,28.37,0.27,0.95,28.39,28.02,155074
Logista,2025-11-11,28.77,0.4,1.41,28.77,28.41,352388
Logista,2025-11-12,28.88,0.11,0.4,29.04,28.71,352702
Logista,2025-11-13,28.94,0.06,0.2,29.17,28.85,174884
Logista,2025-11-14,28.31,-0.63,-2.18,28.83,28.2,140182
Logista,2025-11-17,28.29,-0.02,-0.07,28.41,28.22,104113
Logista,2025-11-18,27.87,-0.42,-1.48,28.37,27.85,188843
Logista,2025-11-19,28.2,0.32,1.16,28.22,27.74,126884
Logista,2025-11-20,27.93,-0.27,-0.95,28.37,27.93,137843
Logista,2025-11-21,28.01,0.08,0.27,28.1,27.8,159090
Logista,2025-11-24,27.95,-0.06,-0.2,28.16,27.72,152562
Logista,2025-11-25,27.97,0.02,0.07,27.97,27.51,138744
Logista,2025-11-26,28.06,0.1,0.34,28.12,27.89,209703
Logista,2025-11-27,28.1,0.04,0.14,28.25,28.01,140843
Logista,2025-11-28,28.1,0.0,0.0,28.18,27.95,127713
Logista,2025-12-01,28.23,0.13,0.48,28.31,27.91,158875
Logista,2025-12-02,28.31,0.08,0.27,28.46,28.22,149098
Logista,2025-12-03,28.29,-0.02,-0.07,28.41,28.25,125056
Logista,2025-12-04,28.06,-0.23,-0.81,28.29,28.04,163367
Logista,2025-12-05,27.2,-0.86,-3.06,28.01,26.99,678644
Logista,2025-12-08,27.03,-0.17,-0.63,27.38,26.97,283533
Logista,2025-12-09,27.24,0.21,0.78,27.32,26.99,171602
Logista,2025-12-10,27.28,0.04,0.14,27.49,27.18,249667
Logista,2025-12-11,27.2,-0.08,-0.28,27.34,27.2,131114
Logista,2025-12-12,27.2,0.0,0.0,27.34,27.15,147415
Logista,2025-12-15,27.45,0.25,0.91,27.53,27.22,253842
Logista,2025-12-16,27.47,0.02,0.07,27.64,27.41,155546
Logista,2025-12-17,27.74,0.27,0.97,27.74,27.39,198332
Logista,2025-12-18,28.12,0.38,1.38,28.16,27.78,188454
Logista,2025-12-19,28.31,0.19,0.68,28.41,27.85,324316
Logista,2025-12-22,28.37,0.06,0.2,28.39,27.97,164373
Logista,2025-12-23,28.29,-0.08,-0.27,28.39,28.2,139826
Logista,2025-12-24,28.31,0.02,0.07,28.33,28.2,47979
Logista,2025-12-29,28.5,0.19,0.67,28.6,28.31,139118
Logista,2025-12-30,28.69,0.19,0.67,28.73,28.46,150199
Logista,2025-12-31,28.75,0.06,0.2,28.75,28.64,73489
Logista,2026-01-02,28.71,-0.04,-0.13,28.83,28.58,341680
Logista,2026-01-05,29.0,0.29,1.0,29.0,28.54,188133
Logista,2026-01-06,29.53,0.53,1.84,29.53,28.98,251444
Logista,2026-01-07,29.07,-0.46,-1.55,29.57,28.73,253481
Logista,2026-01-08,29.44,0.36,1.25,29.44,29.06,178983
Logista,2026-01-09,29.59,0.15,0.52,29.59,29.34,125264
Logista,2026-01-12,29.72,0.13,0.45,29.76,29.44,153919
Logista,2026-01-13,29.42,-0.31,-1.03,29.78,29.25,153538
Logista,2026-01-14,29.55,0.13,0.45,29.61,29.42,155241
Logista,2026-01-15,29.76,0.21,0.71,29.76,29.51,128022
Logista,2026-01-16,29.97,0.21,0.71,30.18,29.7,309619
Logista,2026-01-19,29.99,0.02,0.06,30.09,29.69,198265
Logista,2026-01-20,29.61,-0.38,-1.27,30.03,29.61,160471
Logista,2026-01-21,29.38,-0.23,-0.77,29.59,29.28,221500
Logista,2026-01-22,29.57,0.19,0.65,29.74,29.53,169809
Logista,2026-01-23,29.76,0.19,0.65,29.76,29.51,195041
Logista,2026-01-26,29.48,-0.29,-0.96,29.82,29.32,402127
Logista,2026-01-27,29.48,0.0,0.0,29.7,29.48,194384
Logista,2026-01-28,29.09,-0.38,-1.3,29.55,28.88,453301
Logista,2026-01-29,29.11,0.02,0.07,29.32,28.94,319741
Logista,2026-01-30,29.42,0.31,1.05,29.55,29.09,220966
Logista,2026-02-02,29.72,0.31,1.04,29.84,29.57,219456
Logista,2026-02-03,29.95,0.23,0.77,30.03,29.7,238395
Logista,2026-02-04,30.32,0.36,1.21,30.58,29.93,448886
Logista,2026-02-05,31.79,1.47,4.85,31.96,30.35,1050312
Logista,2026-02-06,32.0,0.21,0.66,32.03,31.02,457483
Logista,2026-02-09,32.8,0.8,2.51,32.91,32.0,340821
Logista,2026-02-10,32.61,-0.19,-0.58,32.87,32.45,378624
Logista,2026-02-11,32.17,-0.44,-1.35,32.66,32.17,289565
Logista,2026-02-12,31.9,-0.27,-0.83,32.38,31.71,390809
Logista,2026-02-13,31.82,-0.08,-0.24,32.03,31.5,294839
Logista,2026-02-16,31.59,-0.23,-0.72,31.92,31.59,321669
Logista,2026-02-17,31.73,0.13,0.42,31.73,31.38,1686406
Logista,2026-02-18,32.28,0.55,1.74,32.43,31.73,329179
Logista,2026-02-19,31.98,-0.31,-0.95,32.42,31.92,375443
Logista,2026-02-20,32.01,0.04,0.12,32.15,31.79,407616
Logista,2026-02-23,32.11,0.1,0.3,32.38,32.0,743040
Logista,2026-02-24,32.0,-0.11,-0.34,32.22,31.84,425064
Logista,2026-02-25,32.04,0.04,0.13,32.22,31.76,300848
Logista,2026-02-26,32.0,-0.04,-0.12,32.1,31.42,522361
Logista,2026-02-27,32.26,0.26,0.81,32.34,31.98,305887
Logista,2026-03-02,32.1,-0.16,-0.5,32.1,30.86,455088
Logista,2026-03-03,30.56,-1.54,-4.8,31.78,30.44,480294
Logista,2026-03-04,30.96,0.4,1.31,31.24,30.12,318045
Logista,2026-03-05,30.5,-0.46,-1.49,31.0,30.46,308874
Logista,2026-03-06,30.32,-0.18,-0.59,30.68,30.08,251004
Logista,2026-03-09,29.96,-0.36,-1.19,30.2,29.3,330978
Logista,2026-03-10,30.5,0.54,1.8,30.66,30.32,265259
Logista,2026-03-11,30.32,-0.18,-0.59,30.58,30.24,219775
Logista,2026-03-12,30.58,0.26,0.86,30.58,30.18,374763
Logista,2026-03-13,30.86,0.28,0.92,31.02,30.34,230972
Logista,2026-03-16,31.12,0.26,0.84,31.18,30.76,205774
Mapfre,2025-03-17,2.73,0.0,0.0,2.74,2.7,1755163
Mapfre,2025-03-18,2.78,0.06,2.03,2.79,2.74,2980937
Mapfre,2025-03-19,2.77,-0.02,-0.55,2.8,2.76,1406730
Mapfre,2025-03-20,2.74,-0.03,-1.24,2.78,2.71,1643428
Mapfre,2025-03-21,2.73,-0.0,-0.14,2.75,2.73,11854793
Mapfre,2025-03-24,2.74,0.0,0.14,2.75,2.73,1504378
Mapfre,2025-03-25,2.76,0.02,0.91,2.77,2.74,1442419
Mapfre,2025-03-26,2.76,0.0,0.07,2.78,2.76,1554152
Mapfre,2025-03-27,2.75,-0.02,-0.55,2.76,2.72,1477096
Mapfre,2025-03-28,2.73,-0.01,-0.49,2.77,2.73,1488419
Mapfre,2025-03-31,2.72,-0.02,-0.63,2.73,2.68,1927240
Mapfre,2025-04-01,2.76,0.05,1.76,2.76,2.72,1995673
Mapfre,2025-04-02,2.78,0.02,0.69,2.78,2.75,1566367
Mapfre,2025-04-03,2.78,0.0,0.0,2.8,2.73,3008306
Mapfre,2025-04-04,2.62,-0.16,-5.7,2.76,2.58,5171303
Mapfre,2025-04-07,2.47,-0.15,-5.75,2.59,2.24,8462140
Mapfre,2025-04-08,2.55,0.08,3.25,2.59,2.48,4081803
Mapfre,2025-04-09,2.49,-0.06,-2.4,2.53,2.44,3641963
Mapfre,2025-04-10,2.62,0.13,5.14,2.81,2.6,5004706
Mapfre,2025-04-11,2.62,-0.0,-0.15,2.65,2.58,4953849
Mapfre,2025-04-14,2.66,0.04,1.68,2.69,2.64,1745495
Mapfre,2025-04-15,2.72,0.06,2.37,2.74,2.67,2665972
Mapfre,2025-04-16,2.75,0.03,1.05,2.76,2.71,2304480
Mapfre,2025-04-17,2.78,0.03,1.11,2.79,2.74,1537847
Mapfre,2025-04-22,2.79,0.01,0.41,2.81,2.76,2715675
Mapfre,2025-04-23,2.79,-0.0,-0.14,2.82,2.77,2353232
Mapfre,2025-04-24,2.8,0.01,0.34,2.82,2.78,1933237
Mapfre,2025-04-25,3.03,0.23,8.05,3.06,2.85,9309152
Mapfre,2025-04-28,3.01,-0.01,-0.38,3.03,2.97,3388446
Mapfre,2025-04-29,3.01,-0.0,-0.06,3.04,2.98,2995502
Mapfre,2025-04-30,3.0,-0.02,-0.57,3.04,2.96,3280494
Mapfre,2025-05-02,3.02,0.02,0.7,3.03,2.98,2633438
Mapfre,2025-05-05,3.08,0.06,1.96,3.08,3.02,1856687
Mapfre,2025-05-06,3.13,0.06,1.8,3.13,3.07,2978413
Mapfre,2025-05-07,3.16,0.03,1.04,3.18,3.13,2953755
Mapfre,2025-05-08,3.18,0.02,0.6,3.21,3.17,3863429
Mapfre,2025-05-09,3.2,0.01,0.42,3.21,3.17,1812886
Mapfre,2025-05-12,3.14,-0.05,-1.67,3.22,3.11,2557654
Mapfre,2025-05-13,3.12,-0.02,-0.73,3.14,3.08,2675765
Mapfre,2025-05-14,3.23,0.11,3.62,3.23,3.09,5173758
Mapfre,2025-05-15,3.32,0.09,2.66,3.33,3.19,4550961
Mapfre,2025-05-16,3.34,0.02,0.52,3.34,3.3,2089507
Mapfre,2025-05-19,3.32,-0.02,-0.52,3.34,3.29,4723090
Mapfre,2025-05-20,3.33,0.02,0.46,3.36,3.32,4097878
Mapfre,2025-05-21,3.33,-0.0,-0.11,3.35,3.32,2309920
Mapfre,2025-05-22,3.34,0.01,0.34,3.34,3.28,3000635
Mapfre,2025-05-23,3.32,-0.02,-0.63,3.34,3.24,4444103
Mapfre,2025-05-26,3.34,0.02,0.69,3.36,3.31,3945370
Mapfre,2025-05-27,3.35,0.01,0.33,3.36,3.3,3164643
Mapfre,2025-05-28,3.29,-0.06,-1.87,3.35,3.28,3018281
Mapfre,2025-05-29,3.32,0.03,0.96,3.33,3.28,1952704
Mapfre,2025-05-30,3.28,-0.05,-1.36,3.32,3.28,39055928
Mapfre,2025-06-02,3.34,0.06,1.86,3.34,3.24,3000062
Mapfre,2025-06-03,3.31,-0.02,-0.71,3.36,3.3,12070050
Mapfre,2025-06-04,3.28,-0.03,-1.01,3.34,3.28,2458877
Mapfre,2025-06-05,3.3,0.02,0.66,3.31,3.26,2164957
Mapfre,2025-06-06,3.33,0.02,0.71,3.33,3.28,2362786
Mapfre,2025-06-09,3.32,-0.0,-0.06,3.36,3.31,3636497
Mapfre,2025-06-10,3.29,-0.04,-1.06,3.34,3.29,2103889
Mapfre,2025-06-11,3.3,0.01,0.18,3.3,3.26,2099572
Mapfre,2025-06-12,3.27,-0.03,-0.89,3.29,3.24,2731782
Mapfre,2025-06-13,3.25,-0.01,-0.42,3.27,3.2,2888912
Mapfre,2025-06-16,3.26,0.0,0.12,3.28,3.25,2009606
Mapfre,2025-06-17,3.22,-0.03,-0.97,3.24,3.2,1631171
Mapfre,2025-06-18,3.24,0.02,0.55,3.25,3.2,3996402
Mapfre,2025-06-19,3.22,-0.02,-0.67,3.24,3.2,1642964
Mapfre,2025-06-20,3.26,0.04,1.22,3.27,3.21,5157165
Mapfre,2025-06-23,3.24,-0.02,-0.6,3.27,3.22,1910115
Mapfre,2025-06-24,3.35,0.11,3.52,3.4,3.32,7584967
Mapfre,2025-06-25,3.34,-0.02,-0.47,3.36,3.3,2715739
Mapfre,2025-06-26,3.35,0.01,0.41,3.36,3.33,3473867
Mapfre,2025-06-27,3.38,0.03,0.94,3.38,3.34,2355521
Mapfre,2025-06-30,3.41,0.03,0.75,3.41,3.36,2156301
Mapfre,2025-07-01,3.42,0.01,0.35,3.46,3.41,3541441
Mapfre,2025-07-02,3.4,-0.03,-0.75,3.44,3.38,2592868
Mapfre,2025-07-03,3.46,0.06,1.91,3.46,3.4,2418263
Mapfre,2025-07-04,3.46,0.0,0.06,3.47,3.43,2244813
Mapfre,2025-07-07,3.51,0.04,1.25,3.51,3.45,2020860
Mapfre,2025-07-08,3.51,0.0,0.0,3.52,3.49,2794968
Mapfre,2025-07-09,3.55,0.05,1.35,3.57,3.5,2441229
Mapfre,2025-07-10,3.46,-0.09,-2.54,3.55,3.46,2522353
Mapfre,2025-07-11,3.41,-0.05,-1.42,3.46,3.38,2935095
Mapfre,2025-07-14,3.43,0.02,0.52,3.43,3.37,1865514
Mapfre,2025-07-15,3.39,-0.04,-1.2,3.44,3.37,2178439
Mapfre,2025-07-16,3.39,0.0,0.0,3.43,3.37,1813080
Mapfre,2025-07-17,3.38,-0.01,-0.23,3.42,3.38,3264260
Mapfre,2025-07-18,3.39,0.01,0.23,3.4,3.37,2829520
Mapfre,2025-07-21,3.39,-0.0,-0.06,3.41,3.36,2123045
Mapfre,2025-07-22,3.37,-0.02,-0.58,3.4,3.36,1961466
Mapfre,2025-07-23,3.37,-0.0,-0.06,3.4,3.34,3257906
Mapfre,2025-07-24,3.42,0.05,1.52,3.46,3.36,3289340
Mapfre,2025-07-25,3.36,-0.05,-1.55,3.42,3.35,2664272
Mapfre,2025-07-28,3.39,0.02,0.64,3.46,3.37,3009867
Mapfre,2025-07-29,3.45,0.06,1.92,3.46,3.39,2095577
Mapfre,2025-07-30,3.48,0.03,0.91,3.49,3.43,2462175
Mapfre,2025-07-31,3.51,0.03,0.79,3.51,3.48,2974992
Mapfre,2025-08-01,3.43,-0.08,-2.3,3.48,3.42,1913059
Mapfre,2025-08-04,3.51,0.08,2.35,3.51,3.45,1972521
Mapfre,2025-08-05,3.56,0.05,1.34,3.56,3.51,2513478
Mapfre,2025-08-06,3.59,0.04,0.99,3.61,3.56,2647535
Mapfre,2025-08-07,3.64,0.04,1.2,3.64,3.6,2162048
Mapfre,2025-08-08,3.65,0.01,0.38,3.66,3.59,2753980
Mapfre,2025-08-11,3.66,0.02,0.43,3.67,3.62,1875129
Mapfre,2025-08-12,3.72,0.05,1.39,3.72,3.67,2906072
Mapfre,2025-08-13,3.75,0.03,0.85,3.77,3.72,2192122
Mapfre,2025-08-14,3.79,0.04,1.1,3.81,3.75,2623806
Mapfre,2025-08-15,3.79,0.0,0.05,3.81,3.77,1836257
Mapfre,2025-08-18,3.8,0.01,0.36,3.8,3.75,2286131
Mapfre,2025-08-19,3.78,-0.03,-0.67,3.81,3.77,2073794
Mapfre,2025-08-20,3.8,0.02,0.52,3.8,3.76,1660636
Mapfre,2025-08-21,3.78,-0.02,-0.57,3.81,3.74,2082215
Mapfre,2025-08-22,3.76,-0.01,-0.36,3.79,3.76,1856899
Mapfre,2025-08-25,3.74,-0.02,-0.57,3.76,3.74,1166161
Mapfre,2025-08-26,3.72,-0.02,-0.47,3.74,3.67,2370017
Mapfre,2025-08-27,3.7,-0.02,-0.63,3.73,3.68,1431006
Mapfre,2025-08-28,3.7,0.0,0.0,3.72,3.66,1418762
Mapfre,2025-08-29,3.68,-0.02,-0.58,3.7,3.66,1336107
Mapfre,2025-09-01,3.73,0.05,1.28,3.73,3.68,1525967
Mapfre,2025-09-02,3.7,-0.02,-0.63,3.73,3.67,2306046
Mapfre,2025-09-03,3.71,0.01,0.16,3.71,3.63,1996322
Mapfre,2025-09-04,3.71,-0.0,-0.05,3.73,3.7,2574859
Mapfre,2025-09-05,3.7,-0.0,-0.05,3.74,3.69,2265881
Mapfre,2025-09-08,3.72,0.02,0.53,3.74,3.7,1675066
Mapfre,2025-09-09,3.74,0.02,0.47,3.76,3.72,1815626
Mapfre,2025-09-10,3.78,0.04,1.16,3.81,3.75,2915132
Mapfre,2025-09-11,3.82,0.04,0.99,3.83,3.77,1994297
Mapfre,2025-09-12,3.84,0.02,0.46,3.86,3.82,1949492
Mapfre,2025-09-15,3.79,-0.05,-1.28,3.86,3.79,3598030
Mapfre,2025-09-16,3.74,-0.06,-1.45,3.78,3.73,2390987
Mapfre,2025-09-17,3.73,-0.01,-0.21,3.74,3.7,7764785
Mapfre,2025-09-18,3.75,0.02,0.63,3.76,3.72,3997160
Mapfre,2025-09-19,3.76,0.01,0.21,3.78,3.75,14586448
Mapfre,2025-09-22,3.81,0.05,1.41,3.82,3.74,1537014
Mapfre,2025-09-23,3.8,-0.01,-0.26,3.83,3.79,1662766
Mapfre,2025-09-24,3.85,0.05,1.34,3.86,3.78,1984629
Mapfre,2025-09-25,3.83,-0.03,-0.66,3.84,3.79,1629461
Mapfre,2025-09-26,3.91,0.08,2.05,3.91,3.84,2238869
Mapfre,2025-09-29,3.96,0.05,1.36,4.0,3.92,2594331
Mapfre,2025-09-30,3.96,0.0,0.0,4.0,3.94,2352012
Mapfre,2025-10-01,4.0,0.04,0.94,4.03,3.91,3038953
Mapfre,2025-10-02,3.96,-0.04,-0.93,4.02,3.95,2205091
Mapfre,2025-10-03,3.97,0.01,0.35,4.01,3.96,2387616
Mapfre,2025-10-06,4.0,0.03,0.69,4.02,3.97,2668819
Mapfre,2025-10-07,3.99,-0.01,-0.2,4.02,3.98,4776317
Mapfre,2025-10-08,4.08,0.08,2.07,4.09,4.02,7599921
Mapfre,2025-10-09,4.09,0.02,0.43,4.11,4.06,3590229
Mapfre,2025-10-10,4.06,-0.04,-0.86,4.11,4.06,3259664
Mapfre,2025-10-13,3.99,-0.07,-1.69,4.09,3.98,3435744
Mapfre,2025-10-14,4.01,0.03,0.64,4.03,3.97,2983525
Mapfre,2025-10-15,3.93,-0.08,-2.01,4.02,3.93,3190824
Mapfre,2025-10-16,3.94,0.01,0.15,3.96,3.9,2851419
Mapfre,2025-10-17,3.87,-0.07,-1.7,3.91,3.85,3119338
Mapfre,2025-10-20,3.91,0.03,0.86,3.93,3.89,2942257
Mapfre,2025-10-21,3.88,-0.02,-0.6,3.93,3.88,2416937
Mapfre,2025-10-22,3.87,-0.01,-0.2,3.91,3.85,4114257
Mapfre,2025-10-23,3.9,0.03,0.71,3.91,3.86,1302411
Mapfre,2025-10-24,3.92,0.01,0.35,3.92,3.88,1645928
Mapfre,2025-10-27,3.99,0.07,1.86,4.0,3.93,1800677
Mapfre,2025-10-28,3.97,-0.02,-0.39,3.99,3.96,1479973
Mapfre,2025-10-29,3.95,-0.03,-0.64,4.01,3.9,3295816
Mapfre,2025-10-30,3.96,0.02,0.4,3.98,3.93,2750635
Mapfre,2025-10-31,3.76,-0.2,-5.01,4.02,3.76,6656225
Mapfre,2025-11-03,3.87,0.11,2.87,3.9,3.78,4118577
Mapfre,2025-11-04,3.86,-0.01,-0.36,3.87,3.77,3366167
Mapfre,2025-11-05,3.88,0.02,0.51,3.88,3.83,2356213
Mapfre,2025-11-06,3.91,0.03,0.71,3.95,3.86,4653390
Mapfre,2025-11-07,3.85,-0.06,-1.41,3.92,3.84,1960468
Mapfre,2025-11-10,3.87,0.02,0.46,3.89,3.84,2423378
Mapfre,2025-11-11,3.88,0.01,0.3,3.91,3.87,1777234
Mapfre,2025-11-12,3.96,0.08,2.03,3.98,3.9,3963736
Mapfre,2025-11-13,4.04,0.08,2.08,4.08,3.98,2929343
Mapfre,2025-11-14,3.98,-0.06,-1.6,4.03,3.95,2020150
Mapfre,2025-11-17,3.96,-0.02,-0.54,4.01,3.94,2109729
Mapfre,2025-11-18,3.91,-0.05,-1.24,3.94,3.89,7375671
Mapfre,2025-11-19,3.9,-0.01,-0.15,3.93,3.88,22360521
Mapfre,2025-11-20,3.95,0.05,1.36,3.99,3.91,3011180
Mapfre,2025-11-21,3.87,-0.08,-2.14,3.91,3.86,11812358
Mapfre,2025-11-24,3.9,0.04,0.91,3.95,3.88,88624115
Mapfre,2025-11-25,3.94,0.04,0.91,3.94,3.84,5878457
Mapfre,2025-11-26,4.0,0.06,1.43,4.0,3.93,2195012
Mapfre,2025-11-27,4.01,0.01,0.35,4.02,3.99,1379100
Mapfre,2025-11-28,3.99,-0.02,-0.55,4.02,3.95,3158911
Mapfre,2025-12-01,4.03,0.04,1.0,4.06,3.99,3909457
Mapfre,2025-12-02,4.05,0.02,0.55,4.06,4.01,3378321
Mapfre,2025-12-03,3.96,-0.09,-2.22,4.04,3.96,3430481
Mapfre,2025-12-04,4.0,0.04,1.11,4.0,3.97,4325924
Mapfre,2025-12-05,4.01,0.01,0.25,4.04,3.98,2131337
Mapfre,2025-12-08,4.03,0.01,0.35,4.04,4.0,1755378
Mapfre,2025-12-09,4.11,0.09,2.14,4.11,4.04,4294453
Mapfre,2025-12-10,4.04,-0.07,-1.7,4.1,4.02,2512947
Mapfre,2025-12-11,4.09,0.05,1.19,4.1,4.04,1988642
Mapfre,2025-12-12,4.1,0.01,0.24,4.14,4.07,3774034
Mapfre,2025-12-15,4.18,0.08,1.85,4.18,4.11,2803144
Mapfre,2025-12-16,4.17,-0.01,-0.19,4.2,4.15,3012248
Mapfre,2025-12-17,4.23,0.06,1.49,4.26,4.19,4124928
Mapfre,2025-12-18,4.25,0.02,0.38,4.25,4.21,3319285
Mapfre,2025-12-19,4.32,0.07,1.6,4.33,4.25,6751751
Mapfre,2025-12-22,4.29,-0.03,-0.65,4.31,4.24,2698637
Mapfre,2025-12-23,4.31,0.02,0.51,4.31,4.27,1643496
Mapfre,2025-12-24,4.3,-0.01,-0.32,4.31,4.28,553402
Mapfre,2025-12-29,4.27,-0.02,-0.51,4.3,4.27,1656112
Mapfre,2025-12-30,4.31,0.03,0.75,4.32,4.28,2189962
Mapfre,2025-12-31,4.28,-0.02,-0.56,4.3,4.27,1115340
Mapfre,2026-01-02,4.26,-0.03,-0.61,4.3,4.22,2378544
Mapfre,2026-01-05,4.29,0.03,0.8,4.29,4.21,4575570
Mapfre,2026-01-06,4.29,-0.0,-0.09,4.33,4.28,1624586
Mapfre,2026-01-07,4.2,-0.08,-1.96,4.29,4.17,2900011
Mapfre,2026-01-08,4.28,0.08,1.86,4.28,4.21,2440485
Mapfre,2026-01-09,4.24,-0.04,-1.03,4.29,4.22,1775280
Mapfre,2026-01-12,4.21,-0.02,-0.57,4.23,4.17,7008446
Mapfre,2026-01-13,4.16,-0.05,-1.28,4.22,4.14,2686731
Mapfre,2026-01-14,4.23,0.07,1.73,4.23,4.13,2829325
Mapfre,2026-01-15,4.24,0.01,0.24,4.27,4.21,2016140
Mapfre,2026-01-16,4.25,0.01,0.28,4.27,4.22,3108017
Mapfre,2026-01-19,4.28,0.03,0.75,4.29,4.19,2577030
Mapfre,2026-01-20,3.9,-0.38,-8.87,4.19,3.9,10536794
Mapfre,2026-01-21,3.86,-0.05,-1.23,3.9,3.83,6879639
Mapfre,2026-01-22,3.92,0.06,1.66,3.95,3.9,4659938
Mapfre,2026-01-23,3.83,-0.09,-2.4,3.95,3.77,6210218
Mapfre,2026-01-26,3.83,0.0,0.05,3.87,3.83,2582825
Mapfre,2026-01-27,3.87,0.04,1.04,3.9,3.85,2797528
Mapfre,2026-01-28,3.87,0.0,0.1,3.89,3.84,2296806
Mapfre,2026-01-29,3.84,-0.03,-0.72,3.89,3.83,2713035
Mapfre,2026-01-30,3.86,0.01,0.36,3.87,3.83,3254805
Mapfre,2026-02-02,3.92,0.07,1.71,3.94,3.84,2466384
Mapfre,2026-02-03,3.92,-0.01,-0.15,3.94,3.89,2477363
Mapfre,2026-02-04,3.93,0.01,0.31,3.97,3.92,2027517
Mapfre,2026-02-05,3.95,0.02,0.61,3.98,3.91,2155124
Mapfre,2026-02-06,3.96,0.01,0.2,3.97,3.92,1795759
Mapfre,2026-02-09,3.97,0.01,0.3,4.02,3.93,2305913
Mapfre,2026-02-10,3.85,-0.12,-3.02,3.94,3.84,5628446
Mapfre,2026-02-11,3.86,0.0,0.05,3.88,3.82,4423713
Mapfre,2026-02-12,3.77,-0.09,-2.23,3.87,3.76,6858479
Mapfre,2026-02-13,3.82,0.05,1.43,3.91,3.79,3838397
Mapfre,2026-02-16,3.86,0.04,0.94,3.89,3.84,2158269
Mapfre,2026-02-17,3.89,0.03,0.78,3.91,3.85,2465736
Mapfre,2026-02-18,3.91,0.02,0.51,3.94,3.89,3054891
Mapfre,2026-02-19,3.9,-0.01,-0.15,3.95,3.9,2140500
Mapfre,2026-02-20,3.98,0.08,2.0,3.98,3.94,3294453
Mapfre,2026-02-23,4.01,0.03,0.65,4.05,3.98,2854895
Mapfre,2026-02-24,3.93,-0.08,-1.95,4.01,3.89,3258878
Mapfre,2026-02-25,3.95,0.02,0.51,3.97,3.92,1995594
Mapfre,2026-02-26,3.98,0.03,0.81,3.99,3.93,2294977
Mapfre,2026-02-27,3.95,-0.03,-0.8,4.01,3.95,4114939
Mapfre,2026-03-02,3.88,-0.07,-1.77,3.91,3.79,8472479
Mapfre,2026-03-03,3.69,-0.19,-4.85,3.86,3.64,6535870
Mapfre,2026-03-04,3.77,0.08,2.17,3.79,3.66,3585749
Mapfre,2026-03-05,3.7,-0.08,-2.01,3.8,3.7,2502460
Mapfre,2026-03-06,3.66,-0.04,-1.08,3.74,3.61,2463839
Mapfre,2026-03-09,3.63,-0.02,-0.66,3.64,3.52,3398109
Mapfre,2026-03-10,3.71,0.08,2.26,3.75,3.69,2081522
Mapfre,2026-03-11,3.69,-0.02,-0.59,3.73,3.68,2800851
Mapfre,2026-03-12,3.67,-0.03,-0.7,3.68,3.62,3286483
Mapfre,2026-03-13,3.66,-0.0,-0.05,3.7,3.61,3454753
Mapfre,2026-03-16,3.68,0.02,0.44,3.7,3.63,1793048
Melia,2025-03-17,6.63,0.0,0.0,6.63,6.46,344747
Melia,2025-03-18,6.61,-0.02,-0.3,6.71,6.57,356110
Melia,2025-03-19,6.73,0.11,1.7,6.77,6.57,328716
Melia,2025-03-20,6.65,-0.07,-1.09,6.76,6.59,241273
Melia,2025-03-21,6.55,-0.1,-1.47,6.66,6.49,411053
Melia,2025-03-24,6.58,0.02,0.37,6.63,6.56,217093
Melia,2025-03-25,6.66,0.08,1.27,6.67,6.57,200656
Melia,2025-03-26,6.69,0.02,0.37,6.73,6.63,212788
Melia,2025-03-27,6.61,-0.08,-1.17,6.7,6.58,244610
Melia,2025-03-28,6.43,-0.18,-2.74,6.59,6.43,370109
Melia,2025-03-31,6.22,-0.21,-3.28,6.43,6.19,411102
Melia,2025-04-01,6.36,0.15,2.37,6.41,6.25,293079
Melia,2025-04-02,6.49,0.12,1.93,6.49,6.3,273628
Melia,2025-04-03,6.26,-0.23,-3.48,6.39,6.23,353005
Melia,2025-04-04,6.01,-0.25,-3.92,6.34,5.9,596780
Melia,2025-04-07,5.85,-0.17,-2.77,6.14,5.51,830006
Melia,2025-04-08,6.01,0.16,2.77,6.09,5.85,354143
Melia,2025-04-09,5.8,-0.21,-3.51,5.96,5.74,388064
Melia,2025-04-10,6.0,0.2,3.47,6.37,6.0,379089
Melia,2025-04-11,5.94,-0.06,-0.98,6.03,5.82,296234
Melia,2025-04-14,6.05,0.11,1.82,6.1,6.01,236852
Melia,2025-04-15,6.12,0.07,1.22,6.14,6.05,194422
Melia,2025-04-16,6.14,0.01,0.24,6.14,6.0,177965
Melia,2025-04-17,6.03,-0.11,-1.76,6.11,5.96,259916
Melia,2025-04-22,6.03,0.0,0.0,6.05,5.94,258365
Melia,2025-04-23,6.11,0.08,1.3,6.19,6.08,257690
Melia,2025-04-24,6.08,-0.03,-0.48,6.13,6.05,205919
Melia,2025-04-25,6.19,0.11,1.77,6.19,6.13,259276
Melia,2025-04-28,6.2,0.01,0.16,6.26,6.17,221136
Melia,2025-04-29,6.16,-0.03,-0.55,6.24,6.14,152998
Melia,2025-04-30,6.25,0.08,1.35,6.25,6.11,267423
Melia,2025-05-02,6.31,0.07,1.1,6.35,6.26,184445
Melia,2025-05-05,6.33,0.01,0.23,6.35,6.28,149526
Melia,2025-05-06,6.28,-0.05,-0.77,6.35,6.25,188333
Melia,2025-05-07,6.34,0.06,1.01,6.37,6.25,185895
Melia,2025-05-08,6.3,-0.04,-0.62,6.47,6.27,222699
Melia,2025-05-09,6.16,-0.14,-2.26,6.25,6.02,804032
Melia,2025-05-12,6.36,0.2,3.18,6.4,6.2,471656
Melia,2025-05-13,6.57,0.21,3.32,6.57,6.4,508247
Melia,2025-05-14,6.51,-0.05,-0.82,6.6,6.48,237358
Melia,2025-05-15,6.5,-0.02,-0.3,6.51,6.41,268516
Melia,2025-05-16,6.46,-0.03,-0.53,6.51,6.45,246904
Melia,2025-05-19,6.49,0.03,0.46,6.49,6.38,289289
Melia,2025-05-20,6.57,0.08,1.21,6.59,6.47,320964
Melia,2025-05-21,6.58,0.01,0.22,6.66,6.48,361879
Melia,2025-05-22,6.49,-0.09,-1.41,6.57,6.49,1150804
Melia,2025-05-23,6.43,-0.06,-0.98,6.61,6.41,442016
Melia,2025-05-26,6.63,0.21,3.2,6.64,6.52,321684
Melia,2025-05-27,6.67,0.03,0.52,6.69,6.57,290338
Melia,2025-05-28,6.67,0.0,0.07,6.71,6.66,221066
Melia,2025-05-29,6.67,0.0,0.0,6.77,6.67,382246
Melia,2025-05-30,6.62,-0.05,-0.73,6.7,6.62,298497
Melia,2025-06-02,6.59,-0.03,-0.44,6.62,6.54,184703
Melia,2025-06-03,6.63,0.03,0.52,6.66,6.51,258799
Melia,2025-06-04,6.66,0.03,0.52,6.72,6.64,262876
Melia,2025-06-05,6.69,0.03,0.44,6.73,6.62,361945
Melia,2025-06-06,6.81,0.12,1.76,6.84,6.67,398650
Melia,2025-06-09,7.02,0.21,3.02,7.15,6.84,676552
Melia,2025-06-10,7.09,0.08,1.12,7.13,6.96,438533
Melia,2025-06-11,6.98,-0.12,-1.66,7.11,6.98,383865
Melia,2025-06-12,6.84,-0.14,-1.97,6.97,6.8,511566
Melia,2025-06-13,6.55,-0.28,-4.16,6.65,6.52,670600
Melia,2025-06-16,6.76,0.21,3.14,6.76,6.56,503991
Melia,2025-06-17,6.65,-0.11,-1.6,6.75,6.65,337622
Melia,2025-06-18,6.68,0.03,0.44,6.72,6.64,305892
Melia,2025-06-19,6.57,-0.11,-1.69,6.67,6.56,255188
Melia,2025-06-20,6.62,0.05,0.75,6.67,6.58,312333
Melia,2025-06-23,6.55,-0.06,-0.96,6.62,6.51,340881
Melia,2025-06-24,6.82,0.26,4.04,6.88,6.65,347064
Melia,2025-06-25,6.83,0.01,0.14,6.9,6.77,452004
Melia,2025-06-26,6.77,-0.05,-0.79,6.86,6.73,185045
Melia,2025-06-27,6.89,0.12,1.74,6.9,6.8,207690
Melia,2025-06-30,6.97,0.08,1.14,7.0,6.88,268362
Melia,2025-07-01,7.03,0.06,0.91,7.07,6.95,420042
Melia,2025-07-02,7.1,0.07,0.98,7.14,7.05,244073
Melia,2025-07-03,7.18,0.07,1.04,7.22,7.08,342780
Melia,2025-07-04,7.2,0.02,0.27,7.24,7.1,244123
Melia,2025-07-07,7.34,0.14,1.93,7.41,7.16,315633
Melia,2025-07-08,7.41,0.07,0.95,7.44,7.36,242343
Melia,2025-07-09,7.52,0.11,1.55,7.55,7.38,429414
Melia,2025-07-10,7.69,0.17,2.26,7.69,7.47,414596
Melia,2025-07-11,7.64,-0.05,-0.72,7.72,7.6,325659
Melia,2025-07-14,7.72,0.09,1.18,7.72,7.45,323725
Melia,2025-07-15,7.51,-0.22,-2.85,7.76,7.49,390936
Melia,2025-07-16,7.41,-0.1,-1.27,7.55,7.39,286073
Melia,2025-07-17,7.51,0.1,1.28,7.6,7.41,244178
Melia,2025-07-18,7.58,0.07,1.0,7.59,7.51,402678
Melia,2025-07-21,7.65,0.07,0.92,7.68,7.61,236016
Melia,2025-07-22,7.61,-0.04,-0.52,7.7,7.57,259284
Melia,2025-07-23,7.72,0.11,1.38,7.73,7.65,334408
Melia,2025-07-24,7.66,-0.06,-0.71,7.73,7.62,272802
Melia,2025-07-25,7.69,0.03,0.39,7.7,7.58,169357
Melia,2025-07-28,7.66,-0.03,-0.33,7.82,7.6,278116
Melia,2025-07-29,7.68,0.01,0.13,7.74,7.64,209167
Melia,2025-07-30,7.71,0.03,0.46,7.75,7.61,199081
Melia,2025-07-31,7.8,0.09,1.17,8.07,7.65,1036704
Melia,2025-08-01,7.49,-0.31,-3.97,7.8,7.45,371513
Melia,2025-08-04,7.68,0.19,2.54,7.68,7.5,384674
Melia,2025-08-05,7.86,0.18,2.34,7.95,7.7,553500
Melia,2025-08-06,7.94,0.08,1.02,7.99,7.86,355938
Melia,2025-08-07,8.07,0.13,1.64,8.09,7.93,421763
Melia,2025-08-08,8.04,-0.03,-0.37,8.12,8.0,253888
Melia,2025-08-11,7.98,-0.06,-0.75,8.05,7.9,155731
Melia,2025-08-12,8.1,0.12,1.5,8.1,7.93,352567
Melia,2025-08-13,8.11,0.01,0.19,8.14,8.02,262422
Melia,2025-08-14,8.2,0.09,1.05,8.2,8.12,285004
Melia,2025-08-15,8.18,-0.02,-0.24,8.2,8.15,247495
Melia,2025-08-18,8.17,-0.01,-0.12,8.2,8.12,162191
Melia,2025-08-19,8.19,0.02,0.24,8.23,8.15,236907
Melia,2025-08-20,8.14,-0.05,-0.61,8.19,8.12,250951
Melia,2025-08-21,8.09,-0.05,-0.61,8.16,8.03,170366
Melia,2025-08-22,8.14,0.05,0.56,8.14,8.02,169867
Melia,2025-08-25,8.13,-0.01,-0.06,8.18,8.11,97550
Melia,2025-08-26,8.08,-0.05,-0.62,8.11,7.96,231098
Melia,2025-08-27,8.02,-0.06,-0.68,8.11,8.02,311234
Melia,2025-08-28,8.04,0.02,0.19,8.13,7.95,197348
Melia,2025-08-29,7.93,-0.11,-1.31,8.05,7.93,269175
Melia,2025-09-01,7.99,0.05,0.69,8.0,7.88,209958
Melia,2025-09-02,7.82,-0.17,-2.19,7.99,7.76,263464
Melia,2025-09-03,7.89,0.07,0.96,7.92,7.83,151859
Melia,2025-09-04,7.97,0.09,1.08,7.98,7.81,163637
Melia,2025-09-05,7.95,-0.03,-0.38,8.02,7.91,152778
Melia,2025-09-08,7.97,0.02,0.31,8.01,7.93,178915
Melia,2025-09-09,7.99,0.03,0.31,8.04,7.91,153281
Melia,2025-09-10,7.89,-0.11,-1.31,8.04,7.89,137798
Melia,2025-09-11,7.95,0.06,0.7,7.95,7.85,150963
Melia,2025-09-12,7.95,0.0,0.06,7.99,7.88,125139
Melia,2025-09-15,7.72,-0.22,-2.83,7.99,7.7,382908
Melia,2025-09-16,7.69,-0.03,-0.45,7.76,7.66,177396
Melia,2025-09-17,7.7,0.01,0.13,7.76,7.69,218122
Melia,2025-09-18,7.58,-0.12,-1.56,7.81,7.57,288695
Melia,2025-09-19,7.56,-0.02,-0.26,7.67,7.52,392836
Melia,2025-09-22,7.5,-0.06,-0.79,7.56,7.47,234924
Melia,2025-09-23,7.44,-0.06,-0.8,7.57,7.43,156519
Melia,2025-09-24,7.41,-0.03,-0.34,7.46,7.36,481355
Melia,2025-09-25,7.39,-0.03,-0.4,7.4,7.31,245083
Melia,2025-09-26,7.45,0.06,0.88,7.49,7.4,175432
Melia,2025-09-29,7.42,-0.03,-0.4,7.52,7.42,135363
Melia,2025-09-30,7.41,-0.01,-0.2,7.45,7.37,185512
Melia,2025-10-01,7.31,-0.1,-1.28,7.46,7.3,280405
Melia,2025-10-02,7.39,0.09,1.16,7.44,7.32,255062
Melia,2025-10-03,7.51,0.11,1.49,7.53,7.39,228379
Melia,2025-10-06,7.63,0.12,1.67,7.64,7.47,222613
Melia,2025-10-07,7.54,-0.09,-1.18,7.67,7.54,269538
Melia,2025-10-08,7.59,0.05,0.66,7.65,7.51,208425
Melia,2025-10-09,7.37,-0.22,-2.9,7.7,7.33,671829
Melia,2025-10-10,7.25,-0.12,-1.63,7.41,7.25,463002
Melia,2025-10-13,7.22,-0.03,-0.34,7.34,7.19,190092
Melia,2025-10-14,7.18,-0.05,-0.62,7.21,7.11,258609
Melia,2025-10-15,7.18,0.0,0.0,7.26,7.17,225337
Melia,2025-10-16,7.17,-0.01,-0.14,7.19,7.08,264901
Melia,2025-10-17,7.15,-0.02,-0.28,7.22,7.04,338107
Melia,2025-10-20,7.26,0.11,1.47,7.26,7.16,190133
Melia,2025-10-21,7.3,0.05,0.62,7.31,7.21,160548
Melia,2025-10-22,7.43,0.13,1.85,7.43,7.31,277001
Melia,2025-10-23,7.36,-0.07,-1.01,7.43,7.36,186548
Melia,2025-10-24,7.36,0.0,0.0,7.45,7.36,379548
Melia,2025-10-27,7.41,0.05,0.61,7.45,7.36,194202
Melia,2025-10-28,7.39,-0.02,-0.27,7.41,7.32,181051
Melia,2025-10-29,7.26,-0.12,-1.69,7.36,7.15,258619
Melia,2025-10-30,7.22,-0.04,-0.48,7.28,7.2,241848
Melia,2025-10-31,7.18,-0.05,-0.62,7.31,7.14,307787
Melia,2025-11-03,7.13,-0.05,-0.7,7.18,7.05,209258
Melia,2025-11-04,7.09,-0.04,-0.56,7.11,7.05,242861
Melia,2025-11-05,7.18,0.09,1.2,7.18,7.01,212855
Melia,2025-11-06,7.03,-0.15,-2.09,7.16,7.03,191836
Melia,2025-11-07,7.09,0.06,0.85,7.09,7.01,175432
Melia,2025-11-10,7.17,0.09,1.2,7.2,7.14,188531
Melia,2025-11-11,7.24,0.07,0.91,7.24,7.14,131987
Melia,2025-11-12,7.33,0.09,1.31,7.34,7.21,194578
Melia,2025-11-13,7.26,-0.07,-0.95,7.35,7.26,144500
Melia,2025-11-14,7.1,-0.16,-2.2,7.22,7.06,162595
Melia,2025-11-17,7.14,0.04,0.56,7.16,7.08,164088
Melia,2025-11-18,6.95,-0.19,-2.66,7.03,6.91,271519
Melia,2025-11-19,6.93,-0.02,-0.29,6.97,6.82,295905
Melia,2025-11-20,6.84,-0.09,-1.3,6.99,6.84,266709
Melia,2025-11-21,6.91,0.07,0.95,6.91,6.74,283006
Melia,2025-11-24,7.03,0.13,1.88,7.07,6.95,288172
Melia,2025-11-25,7.15,0.12,1.63,7.15,6.93,222631
Melia,2025-11-26,7.2,0.05,0.7,7.2,7.08,192423
Melia,2025-11-27,7.29,0.09,1.25,7.32,7.18,160744
Melia,2025-11-28,7.29,0.0,0.0,7.34,7.26,87515
Melia,2025-12-01,7.35,0.06,0.82,7.36,7.23,211994
Melia,2025-12-02,7.24,-0.11,-1.5,7.36,7.2,127494
Melia,2025-12-03,7.24,0.01,0.07,7.32,7.24,156634
Melia,2025-12-04,7.21,-0.03,-0.48,7.32,7.2,97197
Melia,2025-12-05,7.24,0.03,0.42,7.3,7.2,147901
Melia,2025-12-08,7.28,0.04,0.55,7.29,7.21,114118
Melia,2025-12-09,7.2,-0.09,-1.17,7.27,7.18,106593
Melia,2025-12-10,7.22,0.03,0.42,7.24,7.13,107306
Melia,2025-12-11,7.34,0.12,1.66,7.36,7.18,200282
Melia,2025-12-12,7.55,0.2,2.72,7.59,7.38,458859
Melia,2025-12-15,7.57,0.03,0.33,7.68,7.53,278972
Melia,2025-12-16,7.59,0.02,0.26,7.68,7.59,142217
Melia,2025-12-17,7.61,0.02,0.33,7.63,7.52,139190
Melia,2025-12-18,7.68,0.07,0.92,7.7,7.56,179250
Melia,2025-12-19,7.76,0.08,0.98,7.82,7.66,553613
Melia,2025-12-22,7.94,0.18,2.32,7.95,7.72,267632
Melia,2025-12-23,7.81,-0.13,-1.64,7.94,7.8,199916
Melia,2025-12-24,7.78,-0.03,-0.45,7.87,7.78,59089
Melia,2025-12-29,7.84,0.07,0.84,7.84,7.74,186079
Melia,2025-12-30,7.95,0.11,1.47,7.98,7.78,222037
Melia,2025-12-31,7.92,-0.03,-0.44,8.01,7.7,162324
Melia,2026-01-02,7.91,-0.01,-0.06,8.0,7.85,236865
Melia,2026-01-05,8.08,0.16,2.08,8.08,7.89,281567
Melia,2026-01-06,8.09,0.01,0.12,8.09,7.96,161837
Melia,2026-01-07,8.01,-0.09,-1.05,8.1,7.93,174173
Melia,2026-01-08,8.1,0.1,1.19,8.1,7.98,425628
Melia,2026-01-09,8.07,-0.03,-0.37,8.15,8.03,171427
Melia,2026-01-12,7.98,-0.09,-1.12,8.08,7.95,137778
Melia,2026-01-13,7.91,-0.07,-0.88,7.99,7.84,195038
Melia,2026-01-14,7.85,-0.06,-0.76,7.97,7.8,203785
Melia,2026-01-15,7.73,-0.12,-1.53,7.86,7.7,271615
Melia,2026-01-16,7.78,0.05,0.58,7.84,7.65,189834
Melia,2026-01-19,7.66,-0.11,-1.41,7.71,7.56,178017
Melia,2026-01-20,7.42,-0.24,-3.2,7.57,7.37,451489
Melia,2026-01-21,7.43,0.01,0.07,7.49,7.28,275953
Melia,2026-01-22,7.66,0.23,3.1,7.66,7.49,225256
Melia,2026-01-23,7.57,-0.09,-1.11,7.64,7.46,175098
Melia,2026-01-26,7.41,-0.16,-2.05,7.53,7.36,342567
Melia,2026-01-27,7.36,-0.05,-0.74,7.47,7.34,288682
Melia,2026-01-28,7.4,0.04,0.54,7.42,7.26,193444
Melia,2026-01-29,7.39,-0.01,-0.14,7.47,7.34,206377
Melia,2026-01-30,7.53,0.14,1.89,7.61,7.39,392834
Melia,2026-02-02,7.65,0.12,1.59,7.67,7.47,346800
Melia,2026-02-03,7.52,-0.13,-1.7,7.7,7.51,457348
Melia,2026-02-04,7.74,0.22,2.99,7.85,7.46,393833
Melia,2026-02-05,7.76,0.02,0.26,7.82,7.68,278035
Melia,2026-02-06,7.75,-0.01,-0.19,7.8,7.62,308780
Melia,2026-02-09,7.89,0.14,1.81,7.89,7.75,256906
Melia,2026-02-10,7.9,0.01,0.13,7.94,7.78,283405
Melia,2026-02-11,7.77,-0.13,-1.65,7.95,7.75,282991
Melia,2026-02-12,7.9,0.13,1.67,7.91,7.76,244677
Melia,2026-02-13,7.88,-0.02,-0.25,7.95,7.82,215292
Melia,2026-02-16,7.97,0.09,1.08,8.11,7.9,517918
Melia,2026-02-17,8.07,0.11,1.38,8.07,7.91,351944
Melia,2026-02-18,8.05,-0.02,-0.31,8.1,7.88,323202
Melia,2026-02-19,7.96,-0.09,-1.12,8.05,7.89,231645
Melia,2026-02-20,8.1,0.14,1.82,8.15,7.89,354340
Melia,2026-02-23,7.93,-0.17,-2.16,8.13,7.89,401931
Melia,2026-02-24,8.02,0.09,1.07,8.02,7.88,336220
Melia,2026-02-25,7.94,-0.08,-0.94,8.01,7.89,321431
Melia,2026-02-26,8.5,0.56,7.05,8.5,7.81,841532
Melia,2026-02-27,8.34,-0.16,-1.88,8.59,8.3,708498
Melia,2026-03-02,7.99,-0.35,-4.14,8.06,7.8,704105
Melia,2026-03-03,7.8,-0.19,-2.38,8.0,7.7,583817
Melia,2026-03-04,8.06,0.25,3.2,8.06,7.62,380859
Melia,2026-03-05,8.05,-0.01,-0.06,8.2,7.93,458651
Melia,2026-03-06,8.02,-0.03,-0.37,8.14,7.92,379543
Melia,2026-03-09,7.79,-0.23,-2.87,7.88,7.68,376820
Melia,2026-03-10,8.01,0.22,2.76,8.01,7.87,442917
Melia,2026-03-11,8.42,0.41,5.18,8.44,7.97,747035
Melia,2026-03-12,8.7,0.28,3.33,8.83,8.35,1242709
Melia,2026-03-13,8.56,-0.14,-1.61,8.69,8.45,492615
Melia,2026-03-16,8.75,0.19,2.22,8.75,8.46,325294
Merlin,2025-03-17,9.47,0.0,0.0,9.48,9.33,496617
Merlin,2025-03-18,9.46,-0.01,-0.1,9.53,9.4,708146
Merlin,2025-03-19,9.39,-0.06,-0.66,9.43,9.34,919082
Merlin,2025-03-20,9.49,0.09,0.97,9.5,9.41,693531
Merlin,2025-03-21,9.53,0.04,0.46,9.53,9.4,5353611
Merlin,2025-03-24,9.46,-0.07,-0.71,9.61,9.43,594923
Merlin,2025-03-25,9.49,0.03,0.31,9.61,9.45,991553
Merlin,2025-03-26,9.49,0.0,0.0,9.53,9.39,616933
Merlin,2025-03-27,9.51,0.02,0.2,9.57,9.44,744185
Merlin,2025-03-28,9.62,0.11,1.16,9.69,9.53,731435
Merlin,2025-03-31,9.49,-0.13,-1.35,9.69,9.44,1047497
Merlin,2025-04-01,9.54,0.05,0.56,9.63,9.49,680076
Merlin,2025-04-02,9.48,-0.06,-0.66,9.57,9.46,670438
Merlin,2025-04-03,9.34,-0.14,-1.47,9.77,9.26,1588067
Merlin,2025-04-04,8.75,-0.59,-6.29,9.36,8.71,2534941
Merlin,2025-04-07,8.39,-0.37,-4.18,8.85,8.25,1952425
Merlin,2025-04-08,8.7,0.31,3.73,8.77,8.3,2067355
Merlin,2025-04-09,8.29,-0.41,-4.7,8.57,8.17,2262570
Merlin,2025-04-10,8.7,0.41,4.94,9.12,8.68,1357075
Merlin,2025-04-11,8.75,0.05,0.55,8.77,8.54,911345
Merlin,2025-04-14,8.97,0.22,2.53,9.01,8.78,515943
Merlin,2025-04-15,9.15,0.18,1.99,9.18,9.04,716409
Merlin,2025-04-16,9.22,0.07,0.74,9.22,9.08,630350
Merlin,2025-04-17,9.28,0.07,0.73,9.31,9.13,493136
Merlin,2025-04-22,9.31,0.03,0.31,9.4,9.24,552588
Merlin,2025-04-23,9.36,0.05,0.52,9.48,9.3,1138206
Merlin,2025-04-24,9.37,0.0,0.05,9.47,9.34,476811
Merlin,2025-04-25,9.42,0.05,0.57,9.46,9.36,617540
Merlin,2025-04-28,9.47,0.05,0.56,9.51,9.43,646970
Merlin,2025-04-29,9.51,0.04,0.41,9.61,9.47,506961
Merlin,2025-04-30,9.59,0.08,0.86,9.59,9.41,864626
Merlin,2025-05-02,9.68,0.09,0.9,9.77,9.59,801306
Merlin,2025-05-05,9.81,0.13,1.39,9.85,9.69,448014
Merlin,2025-05-06,9.92,0.11,1.08,9.96,9.79,785606
Merlin,2025-05-07,9.89,-0.03,-0.29,9.96,9.77,869841
Merlin,2025-05-08,9.81,-0.08,-0.8,9.92,9.73,1064535
Merlin,2025-05-09,9.92,0.11,1.1,10.0,9.85,799771
Merlin,2025-05-12,10.04,0.12,1.19,10.05,9.82,1179533
Merlin,2025-05-13,10.06,0.02,0.2,10.19,10.01,742773
Merlin,2025-05-14,10.38,0.32,3.23,10.56,10.25,1377156
Merlin,2025-05-15,10.5,0.12,1.14,10.5,10.21,786252
Merlin,2025-05-16,10.47,-0.03,-0.28,10.6,10.43,763169
Merlin,2025-05-19,10.43,-0.04,-0.38,10.48,10.35,478442
Merlin,2025-05-20,10.49,0.06,0.57,10.54,10.41,736043
Merlin,2025-05-21,10.46,-0.03,-0.28,10.51,10.4,420087
Merlin,2025-05-22,10.39,-0.07,-0.66,10.46,10.32,816896
Merlin,2025-05-23,10.38,-0.01,-0.09,10.49,10.13,988043
Merlin,2025-05-26,10.47,0.09,0.85,10.53,10.39,437653
Merlin,2025-05-27,10.54,0.07,0.66,10.54,10.36,1056701
Merlin,2025-05-28,10.55,0.01,0.09,10.66,10.51,621907
Merlin,2025-05-29,10.63,0.08,0.75,10.68,10.52,473900
Merlin,2025-05-30,10.73,0.1,0.93,10.74,10.65,1074349
Merlin,2025-06-02,10.61,-0.12,-1.1,10.69,10.51,594225
Merlin,2025-06-03,10.52,-0.09,-0.83,10.7,10.52,785146
Merlin,2025-06-04,10.44,-0.08,-0.75,10.57,10.44,881490
Merlin,2025-06-05,10.41,-0.03,-0.28,10.58,10.38,831077
Merlin,2025-06-06,10.59,0.18,1.7,10.59,10.46,501081
Merlin,2025-06-09,10.66,0.07,0.65,10.69,10.56,384379
Merlin,2025-06-10,10.76,0.1,0.92,10.8,10.67,624377
Merlin,2025-06-11,10.78,0.02,0.18,10.8,10.71,574222
Merlin,2025-06-12,10.61,-0.17,-1.55,10.74,10.59,390827
Merlin,2025-06-13,10.52,-0.09,-0.83,10.59,10.45,599981
Merlin,2025-06-16,10.61,0.09,0.84,10.67,10.48,495128
Merlin,2025-06-17,10.65,0.04,0.37,10.68,10.46,968111
Merlin,2025-06-18,10.88,0.24,2.22,10.88,10.65,1078193
Merlin,2025-06-19,10.75,-0.14,-1.27,10.83,10.73,643996
Merlin,2025-06-20,10.75,0.0,0.0,10.88,10.75,2705483
Merlin,2025-06-23,10.79,0.04,0.37,10.87,10.67,574240
Merlin,2025-06-24,10.83,0.05,0.46,10.94,10.78,703580
Merlin,2025-06-25,10.71,-0.13,-1.18,10.9,10.71,503598
Merlin,2025-06-26,10.83,0.13,1.19,10.88,10.73,870907
Merlin,2025-06-27,10.9,0.07,0.64,10.92,10.82,1048583
Merlin,2025-06-30,10.95,0.05,0.45,11.11,10.95,1550525
Merlin,2025-07-01,11.11,0.16,1.44,11.12,10.98,809567
Merlin,2025-07-02,10.97,-0.14,-1.24,11.15,10.89,954395
Merlin,2025-07-03,11.06,0.09,0.81,11.09,11.0,750014
Merlin,2025-07-04,10.98,-0.08,-0.71,11.07,10.93,483752
Merlin,2025-07-07,10.88,-0.1,-0.9,11.01,10.88,558073
Merlin,2025-07-08,10.83,-0.06,-0.54,10.89,10.8,571126
Merlin,2025-07-09,11.06,0.24,2.18,11.09,10.87,800869
Merlin,2025-07-10,11.01,-0.05,-0.44,11.11,10.97,636395
Merlin,2025-07-11,10.99,-0.02,-0.18,11.01,10.88,970088
Merlin,2025-07-14,11.13,0.14,1.25,11.13,10.9,1452757
Merlin,2025-07-15,11.18,0.05,0.44,11.28,11.1,878877
Merlin,2025-07-16,11.23,0.05,0.44,11.28,11.09,725381
Merlin,2025-07-17,11.38,0.15,1.31,11.43,11.19,685639
Merlin,2025-07-18,11.3,-0.08,-0.69,11.45,11.24,580141
Merlin,2025-07-21,11.45,0.15,1.31,11.46,11.36,473565
Merlin,2025-07-22,11.47,0.03,0.26,11.5,11.41,501652
Merlin,2025-07-23,11.5,0.03,0.26,11.57,11.45,887325
Merlin,2025-07-24,11.68,0.18,1.54,11.68,11.5,724669
Merlin,2025-07-25,11.53,-0.15,-1.26,11.68,11.49,624484
Merlin,2025-07-28,11.59,0.06,0.51,11.72,11.56,480811
Merlin,2025-07-29,11.66,0.07,0.59,11.7,11.53,521545
Merlin,2025-07-30,11.72,0.06,0.51,11.76,11.57,466436
Merlin,2025-07-31,11.99,0.27,2.27,12.34,11.95,1838756
Merlin,2025-08-01,11.95,-0.04,-0.33,12.0,11.79,809210
Merlin,2025-08-04,12.24,0.3,2.47,12.24,11.96,804607
Merlin,2025-08-05,12.44,0.2,1.61,12.49,12.24,874134
Merlin,2025-08-06,12.69,0.25,1.98,12.69,12.39,669066
Merlin,2025-08-07,12.71,0.03,0.23,12.88,12.69,1108239
Merlin,2025-08-08,13.05,0.33,2.63,13.06,12.78,891605
Merlin,2025-08-11,12.91,-0.14,-1.06,13.15,12.88,904817
Merlin,2025-08-12,12.78,-0.13,-0.99,12.98,12.78,582020
Merlin,2025-08-13,12.73,-0.05,-0.38,12.93,12.69,870587
Merlin,2025-08-14,12.73,0.0,0.0,12.85,12.67,794753
Merlin,2025-08-15,12.69,-0.04,-0.31,12.79,12.66,1033684
Merlin,2025-08-18,12.66,-0.04,-0.31,12.75,12.51,893599
Merlin,2025-08-19,12.6,-0.06,-0.47,12.71,12.6,992615
Merlin,2025-08-20,12.59,-0.01,-0.08,12.64,12.54,878847
Merlin,2025-08-21,12.58,-0.01,-0.08,12.62,12.54,768173
Merlin,2025-08-22,12.82,0.25,1.96,12.82,12.57,493291
Merlin,2025-08-25,12.66,-0.17,-1.3,12.79,12.64,404217
Merlin,2025-08-26,12.62,-0.04,-0.31,12.69,12.47,631903
Merlin,2025-08-27,12.64,0.02,0.16,12.7,12.57,509905
Merlin,2025-08-28,12.58,-0.06,-0.47,12.7,12.43,547783
Merlin,2025-08-29,12.53,-0.05,-0.39,12.65,12.5,529028
Merlin,2025-09-01,12.45,-0.08,-0.63,12.6,12.45,393230
Merlin,2025-09-02,12.17,-0.28,-2.21,12.45,12.09,831663
Merlin,2025-09-03,12.23,0.06,0.49,12.31,12.11,703366
Merlin,2025-09-04,12.24,0.01,0.08,12.3,12.12,504971
Merlin,2025-09-05,12.31,0.07,0.56,12.4,12.2,583508
Merlin,2025-09-08,12.33,0.02,0.16,12.41,12.32,486589
Merlin,2025-09-09,12.49,0.16,1.28,12.51,12.36,991906
Merlin,2025-09-10,12.73,0.25,1.97,12.87,12.53,1022297
Merlin,2025-09-11,12.8,0.07,0.54,12.82,12.69,1026972
Merlin,2025-09-12,12.77,-0.03,-0.23,12.82,12.7,754563
Merlin,2025-09-15,12.7,-0.07,-0.54,12.86,12.7,994871
Merlin,2025-09-16,12.37,-0.33,-2.63,12.77,12.34,878660
Merlin,2025-09-17,12.44,0.07,0.56,12.45,12.35,688701
Merlin,2025-09-18,12.58,0.14,1.11,12.63,12.43,776794
Merlin,2025-09-19,12.67,0.09,0.7,12.68,12.56,2420686
Merlin,2025-09-22,12.52,-0.15,-1.17,12.64,12.48,327466
Merlin,2025-09-23,12.52,0.0,0.0,12.64,12.51,380679
Merlin,2025-09-24,12.57,0.05,0.39,12.62,12.44,630785
Merlin,2025-09-25,12.42,-0.15,-1.17,12.53,12.4,532498
Merlin,2025-09-26,12.55,0.13,1.03,12.57,12.34,338986
Merlin,2025-09-29,12.52,-0.03,-0.24,12.6,12.38,399100
Merlin,2025-09-30,12.64,0.12,0.94,12.64,12.45,622990
Merlin,2025-10-01,12.59,-0.05,-0.39,12.65,12.41,688139
Merlin,2025-10-02,12.69,0.11,0.86,12.73,12.51,660708
Merlin,2025-10-03,12.92,0.23,1.78,13.02,12.75,858429
Merlin,2025-10-06,12.96,0.04,0.3,13.02,12.82,809755
Merlin,2025-10-07,13.01,0.05,0.38,13.15,12.85,871880
Merlin,2025-10-08,13.14,0.13,0.98,13.14,13.02,1081222
Merlin,2025-10-09,13.15,0.01,0.07,13.24,13.09,590522
Merlin,2025-10-10,13.05,-0.1,-0.75,13.35,13.05,1185954
Merlin,2025-10-13,13.15,0.1,0.75,13.18,12.94,652528
Merlin,2025-10-14,13.14,-0.01,-0.07,13.27,13.06,846304
Merlin,2025-10-15,13.05,-0.09,-0.67,13.19,12.92,782179
Merlin,2025-10-16,13.39,0.34,2.64,13.39,13.07,651918
Merlin,2025-10-17,13.22,-0.18,-1.32,13.33,13.07,886761
Merlin,2025-10-20,13.31,0.1,0.74,13.34,13.21,499798
Merlin,2025-10-21,13.37,0.06,0.44,13.43,13.33,603111
Merlin,2025-10-22,13.55,0.18,1.32,13.62,13.41,1214391
Merlin,2025-10-23,13.58,0.03,0.22,13.69,13.47,839543
Merlin,2025-10-24,13.52,-0.06,-0.43,13.6,13.33,613138
Merlin,2025-10-27,13.55,0.03,0.22,13.59,13.49,460155
Merlin,2025-10-28,13.51,-0.04,-0.29,13.61,13.44,619397
Merlin,2025-10-29,13.38,-0.13,-0.95,13.57,13.36,684830
Merlin,2025-10-30,13.35,-0.03,-0.22,13.36,13.08,692419
Merlin,2025-10-31,13.3,-0.06,-0.44,13.38,13.27,630876
Merlin,2025-11-03,13.24,-0.06,-0.44,13.34,13.22,593254
Merlin,2025-11-04,13.33,0.1,0.74,13.4,13.1,695880
Merlin,2025-11-05,13.22,-0.12,-0.89,13.32,13.09,1135912
Merlin,2025-11-06,13.19,-0.03,-0.22,13.29,13.14,499957
Merlin,2025-11-07,13.06,-0.13,-0.97,13.25,13.02,488113
Merlin,2025-11-10,13.02,-0.04,-0.3,13.14,13.0,604986
Merlin,2025-11-11,13.11,0.09,0.68,13.11,12.93,1052772
Merlin,2025-11-12,13.15,0.04,0.3,13.23,13.07,630188
Merlin,2025-11-13,13.13,-0.02,-0.15,13.31,13.11,782357
Merlin,2025-11-14,12.45,-0.68,-5.17,12.78,12.09,2487061
Merlin,2025-11-17,12.53,0.08,0.63,12.57,12.28,1222399
Merlin,2025-11-18,12.44,-0.09,-0.71,12.6,12.36,868292
Merlin,2025-11-19,12.33,-0.11,-0.87,12.47,12.25,1249388
Merlin,2025-11-20,12.38,0.05,0.4,12.6,12.38,926660
Merlin,2025-11-21,12.37,-0.01,-0.08,12.43,12.21,976189
Merlin,2025-11-24,12.43,0.06,0.49,12.45,12.31,912209
Merlin,2025-11-25,12.41,-0.02,-0.16,12.53,12.36,1113779
Merlin,2025-11-26,12.46,0.05,0.4,12.53,12.35,542234
Merlin,2025-11-27,12.68,0.22,1.77,12.68,12.43,656285
Merlin,2025-11-28,12.72,0.04,0.32,12.75,12.62,467889
Merlin,2025-12-01,12.7,-0.02,-0.16,12.77,12.56,658950
Merlin,2025-12-02,12.63,-0.07,-0.55,12.78,12.61,609087
Merlin,2025-12-03,12.58,-0.05,-0.4,12.68,12.55,838070
Merlin,2025-12-04,12.48,-0.1,-0.79,12.65,12.48,876916
Merlin,2025-12-05,12.38,-0.1,-0.8,12.52,12.38,697719
Merlin,2025-12-08,12.21,-0.17,-1.37,12.45,12.21,873611
Merlin,2025-12-09,12.09,-0.12,-0.98,12.24,12.05,2348844
Merlin,2025-12-10,12.18,0.09,0.74,12.2,11.99,953554
Merlin,2025-12-11,12.27,0.09,0.74,12.27,12.11,525045
Merlin,2025-12-12,12.1,-0.17,-1.39,12.33,12.1,2304283
Merlin,2025-12-15,12.14,0.04,0.33,12.24,12.11,580638
Merlin,2025-12-16,12.16,0.02,0.16,12.25,12.11,547818
Merlin,2025-12-17,11.88,-0.28,-2.3,12.21,11.81,1180561
Merlin,2025-12-18,12.11,0.23,1.94,12.12,11.85,1662911
Merlin,2025-12-19,12.28,0.17,1.4,12.28,12.02,1688466
Merlin,2025-12-22,12.28,0.0,0.0,12.3,12.1,516310
Merlin,2025-12-23,12.27,-0.01,-0.08,12.36,12.22,480627
Merlin,2025-12-24,12.27,0.0,0.0,12.3,12.23,114459
Merlin,2025-12-29,12.34,0.07,0.57,12.38,12.24,616785
Merlin,2025-12-30,12.42,0.08,0.65,12.45,12.31,338156
Merlin,2025-12-31,12.43,0.01,0.08,12.44,12.35,267311
Merlin,2026-01-02,12.33,-0.1,-0.8,12.42,12.29,419302
Merlin,2026-01-05,12.47,0.14,1.14,12.52,12.24,716731
Merlin,2026-01-06,12.52,0.05,0.4,12.69,12.41,676338
Merlin,2026-01-07,12.83,0.31,2.48,12.86,12.53,861570
Merlin,2026-01-08,12.74,-0.09,-0.7,12.97,12.7,720123
Merlin,2026-01-09,12.41,-0.33,-2.59,12.8,12.37,1135821
Merlin,2026-01-12,12.64,0.23,1.85,12.64,12.35,814872
Merlin,2026-01-13,12.41,-0.23,-1.82,12.63,12.36,746738
Merlin,2026-01-14,12.41,0.0,0.0,12.5,12.33,942257
Merlin,2026-01-15,12.39,-0.02,-0.16,12.47,12.22,1478657
Merlin,2026-01-16,12.49,0.1,0.81,12.67,12.36,1627480
Merlin,2026-01-19,12.39,-0.1,-0.8,12.45,12.35,659961
Merlin,2026-01-20,12.22,-0.17,-1.37,12.42,12.18,1491875
Merlin,2026-01-21,12.25,0.03,0.25,12.3,12.15,957650
Merlin,2026-01-22,12.32,0.07,0.57,12.42,12.27,1393586
Merlin,2026-01-23,12.36,0.04,0.32,12.38,12.25,683721
Merlin,2026-01-26,12.38,0.02,0.16,12.5,12.34,781960
Merlin,2026-01-27,12.52,0.14,1.13,12.52,12.37,1172845
Merlin,2026-01-28,12.72,0.2,1.6,12.72,12.51,894775
Merlin,2026-01-29,12.38,-0.34,-2.67,12.66,12.38,813261
Merlin,2026-01-30,12.51,0.13,1.05,12.59,12.38,1076064
Merlin,2026-02-02,12.46,-0.05,-0.4,12.62,12.45,801059
Merlin,2026-02-03,12.9,0.44,3.53,12.93,12.47,1295856
Merlin,2026-02-04,12.84,-0.06,-0.47,13.09,12.76,981715
Merlin,2026-02-05,12.87,0.03,0.23,12.92,12.64,1110607
Merlin,2026-02-06,12.98,0.11,0.85,13.01,12.78,646464
Merlin,2026-02-09,13.29,0.31,2.39,13.29,12.98,1079480
Merlin,2026-02-10,13.26,-0.03,-0.23,13.3,13.08,841873
Merlin,2026-02-11,13.42,0.16,1.21,13.46,13.21,519876
Merlin,2026-02-12,13.19,-0.23,-1.71,13.45,13.14,1121977
Merlin,2026-02-13,13.34,0.15,1.14,13.44,13.06,898462
Merlin,2026-02-16,13.43,0.09,0.67,13.46,13.26,657052
Merlin,2026-02-17,13.71,0.28,2.08,13.74,13.37,620218
Merlin,2026-02-18,13.62,-0.09,-0.66,13.87,13.62,915452
Merlin,2026-02-19,13.83,0.21,1.54,13.85,13.56,997700
Merlin,2026-02-20,13.83,0.0,0.0,13.96,13.75,1027777
Merlin,2026-02-23,13.89,0.06,0.43,13.89,13.68,939489
Merlin,2026-02-24,14.05,0.16,1.15,14.25,13.78,1101085
Merlin,2026-02-25,14.18,0.13,0.93,14.33,14.01,1606621
Merlin,2026-02-26,14.29,0.11,0.78,14.48,14.16,1717088
Merlin,2026-02-27,15.01,0.72,5.04,15.36,14.36,3403781
Merlin,2026-03-02,14.65,-0.36,-2.4,14.89,14.2,1894942
Merlin,2026-03-03,14.13,-0.52,-3.55,14.44,13.94,2979724
Merlin,2026-03-04,14.57,0.44,3.11,14.57,13.87,3178953
Merlin,2026-03-05,14.5,-0.07,-0.48,14.91,14.49,2029428
Merlin,2026-03-06,14.22,-0.28,-1.93,14.58,14.09,1394255
Merlin,2026-03-09,13.71,-0.51,-3.59,13.79,13.4,1324799
Merlin,2026-03-10,14.0,0.29,2.12,14.29,13.33,2160871
Merlin,2026-03-11,13.7,-0.3,-2.14,14.06,13.68,1435667
Merlin,2026-03-12,13.63,-0.07,-0.51,13.68,13.28,1449137
Merlin,2026-03-13,13.41,-0.22,-1.61,13.76,13.41,1367032
Merlin,2026-03-16,13.92,0.51,3.8,14.15,13.6,2836352
Naturgy,2025-03-17,23.53,0.0,0.0,23.59,23.38,233249
Naturgy,2025-03-18,23.55,0.02,0.08,23.59,23.44,227124
Naturgy,2025-03-19,23.48,-0.07,-0.32,23.63,23.48,218284
Naturgy,2025-03-20,23.61,0.13,0.56,23.81,23.53,241095
Naturgy,2025-03-21,23.52,-0.09,-0.4,23.85,23.52,1826728
Naturgy,2025-03-24,23.37,-0.15,-0.63,23.72,23.37,427178
Naturgy,2025-03-25,23.89,0.52,2.24,23.89,23.42,434391
Naturgy,2025-03-26,23.85,-0.04,-0.16,24.04,23.8,348310
Naturgy,2025-03-27,23.91,0.06,0.23,24.06,23.78,341905
Naturgy,2025-03-28,24.06,0.15,0.62,24.13,23.8,286352
Naturgy,2025-03-31,24.0,-0.06,-0.23,24.22,23.89,743687
Naturgy,2025-04-01,24.22,0.22,0.93,24.22,23.87,323805
Naturgy,2025-04-02,24.32,0.09,0.39,24.34,24.11,231962
Naturgy,2025-04-03,24.49,0.17,0.69,24.52,24.26,319923
Naturgy,2025-04-04,23.57,-0.91,-3.73,24.5,23.5,619371
Naturgy,2025-04-07,22.73,-0.84,-3.57,23.25,22.31,1165301
Naturgy,2025-04-08,22.83,0.1,0.42,23.0,22.41,422138
Naturgy,2025-04-09,22.52,-0.31,-1.34,22.67,22.27,529569
Naturgy,2025-04-10,23.19,0.67,2.97,23.4,22.84,372115
Naturgy,2025-04-11,23.27,0.08,0.33,23.34,23.11,269483
Naturgy,2025-04-14,23.48,0.21,0.9,23.55,23.25,449308
Naturgy,2025-04-15,23.8,0.32,1.38,23.8,23.44,452539
Naturgy,2025-04-16,24.16,0.36,1.53,24.22,23.63,570932
Naturgy,2025-04-17,24.28,0.11,0.47,24.43,24.03,221372
Naturgy,2025-04-22,24.47,0.19,0.79,24.55,24.18,184995
Naturgy,2025-04-23,24.51,0.04,0.16,24.58,24.26,372045
Naturgy,2025-04-24,24.76,0.25,1.01,24.83,24.55,365942
Naturgy,2025-04-25,24.79,0.04,0.15,24.93,24.72,225048
Naturgy,2025-04-28,25.01,0.21,0.85,25.01,24.79,382355
Naturgy,2025-04-29,25.14,0.13,0.54,25.2,24.87,320822
Naturgy,2025-04-30,25.08,-0.06,-0.23,25.14,24.93,293993
Naturgy,2025-05-02,24.83,-0.25,-0.99,25.08,24.7,258447
Naturgy,2025-05-05,25.01,0.17,0.69,25.08,24.83,115652
Naturgy,2025-05-06,25.02,0.02,0.08,25.1,24.93,412338
Naturgy,2025-05-07,25.06,0.04,0.15,25.08,24.95,194016
Naturgy,2025-05-08,24.66,-0.4,-1.6,24.99,24.62,253760
Naturgy,2025-05-09,24.64,-0.02,-0.08,24.83,24.62,158028
Naturgy,2025-05-12,24.28,-0.36,-1.47,24.7,24.11,317662
Naturgy,2025-05-13,24.37,0.1,0.39,24.72,24.34,267571
Naturgy,2025-05-14,24.57,0.19,0.78,24.6,24.3,226111
Naturgy,2025-05-15,24.78,0.21,0.86,24.78,24.45,164486
Naturgy,2025-05-16,25.02,0.25,1.0,25.02,24.81,310974
Naturgy,2025-05-19,25.06,0.04,0.15,25.1,24.81,201124
Naturgy,2025-05-20,25.33,0.27,1.07,25.33,25.06,783240
Naturgy,2025-05-21,25.33,0.0,0.0,25.35,25.2,259077
Naturgy,2025-05-22,25.29,-0.04,-0.15,25.41,25.14,339846
Naturgy,2025-05-23,25.18,-0.11,-0.45,25.33,25.01,352070
Naturgy,2025-05-26,25.04,-0.13,-0.53,25.23,25.01,183585
Naturgy,2025-05-27,24.79,-0.25,-0.99,25.08,24.79,278087
Naturgy,2025-05-28,24.7,-0.1,-0.39,24.85,24.68,236883
Naturgy,2025-05-29,24.7,0.0,0.0,24.83,24.6,227544
Naturgy,2025-05-30,24.87,0.17,0.7,24.91,24.74,378809
Naturgy,2025-06-02,24.93,0.06,0.23,24.99,24.74,282071
Naturgy,2025-06-03,24.83,-0.1,-0.38,25.06,24.83,260760
Naturgy,2025-06-04,24.74,-0.1,-0.38,24.97,24.74,441854
Naturgy,2025-06-05,24.91,0.17,0.7,24.91,24.72,243845
Naturgy,2025-06-06,25.14,0.23,0.92,25.14,24.93,507833
Naturgy,2025-06-09,25.06,-0.08,-0.3,25.16,24.95,135452
Naturgy,2025-06-10,25.08,0.02,0.08,25.14,24.97,162888
Naturgy,2025-06-11,25.08,0.0,0.0,25.16,24.95,168013
Naturgy,2025-06-12,25.25,0.17,0.69,25.25,25.02,269629
Naturgy,2025-06-13,25.33,0.08,0.3,25.35,25.12,206700
Naturgy,2025-06-16,25.43,0.1,0.38,25.67,25.22,454265
Naturgy,2025-06-17,25.41,-0.02,-0.08,25.58,25.27,797066
Naturgy,2025-06-18,25.48,0.08,0.3,25.69,25.46,316632
Naturgy,2025-06-19,25.6,0.11,0.45,25.6,25.33,210629
Naturgy,2025-06-20,26.09,0.5,1.94,26.09,25.22,2678598
Naturgy,2025-06-23,26.21,0.11,0.44,26.27,25.87,682536
Naturgy,2025-06-24,26.15,-0.06,-0.22,26.55,26.08,769157
Naturgy,2025-06-25,25.44,-0.71,-2.7,26.17,25.31,560292
Naturgy,2025-06-26,25.33,-0.11,-0.45,25.62,25.25,377146
Naturgy,2025-06-27,25.64,0.31,1.21,25.73,25.27,300307
Naturgy,2025-06-30,25.81,0.17,0.67,25.94,25.69,283686
Naturgy,2025-07-01,26.02,0.21,0.81,26.27,25.73,427160
Naturgy,2025-07-02,25.96,-0.06,-0.22,26.15,25.83,316064
Naturgy,2025-07-03,26.04,0.08,0.29,26.09,25.83,268383
Naturgy,2025-07-04,26.3,0.27,1.03,26.32,25.92,248463
Naturgy,2025-07-07,26.06,-0.25,-0.94,26.25,25.98,236934
Naturgy,2025-07-08,26.13,0.08,0.29,26.15,25.96,258103
Naturgy,2025-07-09,26.11,-0.02,-0.07,26.25,26.09,245038
Naturgy,2025-07-10,25.9,-0.21,-0.81,26.21,25.85,208313
Naturgy,2025-07-11,25.92,0.02,0.07,25.98,25.75,193457
Naturgy,2025-07-14,25.98,0.06,0.22,26.0,25.79,218693
Naturgy,2025-07-15,25.81,-0.17,-0.66,26.02,25.79,228874
Naturgy,2025-07-16,25.81,0.0,0.0,25.9,25.79,194121
Naturgy,2025-07-17,25.81,0.0,0.0,25.88,25.73,245173
Naturgy,2025-07-18,25.85,0.04,0.15,25.92,25.71,396231
Naturgy,2025-07-21,26.09,0.25,0.96,26.09,25.9,239021
Naturgy,2025-07-22,26.32,0.23,0.88,26.44,26.0,317163
Naturgy,2025-07-23,26.08,-0.25,-0.94,26.59,25.6,718588
Naturgy,2025-07-24,26.17,0.1,0.37,26.52,25.85,443268
Naturgy,2025-07-25,26.29,0.11,0.44,26.32,25.96,362633
Naturgy,2025-07-28,26.07,-0.21,-0.82,26.46,26.03,387448
Naturgy,2025-07-29,26.15,0.08,0.3,26.17,25.86,302509
Naturgy,2025-07-30,26.5,0.35,1.35,26.5,26.09,224051
Naturgy,2025-07-31,26.85,0.35,1.33,26.85,26.46,460235
Naturgy,2025-08-01,26.68,-0.18,-0.66,26.87,26.6,330242
Naturgy,2025-08-04,27.26,0.59,2.2,27.26,26.66,1704291
Naturgy,2025-08-05,25.31,-1.95,-7.17,25.72,25.04,2545923
Naturgy,2025-08-06,25.88,0.57,2.24,25.88,25.29,2931603
Naturgy,2025-08-07,25.91,0.04,0.15,26.19,25.74,483331
Naturgy,2025-08-08,25.62,-0.29,-1.13,26.03,25.62,629241
Naturgy,2025-08-11,25.82,0.2,0.76,25.86,25.56,397627
Naturgy,2025-08-12,26.05,0.23,0.91,26.17,25.82,485375
Naturgy,2025-08-13,26.27,0.21,0.83,26.38,26.07,425498
Naturgy,2025-08-14,26.34,0.08,0.3,26.42,26.19,481793
Naturgy,2025-08-15,26.46,0.12,0.45,26.46,26.25,263850
Naturgy,2025-08-18,26.46,0.0,0.0,26.72,26.36,350421
Naturgy,2025-08-19,26.48,0.02,0.07,26.52,26.32,543770
Naturgy,2025-08-20,26.68,0.2,0.74,26.72,26.48,406395
Naturgy,2025-08-21,26.81,0.14,0.51,26.81,26.58,337503
Naturgy,2025-08-22,26.72,-0.1,-0.36,26.83,26.64,307621
Naturgy,2025-08-25,26.7,-0.02,-0.07,26.7,26.48,261147
Naturgy,2025-08-26,26.77,0.08,0.29,27.01,26.58,528303
Naturgy,2025-08-27,26.66,-0.12,-0.44,26.91,26.66,310659
Naturgy,2025-08-28,26.54,-0.12,-0.44,26.72,26.42,411582
Naturgy,2025-08-29,26.48,-0.06,-0.22,26.77,26.48,439018
Naturgy,2025-09-01,26.11,-0.37,-1.4,26.54,26.09,282545
Naturgy,2025-09-02,26.25,0.14,0.52,26.25,25.93,551314
Naturgy,2025-09-03,25.89,-0.35,-1.34,26.21,25.8,397620
Naturgy,2025-09-04,25.7,-0.2,-0.75,25.89,25.56,325323
Naturgy,2025-09-05,25.93,0.23,0.91,25.95,25.64,290333
Naturgy,2025-09-08,25.8,-0.14,-0.53,25.91,25.72,224707
Naturgy,2025-09-09,25.6,-0.2,-0.76,25.82,25.48,402632
Naturgy,2025-09-10,25.58,-0.02,-0.08,25.64,25.21,868570
Naturgy,2025-09-11,25.68,0.1,0.38,25.74,25.5,364881
Naturgy,2025-09-12,25.91,0.23,0.91,25.91,25.64,412869
Naturgy,2025-09-15,25.8,-0.12,-0.45,26.01,25.76,340216
Naturgy,2025-09-16,25.17,-0.63,-2.42,25.76,25.17,786217
Naturgy,2025-09-17,25.0,-0.18,-0.7,25.19,24.94,567236
Naturgy,2025-09-18,25.09,0.1,0.39,25.09,24.9,487410
Naturgy,2025-09-19,25.25,0.16,0.62,25.25,25.02,3402043
Naturgy,2025-09-22,25.45,0.2,0.77,25.54,25.21,295360
Naturgy,2025-09-23,25.48,0.04,0.15,25.56,25.41,212297
Naturgy,2025-09-24,25.84,0.35,1.38,25.88,25.56,467250
Naturgy,2025-09-25,26.15,0.31,1.21,26.29,25.72,445483
Naturgy,2025-09-26,26.23,0.08,0.3,26.31,26.07,257179
Naturgy,2025-09-29,25.95,-0.27,-1.04,26.32,25.86,371635
Naturgy,2025-09-30,25.86,-0.1,-0.38,25.97,25.68,364801
Naturgy,2025-10-01,25.82,-0.04,-0.15,25.99,25.66,351234
Naturgy,2025-10-02,25.89,0.08,0.3,25.89,25.5,462741
Naturgy,2025-10-03,26.27,0.37,1.43,26.27,25.84,1004927
Naturgy,2025-10-06,26.32,0.06,0.22,26.46,26.11,683311
Naturgy,2025-10-07,25.25,-1.07,-4.08,25.72,25.23,3073728
Naturgy,2025-10-08,25.37,0.12,0.46,25.45,25.29,730879
Naturgy,2025-10-09,25.37,0.0,0.0,25.5,25.29,647967
Naturgy,2025-10-10,25.54,0.18,0.69,25.74,25.37,1066223
Naturgy,2025-10-13,25.72,0.18,0.69,25.74,25.52,663418
Naturgy,2025-10-14,25.7,-0.02,-0.08,25.93,25.7,980739
Naturgy,2025-10-15,25.7,0.0,0.0,25.86,25.68,1773797
Naturgy,2025-10-16,25.89,0.2,0.76,25.89,25.68,943769
Naturgy,2025-10-17,26.03,0.14,0.53,26.05,25.76,534277
Naturgy,2025-10-20,26.05,0.02,0.08,26.27,26.01,569355
Naturgy,2025-10-21,25.89,-0.16,-0.6,26.19,25.89,523867
Naturgy,2025-10-22,25.86,-0.04,-0.15,26.15,25.86,583697
Naturgy,2025-10-23,25.82,-0.04,-0.15,25.93,25.78,340235
Naturgy,2025-10-24,25.93,0.12,0.45,25.93,25.68,428148
Naturgy,2025-10-27,26.07,0.14,0.53,26.07,25.84,2530789
Naturgy,2025-10-28,26.09,0.02,0.07,26.29,25.95,2495775
Naturgy,2025-10-29,25.97,-0.12,-0.45,26.54,25.88,4710847
Naturgy,2025-10-30,25.82,-0.16,-0.6,26.01,25.74,2189351
Naturgy,2025-10-31,25.68,-0.14,-0.53,25.84,25.48,2689166
Naturgy,2025-11-03,26.14,0.46,1.79,26.26,25.7,795970
Naturgy,2025-11-04,26.74,0.6,2.3,26.74,25.98,751002
Naturgy,2025-11-05,26.84,0.1,0.37,27.02,26.62,768367
Naturgy,2025-11-06,27.04,0.2,0.75,27.2,26.88,1017677
Naturgy,2025-11-07,27.24,0.2,0.74,27.4,27.12,1000006
Naturgy,2025-11-10,26.8,-0.44,-1.62,27.54,26.8,3518183
Naturgy,2025-11-11,26.46,-0.34,-1.27,27.0,26.46,896027
Naturgy,2025-11-12,26.8,0.34,1.28,26.8,26.4,6641222
Naturgy,2025-11-13,27.12,0.32,1.19,27.36,26.8,858423
Naturgy,2025-11-14,27.5,0.38,1.4,27.5,27.06,869583
Naturgy,2025-11-17,27.54,0.04,0.15,27.74,27.44,1236737
Naturgy,2025-11-18,27.2,-0.34,-1.23,27.48,27.16,484484
Naturgy,2025-11-19,26.88,-0.32,-1.18,27.34,26.88,530415
Naturgy,2025-11-20,27.0,0.12,0.45,27.1,26.78,645875
Naturgy,2025-11-21,26.42,-0.58,-2.15,27.12,26.42,818007
Naturgy,2025-11-24,26.38,-0.04,-0.15,26.6,26.34,17530402
Naturgy,2025-11-25,26.42,0.04,0.15,26.48,26.22,572625
Naturgy,2025-11-26,26.76,0.34,1.29,26.84,26.34,548446
Naturgy,2025-11-27,26.66,-0.1,-0.37,26.88,26.58,2602816
Naturgy,2025-11-28,26.52,-0.14,-0.53,26.66,26.34,582848
Naturgy,2025-12-01,26.56,0.04,0.15,26.56,26.36,773483
Naturgy,2025-12-02,27.04,0.48,1.81,27.04,26.48,2045208
Naturgy,2025-12-03,27.18,0.14,0.52,27.38,26.96,683799
Naturgy,2025-12-04,27.3,0.12,0.44,27.3,27.08,935573
Naturgy,2025-12-05,26.74,-0.56,-2.05,27.14,26.72,625354
Naturgy,2025-12-08,26.42,-0.32,-1.2,26.96,26.4,825149
Naturgy,2025-12-09,26.22,-0.2,-0.76,26.46,26.08,890139
Naturgy,2025-12-10,26.16,-0.06,-0.23,26.32,26.08,596673
Naturgy,2025-12-11,24.42,-1.74,-6.65,24.86,24.36,4811016
Naturgy,2025-12-12,24.46,0.04,0.16,24.64,24.3,2783943
Naturgy,2025-12-15,24.5,0.04,0.16,24.72,24.5,6334456
Naturgy,2025-12-16,24.56,0.06,0.24,24.68,24.48,1351063
Naturgy,2025-12-17,24.74,0.18,0.73,24.8,24.54,2669855
Naturgy,2025-12-18,25.18,0.44,1.78,25.18,24.78,2017429
Naturgy,2025-12-19,24.8,-0.38,-1.51,25.34,24.8,6715482
Naturgy,2025-12-22,25.02,0.22,0.89,25.02,24.7,864516
Naturgy,2025-12-23,25.3,0.28,1.12,25.34,25.08,805661
Naturgy,2025-12-24,25.38,0.08,0.32,25.44,25.28,290780
Naturgy,2025-12-29,25.56,0.18,0.71,25.66,25.28,1212542
Naturgy,2025-12-30,25.84,0.28,1.1,25.86,25.52,997906
Naturgy,2025-12-31,25.92,0.08,0.31,25.96,25.8,355457
Naturgy,2026-01-02,25.8,-0.12,-0.46,26.04,25.8,896393
Naturgy,2026-01-05,25.52,-0.28,-1.09,25.82,25.28,1119307
Naturgy,2026-01-06,25.52,0.0,0.0,25.76,25.32,1103866
Naturgy,2026-01-07,25.4,-0.12,-0.47,25.78,25.28,1102248
Naturgy,2026-01-08,25.68,0.28,1.1,25.76,25.32,776144
Naturgy,2026-01-09,25.56,-0.12,-0.47,25.74,25.52,580373
Naturgy,2026-01-12,25.4,-0.16,-0.63,25.58,25.34,583078
Naturgy,2026-01-13,25.36,-0.04,-0.16,25.42,25.1,872166
Naturgy,2026-01-14,25.9,0.54,2.13,25.9,25.42,1455840
Naturgy,2026-01-15,26.04,0.14,0.54,26.08,25.8,693533
Naturgy,2026-01-16,25.7,-0.34,-1.31,26.06,25.6,750557
Naturgy,2026-01-19,25.6,-0.1,-0.39,25.78,25.58,547334
Naturgy,2026-01-20,25.74,0.14,0.55,26.04,25.54,1620428
Naturgy,2026-01-21,25.82,0.08,0.31,25.92,25.6,627348
Naturgy,2026-01-22,25.92,0.1,0.39,26.38,25.78,678462
Naturgy,2026-01-23,25.86,-0.06,-0.23,25.96,25.66,464655
Naturgy,2026-01-26,25.94,0.08,0.31,26.18,25.94,616006
Naturgy,2026-01-27,26.18,0.24,0.93,26.18,25.84,504297
Naturgy,2026-01-28,26.24,0.06,0.23,26.3,26.08,434219
Naturgy,2026-01-29,26.32,0.08,0.3,26.46,26.18,675203
Naturgy,2026-01-30,26.48,0.16,0.61,26.58,26.24,754125
Naturgy,2026-02-02,26.34,-0.14,-0.53,26.68,26.34,480841
Naturgy,2026-02-03,26.5,0.16,0.61,26.56,26.3,592136
Naturgy,2026-02-04,26.64,0.14,0.53,26.82,26.44,873044
Naturgy,2026-02-05,26.46,-0.18,-0.68,26.58,26.26,677296
Naturgy,2026-02-06,26.48,0.02,0.08,26.52,26.36,581486
Naturgy,2026-02-09,26.38,-0.1,-0.38,26.52,26.22,1131317
Naturgy,2026-02-10,26.34,-0.04,-0.15,26.52,26.26,825102
Naturgy,2026-02-11,26.38,0.04,0.15,26.54,26.28,937233
Naturgy,2026-02-12,26.3,-0.08,-0.3,26.66,26.04,998191
Naturgy,2026-02-13,26.12,-0.18,-0.68,26.42,25.86,2850052
Naturgy,2026-02-16,26.06,-0.06,-0.23,26.14,25.86,743157
Naturgy,2026-02-17,26.5,0.44,1.69,26.86,26.08,2584818
Naturgy,2026-02-18,25.56,-0.94,-3.55,26.26,25.38,2810161
Naturgy,2026-02-19,25.62,0.06,0.23,25.62,25.1,1061296
Naturgy,2026-02-20,25.52,-0.1,-0.39,25.7,25.4,1212151
Naturgy,2026-02-23,25.8,0.28,1.1,25.8,25.5,770264
Naturgy,2026-02-24,25.8,0.0,0.0,26.1,25.8,872978
Naturgy,2026-02-25,26.04,0.24,0.93,26.04,25.8,775127
Naturgy,2026-02-26,26.06,0.02,0.08,26.24,25.94,983559
Naturgy,2026-02-27,26.34,0.28,1.07,26.5,26.04,1875405
Naturgy,2026-03-02,26.7,0.36,1.37,26.76,25.96,1308887
Naturgy,2026-03-03,24.78,-1.92,-7.19,25.28,24.46,7038511
Naturgy,2026-03-04,24.84,0.06,0.24,25.08,24.78,2865932
Naturgy,2026-03-05,24.52,-0.32,-1.29,25.1,24.52,8486745
Naturgy,2026-03-06,24.96,0.44,1.79,25.02,24.66,1964855
Naturgy,2026-03-09,24.96,0.0,0.0,25.12,24.66,1563322
Naturgy,2026-03-10,25.04,0.08,0.32,25.14,24.9,1068964
Naturgy,2026-03-11,24.88,-0.16,-0.64,25.2,24.88,1642805
Naturgy,2026-03-12,25.06,0.18,0.72,25.14,24.78,1735077
Naturgy,2026-03-13,25.2,0.14,0.56,25.3,24.98,1790354
Naturgy,2026-03-16,25.6,0.4,1.59,25.66,25.26,2326868
Redeia,2025-03-17,16.84,0.0,0.0,16.93,16.7,991235
Redeia,2025-03-18,16.9,0.07,0.4,16.97,16.76,821235
Redeia,2025-03-19,16.91,0.01,0.06,17.07,16.88,728071
Redeia,2025-03-20,16.96,0.05,0.28,17.18,16.9,835629
Redeia,2025-03-21,17.1,0.14,0.84,17.18,17.0,2542467
Redeia,2025-03-24,17.01,-0.1,-0.56,17.22,16.94,790445
Redeia,2025-03-25,17.07,0.06,0.34,17.26,17.02,811256
Redeia,2025-03-26,17.21,0.14,0.84,17.3,17.05,823338
Redeia,2025-03-27,17.42,0.21,1.22,17.48,17.26,1157694
Redeia,2025-03-28,17.7,0.29,1.64,17.7,17.46,916575
Redeia,2025-03-31,17.71,0.01,0.05,17.9,17.66,862650
Redeia,2025-04-01,17.75,0.04,0.22,17.77,17.6,820466
Redeia,2025-04-02,17.73,-0.02,-0.11,17.79,17.6,868098
Redeia,2025-04-03,18.38,0.65,3.66,18.49,17.8,1915826
Redeia,2025-04-04,17.94,-0.44,-2.39,18.62,17.94,1877161
Redeia,2025-04-07,17.08,-0.86,-4.79,17.73,17.01,2576338
Redeia,2025-04-08,17.42,0.33,1.96,17.48,16.78,1133936
Redeia,2025-04-09,17.02,-0.4,-2.3,17.33,16.95,1463619
Redeia,2025-04-10,17.38,0.36,2.13,17.49,16.89,1433281
Redeia,2025-04-11,17.69,0.31,1.76,17.87,17.42,1131080
Redeia,2025-04-14,17.82,0.13,0.76,17.87,17.62,685584
Redeia,2025-04-15,18.21,0.39,2.2,18.22,17.85,885114
Redeia,2025-04-16,18.22,0.01,0.05,18.37,18.13,876076
Redeia,2025-04-17,18.32,0.1,0.58,18.41,18.05,607021
Redeia,2025-04-22,18.43,0.1,0.57,18.49,18.12,863633
Redeia,2025-04-23,18.21,-0.22,-1.19,18.42,17.9,1559591
Redeia,2025-04-24,18.17,-0.04,-0.21,18.38,18.05,1075197
Redeia,2025-04-25,18.27,0.1,0.53,18.3,18.09,904423
Redeia,2025-04-28,18.4,0.13,0.73,18.4,18.06,1196539
Redeia,2025-04-29,18.32,-0.08,-0.41,18.5,18.0,2161611
Redeia,2025-04-30,17.66,-0.67,-3.65,18.1,17.28,3027995
Redeia,2025-05-02,16.99,-0.67,-3.78,17.22,16.8,3061890
Redeia,2025-05-05,17.02,0.03,0.17,17.11,16.98,1285704
Redeia,2025-05-06,17.06,0.04,0.22,17.28,17.02,1466464
Redeia,2025-05-07,16.9,-0.15,-0.9,17.16,16.9,2978556
Redeia,2025-05-08,16.7,-0.2,-1.19,16.86,16.47,1596572
Redeia,2025-05-09,16.85,0.14,0.86,16.9,16.65,1108842
Redeia,2025-05-12,16.77,-0.08,-0.45,17.01,16.47,969558
Redeia,2025-05-13,16.9,0.13,0.8,17.2,16.79,1553689
Redeia,2025-05-14,17.1,0.2,1.19,17.21,16.75,2606408
Redeia,2025-05-15,17.35,0.25,1.45,17.35,17.01,902093
Redeia,2025-05-16,17.57,0.22,1.27,17.57,17.36,1062363
Redeia,2025-05-19,17.56,-0.01,-0.05,17.66,17.36,1048672
Redeia,2025-05-20,17.8,0.24,1.36,17.84,17.61,873283
Redeia,2025-05-21,17.81,0.01,0.05,17.87,17.74,827498
Redeia,2025-05-22,17.68,-0.13,-0.75,17.9,17.56,1256143
Redeia,2025-05-23,17.72,0.05,0.27,17.73,17.52,1477900
Redeia,2025-05-26,17.64,-0.09,-0.48,17.69,17.48,1188180
Redeia,2025-05-27,17.48,-0.15,-0.87,17.71,17.4,1677759
Redeia,2025-05-28,17.29,-0.19,-1.09,17.55,17.24,987941
Redeia,2025-05-29,17.29,0.0,0.0,17.37,17.1,1218170
Redeia,2025-05-30,17.37,0.08,0.44,17.57,17.37,4064763
Redeia,2025-06-02,17.4,0.03,0.16,17.71,17.27,911813
Redeia,2025-06-03,17.18,-0.22,-1.26,17.48,17.13,1084636
Redeia,2025-06-04,17.31,0.13,0.78,17.31,17.09,947721
Redeia,2025-06-05,17.16,-0.15,-0.88,17.31,17.13,680295
Redeia,2025-06-06,17.06,-0.1,-0.61,17.27,17.04,1127272
Redeia,2025-06-09,16.99,-0.07,-0.39,17.09,16.91,1134040
Redeia,2025-06-10,17.0,0.01,0.06,17.15,16.99,800384
Redeia,2025-06-11,17.03,0.03,0.17,17.07,16.88,1551866
Redeia,2025-06-12,17.07,0.04,0.22,17.18,17.0,625537
Redeia,2025-06-13,16.92,-0.14,-0.84,17.11,16.91,608397
Redeia,2025-06-16,16.9,-0.02,-0.11,16.95,16.8,807990
Redeia,2025-06-17,17.28,0.37,2.2,17.33,16.75,1907402
Redeia,2025-06-18,17.41,0.13,0.77,17.58,17.28,1258592
Redeia,2025-06-19,17.45,0.04,0.22,17.47,17.29,595507
Redeia,2025-06-20,17.49,0.05,0.27,17.49,17.3,3073318
Redeia,2025-06-23,17.69,0.2,1.15,17.72,17.39,1869941
Redeia,2025-06-24,17.65,-0.05,-0.27,17.83,17.56,2568496
Redeia,2025-06-25,17.48,-0.16,-0.92,17.7,17.48,1115600
Redeia,2025-06-26,17.66,0.17,0.98,17.74,17.53,1715475
Redeia,2025-06-27,17.36,-0.3,-1.68,17.67,17.36,5575999
Redeia,2025-06-30,17.32,-0.04,-0.22,17.56,17.28,908879
Redeia,2025-07-01,17.45,0.12,0.72,17.58,17.37,828043
Redeia,2025-07-02,17.38,-0.07,-0.38,17.54,17.32,858447
Redeia,2025-07-03,17.4,0.02,0.11,17.5,17.34,1389175
Redeia,2025-07-04,17.54,0.14,0.79,17.59,17.42,863585
Redeia,2025-07-07,17.51,-0.03,-0.17,17.53,17.26,2188260
Redeia,2025-07-08,17.42,-0.09,-0.51,17.44,17.27,729689
Redeia,2025-07-09,17.44,0.02,0.11,17.53,17.41,1040997
Redeia,2025-07-10,17.21,-0.23,-1.3,17.52,17.14,679037
Redeia,2025-07-11,17.2,-0.01,-0.06,17.3,17.19,466008
Redeia,2025-07-14,17.23,0.03,0.17,17.26,17.15,476217
Redeia,2025-07-15,17.5,0.27,1.55,17.5,17.22,1825894
Redeia,2025-07-16,17.55,0.05,0.28,17.59,17.38,952449
Redeia,2025-07-17,17.49,-0.06,-0.34,17.57,17.41,671981
Redeia,2025-07-18,17.62,0.13,0.73,17.7,17.55,797155
Redeia,2025-07-21,17.58,-0.04,-0.22,17.7,17.5,1037468
Redeia,2025-07-22,17.77,0.2,1.12,17.77,17.44,505891
Redeia,2025-07-23,17.21,-0.56,-3.16,17.79,17.21,1274428
Redeia,2025-07-24,17.15,-0.06,-0.34,17.33,17.15,871254
Redeia,2025-07-25,17.06,-0.09,-0.52,17.22,16.96,707824
Redeia,2025-07-28,16.97,-0.09,-0.52,17.14,16.93,710318
Redeia,2025-07-29,16.84,-0.14,-0.81,16.95,16.75,1071589
Redeia,2025-07-30,17.01,0.18,1.06,17.06,16.61,915015
Redeia,2025-07-31,16.73,-0.29,-1.68,16.96,16.65,1393475
Redeia,2025-08-01,16.35,-0.38,-2.24,16.67,16.32,1508894
Redeia,2025-08-04,16.36,0.01,0.06,16.4,16.27,1749043
Redeia,2025-08-05,16.39,0.03,0.18,16.43,16.29,629591
Redeia,2025-08-06,16.41,0.02,0.12,16.41,16.27,2114159
Redeia,2025-08-07,16.25,-0.16,-0.96,16.39,16.2,1195883
Redeia,2025-08-08,16.09,-0.17,-1.03,16.36,16.09,534441
Redeia,2025-08-11,16.12,0.03,0.18,16.15,16.03,539720
Redeia,2025-08-12,15.97,-0.15,-0.92,16.18,15.97,563578
Redeia,2025-08-13,16.04,0.07,0.43,16.16,16.01,646609
Redeia,2025-08-14,16.23,0.2,1.23,16.25,16.04,801399
Redeia,2025-08-15,16.23,0.0,0.0,16.27,16.14,659399
Redeia,2025-08-18,16.26,0.03,0.18,16.38,16.2,615714
Redeia,2025-08-19,16.19,-0.08,-0.49,16.26,16.17,1703213
Redeia,2025-08-20,16.42,0.24,1.46,16.47,16.22,655209
Redeia,2025-08-21,16.45,0.03,0.18,16.45,16.29,687338
Redeia,2025-08-22,16.49,0.04,0.24,16.59,16.41,515401
Redeia,2025-08-25,16.42,-0.07,-0.42,16.45,16.3,504698
Redeia,2025-08-26,16.39,-0.03,-0.18,16.43,16.28,2925108
Redeia,2025-08-27,16.53,0.14,0.84,16.63,16.41,673907
Redeia,2025-08-28,16.43,-0.1,-0.6,16.52,16.36,497514
Redeia,2025-08-29,16.39,-0.04,-0.24,16.45,16.36,1027484
Redeia,2025-09-01,16.37,-0.02,-0.12,16.46,16.3,670113
Redeia,2025-09-02,16.02,-0.36,-2.17,16.32,16.0,992479
Redeia,2025-09-03,16.48,0.46,2.9,16.5,16.26,1107484
Redeia,2025-09-04,16.44,-0.04,-0.24,16.62,16.36,740026
Redeia,2025-09-05,16.46,0.02,0.12,16.46,16.37,849162
Redeia,2025-09-08,16.4,-0.06,-0.36,16.46,16.37,818796
Redeia,2025-09-09,16.28,-0.12,-0.72,16.41,16.26,878100
Redeia,2025-09-10,16.13,-0.16,-0.97,16.28,16.13,1924577
Redeia,2025-09-11,16.21,0.09,0.55,16.23,16.12,2387160
Redeia,2025-09-12,16.39,0.18,1.1,16.44,16.23,1153332
Redeia,2025-09-15,16.47,0.08,0.48,16.49,16.38,712047
Redeia,2025-09-16,16.32,-0.15,-0.9,16.56,16.32,851094
Redeia,2025-09-17,16.15,-0.18,-1.09,16.31,16.15,915461
Redeia,2025-09-18,16.2,0.06,0.37,16.35,16.13,821147
Redeia,2025-09-19,15.99,-0.22,-1.34,16.11,15.88,5216314
Redeia,2025-09-22,16.07,0.08,0.49,16.2,15.84,1104380
Redeia,2025-09-23,16.12,0.05,0.31,16.33,16.05,808281
Redeia,2025-09-24,16.11,-0.01,-0.06,16.28,16.08,818986
Redeia,2025-09-25,16.2,0.1,0.61,16.32,16.04,1065818
Redeia,2025-09-26,16.15,-0.06,-0.37,16.26,16.12,811283
Redeia,2025-09-29,16.12,-0.03,-0.18,16.2,16.07,1359102
Redeia,2025-09-30,16.22,0.11,0.67,16.22,15.98,1312628
Redeia,2025-10-01,16.15,-0.08,-0.49,16.35,16.1,955725
Redeia,2025-10-02,16.04,-0.11,-0.67,16.08,15.9,1462794
Redeia,2025-10-03,15.92,-0.12,-0.74,16.12,15.87,3502913
Redeia,2025-10-06,16.04,0.12,0.74,16.04,15.88,1850476
Redeia,2025-10-07,16.0,-0.04,-0.25,16.07,15.92,2549021
Redeia,2025-10-08,16.01,0.01,0.06,16.08,15.96,1490402
Redeia,2025-10-09,16.14,0.13,0.8,16.17,15.92,1478911
Redeia,2025-10-10,16.29,0.16,0.98,16.32,16.13,1683103
Redeia,2025-10-13,16.19,-0.11,-0.67,16.35,16.19,1017649
Redeia,2025-10-14,16.42,0.24,1.46,16.62,16.4,1554786
Redeia,2025-10-15,16.62,0.2,1.2,16.65,16.38,1351969
Redeia,2025-10-16,16.57,-0.05,-0.3,16.57,16.32,1256541
Redeia,2025-10-17,16.62,0.05,0.3,16.71,16.47,1492042
Redeia,2025-10-20,16.63,0.01,0.06,16.74,16.53,1052949
Redeia,2025-10-21,16.81,0.18,1.07,16.82,16.64,1129382
Redeia,2025-10-22,16.61,-0.2,-1.17,17.45,16.39,3511393
Redeia,2025-10-23,16.48,-0.13,-0.77,16.49,16.15,4436759
Redeia,2025-10-24,16.49,0.01,0.06,16.51,16.36,623972
Redeia,2025-10-27,16.49,0.0,0.0,16.54,16.38,854281
Redeia,2025-10-28,16.47,-0.02,-0.12,16.58,16.42,1193435
Redeia,2025-10-29,16.08,-0.39,-2.4,16.47,15.99,2340598
Redeia,2025-10-30,16.05,-0.03,-0.18,16.17,15.95,1377237
Redeia,2025-10-31,15.41,-0.64,-4.0,16.01,15.39,2968002
Redeia,2025-11-03,15.28,-0.13,-0.83,15.39,15.21,2239436
Redeia,2025-11-04,15.39,0.11,0.71,15.44,15.21,927344
Redeia,2025-11-05,15.13,-0.26,-1.67,15.29,15.05,2653845
Redeia,2025-11-06,15.14,0.01,0.07,15.35,15.13,1675168
Redeia,2025-11-07,15.09,-0.05,-0.33,15.32,15.07,1449622
Redeia,2025-11-10,15.08,-0.01,-0.07,15.17,15.03,1006490
Redeia,2025-11-11,15.01,-0.07,-0.46,15.15,14.99,1135673
Redeia,2025-11-12,15.05,0.04,0.26,15.12,14.98,944211
Redeia,2025-11-13,14.89,-0.16,-1.05,15.11,14.89,1456527
Redeia,2025-11-14,14.88,-0.01,-0.07,14.95,14.77,983502
Redeia,2025-11-17,14.88,0.0,0.0,14.99,14.81,814964
Redeia,2025-11-18,14.87,-0.01,-0.07,15.0,14.82,1748303
Redeia,2025-11-19,14.94,0.07,0.46,15.14,14.79,1680059
Redeia,2025-11-20,14.81,-0.13,-0.86,14.98,14.81,1401249
Redeia,2025-11-21,14.84,0.03,0.2,14.95,14.73,1348233
Redeia,2025-11-24,15.02,0.18,1.2,15.05,14.83,4598735
Redeia,2025-11-25,15.02,0.0,0.0,15.07,14.9,797131
Redeia,2025-11-26,15.06,0.04,0.26,15.1,14.92,1981150
Redeia,2025-11-27,15.2,0.14,0.92,15.21,15.08,1688820
Redeia,2025-11-28,15.18,-0.02,-0.13,15.24,15.04,986810
Redeia,2025-12-01,15.08,-0.1,-0.65,15.15,15.01,1100877
Redeia,2025-12-02,15.09,0.01,0.07,15.2,15.09,735365
Redeia,2025-12-03,15.04,-0.05,-0.33,15.17,15.0,1106681
Redeia,2025-12-04,14.82,-0.22,-1.44,15.13,14.82,1845132
Redeia,2025-12-05,15.0,0.18,1.2,15.03,14.79,1101717
Redeia,2025-12-08,14.93,-0.07,-0.46,15.04,14.91,661549
Redeia,2025-12-09,14.85,-0.08,-0.53,15.04,14.85,1066632
Redeia,2025-12-10,14.71,-0.14,-0.93,14.92,14.69,1207513
Redeia,2025-12-11,14.52,-0.2,-1.34,14.68,14.52,1860647
Redeia,2025-12-12,14.72,0.21,1.43,14.75,14.49,1059577
Redeia,2025-12-15,14.84,0.12,0.8,14.89,14.74,827921
Redeia,2025-12-16,14.79,-0.05,-0.33,14.94,14.76,1047452
Redeia,2025-12-17,14.92,0.13,0.87,14.92,14.72,3971840
Redeia,2025-12-18,14.8,-0.12,-0.79,14.96,14.79,4956370
Redeia,2025-12-19,14.85,0.05,0.33,14.88,14.69,2923072
Redeia,2025-12-22,14.91,0.06,0.4,14.94,14.72,1002293
Redeia,2025-12-23,14.98,0.07,0.46,15.01,14.91,963858
Redeia,2025-12-24,14.97,-0.01,-0.07,15.04,14.97,183740
Redeia,2025-12-29,14.93,-0.04,-0.26,15.09,14.91,760625
Redeia,2025-12-30,14.99,0.06,0.4,15.05,14.88,3739358
Redeia,2025-12-31,14.97,-0.02,-0.13,15.06,14.96,676640
Redeia,2026-01-02,15.07,0.1,0.66,15.1,14.98,4244035
Redeia,2026-01-05,15.31,0.24,1.59,15.31,15.04,1301284
Redeia,2026-01-06,15.38,0.07,0.46,15.46,15.27,2781602
Redeia,2026-01-07,15.4,0.02,0.13,15.62,15.31,6622722
Redeia,2026-01-08,15.43,0.03,0.19,15.45,15.29,1141047
Redeia,2026-01-09,15.25,-0.18,-1.17,15.38,15.18,1186375
Redeia,2026-01-12,15.22,-0.03,-0.2,15.27,15.03,2107966
Redeia,2026-01-13,14.95,-0.27,-1.77,15.22,14.93,1333026
Redeia,2026-01-14,14.93,-0.02,-0.13,15.07,14.88,1483680
Redeia,2026-01-15,14.83,-0.1,-0.67,14.99,14.74,1926896
Redeia,2026-01-16,14.95,0.12,0.81,14.99,14.81,2326840
Redeia,2026-01-19,14.8,-0.15,-1.0,15.07,14.8,998996
Redeia,2026-01-20,14.49,-0.31,-2.09,14.83,14.47,1489059
Redeia,2026-01-21,14.52,0.03,0.21,14.64,14.47,1048060
Redeia,2026-01-22,14.46,-0.06,-0.41,14.64,14.46,1656017
Redeia,2026-01-23,14.46,0.0,0.0,14.46,14.29,923519
Redeia,2026-01-26,14.35,-0.11,-0.76,14.58,14.35,1513135
Redeia,2026-01-27,14.38,0.03,0.21,14.56,14.38,1201034
Redeia,2026-01-28,14.52,0.14,0.97,14.53,14.15,1253782
Redeia,2026-01-29,14.4,-0.12,-0.83,14.5,14.38,2623380
Redeia,2026-01-30,14.59,0.19,1.32,14.59,14.33,2187121
Redeia,2026-02-02,14.53,-0.06,-0.41,14.74,14.53,1243929
Redeia,2026-02-03,14.64,0.11,0.76,14.72,14.44,1094982
Redeia,2026-02-04,14.99,0.35,2.39,15.12,14.62,1994498
Redeia,2026-02-05,15.11,0.12,0.8,15.11,14.86,1361800
Redeia,2026-02-06,15.2,0.09,0.6,15.2,14.99,1273526
Redeia,2026-02-09,15.12,-0.08,-0.53,15.23,15.05,667125
Redeia,2026-02-10,15.33,0.21,1.39,15.33,15.09,1024604
Redeia,2026-02-11,15.44,0.11,0.72,15.53,15.29,1202584
Redeia,2026-02-12,15.84,0.4,2.59,15.84,15.24,1678366
Redeia,2026-02-13,15.98,0.14,0.88,15.99,15.66,1210036
Redeia,2026-02-16,16.0,0.02,0.13,16.04,15.82,841435
Redeia,2026-02-17,16.16,0.16,1.0,16.43,16.09,2627712
Redeia,2026-02-18,16.03,-0.13,-0.8,16.21,15.98,1414365
Redeia,2026-02-19,15.91,-0.12,-0.75,15.97,15.71,1377407
Redeia,2026-02-20,16.0,0.09,0.57,16.0,15.79,1302511
Redeia,2026-02-23,16.14,0.14,0.87,16.23,15.86,1635925
Redeia,2026-02-24,16.19,0.05,0.31,16.37,16.12,1918210
Redeia,2026-02-25,16.35,0.16,0.99,16.37,16.14,1438634
Redeia,2026-02-26,15.44,-0.91,-5.57,16.52,15.38,3784789
Redeia,2026-02-27,15.73,0.29,1.88,15.73,15.08,4387193
Redeia,2026-03-02,15.49,-0.24,-1.53,15.74,15.32,1928227
Redeia,2026-03-03,14.85,-0.64,-4.13,15.43,14.75,3093638
Redeia,2026-03-04,14.82,-0.03,-0.2,15.18,14.74,2021269
Redeia,2026-03-05,14.86,0.04,0.27,15.09,14.79,1226304
Redeia,2026-03-06,14.87,0.01,0.07,15.02,14.82,1670095
Redeia,2026-03-09,14.76,-0.11,-0.74,14.82,14.54,2391387
Redeia,2026-03-10,14.86,0.1,0.68,15.02,14.75,2014866
Redeia,2026-03-11,14.77,-0.09,-0.61,14.88,14.76,990398
Redeia,2026-03-12,14.82,0.05,0.34,14.88,14.63,1158345
Redeia,2026-03-13,15.04,0.22,1.48,15.15,14.75,1175894
Redeia,2026-03-16,15.09,0.05,0.33,15.17,14.93,657788
Repsol,2025-03-17,11.06,0.0,0.0,11.08,10.8,4593321
Repsol,2025-03-18,11.2,0.14,1.26,11.3,11.09,3871240
Repsol,2025-03-19,11.31,0.11,1.0,11.36,11.19,3276774
Repsol,2025-03-20,11.24,-0.07,-0.62,11.42,11.23,3634225
Repsol,2025-03-21,11.28,0.04,0.33,11.35,11.26,12245003
Repsol,2025-03-24,11.15,-0.14,-1.2,11.38,11.13,3009242
Repsol,2025-03-25,11.32,0.18,1.59,11.36,11.15,3056025
Repsol,2025-03-26,11.57,0.25,2.18,11.66,11.32,5596069
Repsol,2025-03-27,11.66,0.09,0.81,11.73,11.54,5252666
Repsol,2025-03-28,11.61,-0.06,-0.48,11.77,11.57,3956989
Repsol,2025-03-31,11.46,-0.14,-1.24,11.48,11.19,5366700
Repsol,2025-04-01,11.51,0.05,0.45,11.62,11.42,4186508
Repsol,2025-04-02,11.24,-0.27,-2.35,11.51,11.16,5221534
Repsol,2025-04-03,10.64,-0.6,-5.35,11.03,10.58,9707765
Repsol,2025-04-04,10.05,-0.59,-5.56,10.54,9.88,13389432
Repsol,2025-04-07,9.36,-0.69,-6.86,9.88,9.23,13912791
Repsol,2025-04-08,9.28,-0.08,-0.85,9.79,9.21,11925646
Repsol,2025-04-09,8.93,-0.35,-3.82,9.05,8.77,24377653
Repsol,2025-04-10,9.1,0.17,1.92,10.26,9.09,10224315
Repsol,2025-04-11,8.94,-0.16,-1.76,9.11,8.9,7464318
Repsol,2025-04-14,9.26,0.32,3.57,9.38,9.11,5996995
Repsol,2025-04-15,9.3,0.04,0.46,9.38,9.21,5507799
Repsol,2025-04-16,9.46,0.16,1.7,9.46,9.16,3689089
Repsol,2025-04-17,9.62,0.16,1.72,9.64,9.4,3856840
Repsol,2025-04-22,9.62,0.0,0.0,9.7,9.56,3722633
Repsol,2025-04-23,9.75,0.13,1.31,9.94,9.69,6454261
Repsol,2025-04-24,9.84,0.09,0.91,9.9,9.78,3285329
Repsol,2025-04-25,9.99,0.15,1.56,10.01,9.85,3998075
Repsol,2025-04-28,10.04,0.05,0.47,10.13,9.96,4253330
Repsol,2025-04-29,10.02,-0.02,-0.19,10.08,9.93,3850057
Repsol,2025-04-30,10.07,0.06,0.56,10.12,9.71,7345846
Repsol,2025-05-02,10.04,-0.04,-0.37,10.29,9.86,6582087
Repsol,2025-05-05,10.11,0.07,0.7,10.21,9.91,3073605
Repsol,2025-05-06,10.23,0.13,1.24,10.28,10.14,4321399
Repsol,2025-05-07,10.2,-0.04,-0.36,10.28,10.13,3004629
Repsol,2025-05-08,10.33,0.14,1.33,10.33,10.15,3674372
Repsol,2025-05-09,10.5,0.17,1.62,10.53,10.37,3650706
Repsol,2025-05-12,10.83,0.34,3.2,11.05,10.7,8255299
Repsol,2025-05-13,11.0,0.17,1.55,11.04,10.79,3782308
Repsol,2025-05-14,10.95,-0.05,-0.47,11.12,10.85,4540772
Repsol,2025-05-15,10.87,-0.08,-0.77,10.89,10.73,4164367
Repsol,2025-05-16,10.99,0.12,1.11,11.01,10.82,4029373
Repsol,2025-05-19,10.92,-0.07,-0.64,11.05,10.89,2965650
Repsol,2025-05-20,11.01,0.09,0.81,11.01,10.84,3842899
Repsol,2025-05-21,10.96,-0.05,-0.47,11.04,10.9,3931897
Repsol,2025-05-22,10.81,-0.14,-1.32,10.96,10.75,3342002
Repsol,2025-05-23,10.71,-0.1,-0.91,10.93,10.59,4983515
Repsol,2025-05-26,10.89,0.17,1.61,10.89,10.8,2215261
Repsol,2025-05-27,11.0,0.12,1.07,11.03,10.86,3527701
Repsol,2025-05-28,11.01,0.01,0.08,11.07,10.96,3240197
Repsol,2025-05-29,10.99,-0.02,-0.21,11.18,10.96,2769194
Repsol,2025-05-30,11.05,0.06,0.55,11.13,11.01,10462200
Repsol,2025-06-02,11.2,0.15,1.39,11.32,11.07,5458329
Repsol,2025-06-03,11.31,0.11,1.0,11.32,11.16,5095615
Repsol,2025-06-04,11.12,-0.2,-1.73,11.45,11.12,5643631
Repsol,2025-06-05,11.15,0.03,0.29,11.23,11.05,4354466
Repsol,2025-06-06,11.17,0.02,0.21,11.21,11.03,3535423
Repsol,2025-06-09,11.2,0.02,0.21,11.28,11.16,2857706
Repsol,2025-06-10,11.4,0.2,1.79,11.45,11.27,5162000
Repsol,2025-06-11,11.36,-0.04,-0.37,11.47,11.32,3170417
Repsol,2025-06-12,11.48,0.13,1.11,11.53,11.35,3825594
Repsol,2025-06-13,11.42,-0.06,-0.53,11.88,11.38,7378766
Repsol,2025-06-16,11.54,0.12,1.06,11.72,11.47,6329510
Repsol,2025-06-17,11.75,0.21,1.78,11.8,11.57,4957550
Repsol,2025-06-18,11.67,-0.07,-0.63,11.83,11.6,5158480
Repsol,2025-06-19,11.94,0.27,2.32,11.96,11.71,4764854
Repsol,2025-06-20,11.94,-0.0,-0.04,12.04,11.81,22884981
Repsol,2025-06-23,11.97,0.03,0.23,12.15,11.91,12978577
Repsol,2025-06-24,11.67,-0.3,-2.49,11.72,11.28,16415363
Repsol,2025-06-25,11.64,-0.03,-0.24,11.73,11.6,4066547
Repsol,2025-06-26,11.57,-0.07,-0.64,11.69,11.48,4389084
Repsol,2025-06-27,11.7,0.13,1.13,11.7,11.58,8679743
Repsol,2025-06-30,11.59,-0.11,-0.92,11.75,11.57,3787380
Repsol,2025-07-01,11.66,0.07,0.64,11.72,11.59,12403235
Repsol,2025-07-02,11.84,0.18,1.52,11.91,11.71,5690923
Repsol,2025-07-03,11.98,0.14,1.14,12.0,11.92,9528594
Repsol,2025-07-04,12.04,0.07,0.57,12.07,11.93,5558457
Repsol,2025-07-07,12.02,-0.02,-0.2,12.06,11.93,9113735
Repsol,2025-07-08,12.45,0.43,3.59,12.47,12.0,8761500
Repsol,2025-07-09,12.39,-0.06,-0.47,12.47,12.21,4833238
Repsol,2025-07-10,12.43,0.03,0.27,12.49,12.25,4351847
Repsol,2025-07-11,12.6,0.17,1.37,12.61,12.37,5919014
Repsol,2025-07-14,12.48,-0.11,-0.89,12.65,12.45,4512099
Repsol,2025-07-15,12.52,0.04,0.31,12.56,12.43,3273719
Repsol,2025-07-16,12.45,-0.07,-0.58,12.65,12.4,4124929
Repsol,2025-07-17,12.45,0.0,0.0,12.5,12.35,2550146
Repsol,2025-07-18,12.69,0.24,1.95,12.84,12.56,9894936
Repsol,2025-07-21,12.66,-0.03,-0.27,12.69,12.57,2943192
Repsol,2025-07-22,12.67,0.01,0.08,12.7,12.62,2698479
Repsol,2025-07-23,12.8,0.13,1.03,12.86,12.7,5141855
Repsol,2025-07-24,13.06,0.26,2.01,13.21,12.84,10121917
Repsol,2025-07-25,13.17,0.12,0.89,13.24,13.03,4561811
Repsol,2025-07-28,13.38,0.21,1.58,13.38,13.15,4740825
Repsol,2025-07-29,13.44,0.06,0.43,13.52,13.37,4292221
Repsol,2025-07-30,13.07,-0.37,-2.78,13.68,13.07,8239926
Repsol,2025-07-31,12.88,-0.19,-1.45,13.09,12.67,8999458
Repsol,2025-08-01,12.58,-0.3,-2.33,12.94,12.51,5216314
Repsol,2025-08-04,12.51,-0.07,-0.54,12.68,12.4,4080056
Repsol,2025-08-05,12.67,0.16,1.32,12.73,12.5,3102910
Repsol,2025-08-06,12.88,0.21,1.64,13.03,12.74,4072019
Repsol,2025-08-07,12.88,-0.0,-0.04,12.98,12.75,2606998
Repsol,2025-08-08,12.93,0.05,0.41,12.97,12.82,2453522
Repsol,2025-08-11,12.78,-0.16,-1.2,12.95,12.76,2067889
Repsol,2025-08-12,13.02,0.25,1.94,13.09,12.91,2949552
Repsol,2025-08-13,12.96,-0.07,-0.52,13.03,12.87,2534115
Repsol,2025-08-14,12.9,-0.06,-0.45,13.02,12.84,4304344
Repsol,2025-08-15,12.96,0.07,0.53,13.0,12.82,2236871
Repsol,2025-08-18,12.93,-0.04,-0.3,12.96,12.86,2687305
Repsol,2025-08-19,13.05,0.13,0.98,13.07,12.87,2560169
Repsol,2025-08-20,13.22,0.16,1.26,13.26,12.98,2920104
Repsol,2025-08-21,13.43,0.21,1.61,13.43,13.25,4162573
Repsol,2025-08-22,13.48,0.05,0.4,13.56,13.45,3339824
Repsol,2025-08-25,13.61,0.13,0.93,13.62,13.36,3087666
Repsol,2025-08-26,13.47,-0.14,-1.0,13.63,13.42,3511711
Repsol,2025-08-27,13.41,-0.07,-0.5,13.54,13.31,2429735
Repsol,2025-08-28,13.51,0.11,0.8,13.52,13.37,1884508
Repsol,2025-08-29,13.59,0.07,0.54,13.61,13.44,2385226
Repsol,2025-09-01,13.69,0.11,0.79,13.71,13.54,2771320
Repsol,2025-09-02,13.71,0.01,0.11,13.8,13.6,3348711
Repsol,2025-09-03,13.78,0.08,0.57,13.93,13.66,4871809
Repsol,2025-09-04,13.89,0.11,0.77,13.96,13.72,3262133
Repsol,2025-09-05,13.76,-0.13,-0.94,13.96,13.66,3518149
Repsol,2025-09-08,13.95,0.19,1.41,14.0,13.85,3589681
Repsol,2025-09-09,14.15,0.19,1.39,14.2,13.96,4280879
Repsol,2025-09-10,14.1,-0.04,-0.31,14.28,14.02,3356165
Repsol,2025-09-11,14.07,-0.03,-0.24,14.26,13.99,2816213
Repsol,2025-09-12,14.13,0.06,0.41,14.16,13.88,3870144
Repsol,2025-09-15,14.3,0.17,1.2,14.35,14.12,3443423
Repsol,2025-09-16,14.4,0.1,0.68,14.4,14.08,3488389
Repsol,2025-09-17,14.29,-0.1,-0.71,14.41,14.21,2777592
Repsol,2025-09-18,14.23,-0.06,-0.44,14.34,14.19,2065714
Repsol,2025-09-19,14.01,-0.22,-1.57,14.32,13.94,6942070
Repsol,2025-09-22,14.01,0.0,0.03,14.08,13.92,2501029
Repsol,2025-09-23,14.39,0.38,2.7,14.49,13.94,5281060
Repsol,2025-09-24,14.84,0.45,3.13,14.85,14.34,6248392
Repsol,2025-09-25,15.04,0.2,1.37,15.07,14.78,5006258
Repsol,2025-09-26,15.17,0.13,0.84,15.22,15.04,3266140
Repsol,2025-09-29,14.95,-0.22,-1.44,15.2,14.94,5202490
Repsol,2025-09-30,14.61,-0.34,-2.3,14.87,14.22,5771875
Repsol,2025-10-01,14.83,0.22,1.49,14.83,14.58,3513280
Repsol,2025-10-02,14.56,-0.27,-1.8,14.84,14.56,3390342
Repsol,2025-10-03,14.59,0.03,0.2,14.74,14.56,3360627
Repsol,2025-10-06,14.79,0.2,1.4,14.89,14.67,3119147
Repsol,2025-10-07,14.47,-0.32,-2.16,14.88,14.47,8410030
Repsol,2025-10-08,14.45,-0.02,-0.17,14.66,14.37,4298212
Repsol,2025-10-09,14.13,-0.32,-2.18,14.4,14.11,4013714
Repsol,2025-10-10,14.05,-0.09,-0.62,14.26,14.0,3034035
Repsol,2025-10-13,14.17,0.13,0.9,14.26,14.12,2157791
Repsol,2025-10-14,14.1,-0.07,-0.48,14.16,13.95,3749189
Repsol,2025-10-15,14.08,-0.02,-0.17,14.23,14.05,2521918
Repsol,2025-10-16,13.87,-0.21,-1.48,14.07,13.8,6682482
Repsol,2025-10-17,13.89,0.01,0.1,13.89,13.54,4078849
Repsol,2025-10-20,13.85,-0.04,-0.28,14.04,13.85,3895652
Repsol,2025-10-21,14.0,0.15,1.09,14.07,13.87,2703298
Repsol,2025-10-22,14.35,0.35,2.49,14.36,14.09,3214547
Repsol,2025-10-23,14.83,0.48,3.35,14.88,14.57,5109444
Repsol,2025-10-24,15.0,0.17,1.18,15.04,14.74,3364051
Repsol,2025-10-27,15.18,0.18,1.2,15.18,14.98,4663705
Repsol,2025-10-28,15.22,0.04,0.29,15.26,14.91,3016685
Repsol,2025-10-29,15.43,0.2,1.34,15.48,15.21,4338644
Repsol,2025-10-30,15.51,0.08,0.53,15.51,15.04,3910706
Repsol,2025-10-31,15.39,-0.12,-0.75,15.52,15.18,2834912
Repsol,2025-11-03,15.48,0.08,0.54,15.54,15.4,2600334
Repsol,2025-11-04,15.42,-0.06,-0.38,15.42,15.2,3119894
Repsol,2025-11-05,15.55,0.14,0.88,15.55,15.35,1990023
Repsol,2025-11-06,15.85,0.3,1.9,15.89,15.43,4349617
Repsol,2025-11-07,16.04,0.19,1.19,16.13,15.9,3682074
Repsol,2025-11-10,15.96,-0.08,-0.51,16.2,15.84,2150123
Repsol,2025-11-11,16.33,0.38,2.37,16.35,16.01,2748834
Repsol,2025-11-12,16.2,-0.14,-0.83,16.36,15.95,4153644
Repsol,2025-11-13,16.51,0.32,1.95,16.56,16.12,3522805
Repsol,2025-11-14,16.53,0.01,0.09,16.54,16.17,3180066
Repsol,2025-11-17,16.43,-0.1,-0.62,16.63,16.41,2463143
Repsol,2025-11-18,16.24,-0.19,-1.15,16.29,16.03,3237449
Repsol,2025-11-19,15.78,-0.46,-2.84,16.54,15.73,5689989
Repsol,2025-11-20,15.84,0.07,0.43,16.04,15.8,4307117
Repsol,2025-11-21,15.22,-0.62,-3.92,15.52,15.01,6529312
Repsol,2025-11-24,15.13,-0.1,-0.64,15.2,14.88,8692825
Repsol,2025-11-25,15.09,-0.04,-0.26,15.29,15.02,3024011
Repsol,2025-11-26,15.22,0.14,0.9,15.27,15.1,2811009
Repsol,2025-11-27,15.27,0.05,0.32,15.33,15.17,1895382
Repsol,2025-11-28,15.5,0.22,1.46,15.51,15.32,2459572
Repsol,2025-12-01,15.72,0.22,1.44,15.82,15.55,3527458
Repsol,2025-12-02,15.74,0.02,0.12,15.84,15.69,2972062
Repsol,2025-12-03,15.89,0.15,0.96,16.1,15.72,2985816
Repsol,2025-12-04,15.78,-0.11,-0.67,15.98,15.56,3455833
Repsol,2025-12-05,15.79,0.01,0.06,15.83,15.57,3387018
Repsol,2025-12-08,15.77,-0.02,-0.12,16.06,15.73,4101837
Repsol,2025-12-09,15.78,0.01,0.06,15.91,15.74,2843474
Repsol,2025-12-10,15.82,0.03,0.22,15.94,15.68,4252253
Repsol,2025-12-11,15.52,-0.3,-1.9,15.9,15.52,2588864
Repsol,2025-12-12,15.36,-0.16,-1.03,15.66,15.32,4355979
Repsol,2025-12-15,15.25,-0.11,-0.69,15.52,15.19,3120157
Repsol,2025-12-16,14.87,-0.38,-2.48,15.24,14.75,5014951
Repsol,2025-12-17,14.99,0.12,0.78,15.06,14.8,4138518
Repsol,2025-12-18,14.97,-0.02,-0.13,15.16,14.89,9274337
Repsol,2025-12-19,15.13,0.16,1.07,15.14,14.8,15915043
Repsol,2025-12-22,15.4,0.28,1.83,15.4,15.13,2282691
Repsol,2025-12-23,15.3,-0.1,-0.66,15.38,15.21,1875094
Repsol,2025-12-24,15.32,0.01,0.1,15.39,15.29,459724
Repsol,2025-12-29,15.41,0.1,0.63,15.41,15.18,1902258
Repsol,2025-12-30,15.5,0.09,0.57,15.56,15.38,2392001
Repsol,2025-12-31,15.44,-0.06,-0.38,15.56,15.44,1373986
Repsol,2026-01-02,15.91,0.47,3.05,15.93,15.47,12062492
Repsol,2026-01-05,16.47,0.55,3.47,16.47,15.93,8021649
Repsol,2026-01-06,16.14,-0.33,-2.0,16.75,16.11,18088964
Repsol,2026-01-07,15.77,-0.37,-2.28,15.95,15.53,11483292
Repsol,2026-01-08,15.86,0.1,0.62,15.99,15.56,6685836
Repsol,2026-01-09,16.0,0.14,0.86,16.16,15.8,8069247
Repsol,2026-01-12,16.18,0.18,1.13,16.29,15.98,4754782
Repsol,2026-01-13,16.23,0.05,0.28,16.5,15.88,3916355
Repsol,2026-01-14,16.75,0.52,3.24,16.75,16.08,5594064
Repsol,2026-01-15,15.69,-1.06,-6.3,16.05,15.57,10106562
Repsol,2026-01-16,15.69,0.0,0.0,15.89,15.44,4773704
Repsol,2026-01-19,15.73,0.04,0.25,15.85,15.47,4291601
Repsol,2026-01-20,15.7,-0.03,-0.19,15.73,15.32,5378061
Repsol,2026-01-21,16.14,0.43,2.77,16.17,15.72,4527898
Repsol,2026-01-22,15.68,-0.46,-2.85,16.35,15.52,4544554
Repsol,2026-01-23,15.8,0.12,0.77,15.98,15.62,4082085
Repsol,2026-01-26,15.97,0.17,1.08,16.03,15.81,2676907
Repsol,2026-01-27,15.81,-0.16,-1.03,15.95,15.73,2506308
Repsol,2026-01-28,15.97,0.16,1.04,16.06,15.76,3126048
Repsol,2026-01-29,16.25,0.28,1.78,16.4,16.02,5494876
Repsol,2026-01-30,16.56,0.3,1.85,16.56,16.03,4543872
Repsol,2026-02-02,16.36,-0.19,-1.18,16.49,16.01,4110556
Repsol,2026-02-03,16.41,0.05,0.28,16.43,15.99,4580323
Repsol,2026-02-04,16.5,0.1,0.61,16.8,16.46,5066926
Repsol,2026-02-05,16.15,-0.35,-2.15,16.62,16.15,4652773
Repsol,2026-02-06,16.8,0.65,3.99,16.8,16.2,4536847
Repsol,2026-02-09,16.88,0.08,0.48,16.88,16.61,2696222
Repsol,2026-02-10,16.61,-0.26,-1.54,16.97,16.57,3356094
Repsol,2026-02-11,17.11,0.5,3.01,17.12,16.69,4226154
Repsol,2026-02-12,16.67,-0.44,-2.57,17.24,16.67,4064049
Repsol,2026-02-13,16.99,0.32,1.89,16.99,16.62,2812186
Repsol,2026-02-16,17.11,0.12,0.74,17.24,16.93,2493820
Repsol,2026-02-17,17.15,0.03,0.2,17.33,16.93,2787217
Repsol,2026-02-18,17.64,0.49,2.83,17.65,17.17,3869963
Repsol,2026-02-19,18.14,0.5,2.86,18.2,17.32,7805787
Repsol,2026-02-20,18.3,0.16,0.88,18.37,17.95,5774446
Repsol,2026-02-23,18.52,0.23,1.23,18.61,18.08,3142154
Repsol,2026-02-24,18.67,0.15,0.78,18.75,18.48,2932305
Repsol,2026-02-25,18.84,0.17,0.91,18.86,18.57,2437495
Repsol,2026-02-26,18.98,0.14,0.72,18.99,18.56,3367015
Repsol,2026-02-27,19.01,0.04,0.21,19.19,18.83,4893072
Repsol,2026-03-02,20.08,1.07,5.6,20.57,19.67,10539038
Repsol,2026-03-03,20.7,0.62,3.09,20.82,19.94,13069089
Repsol,2026-03-04,20.11,-0.59,-2.85,20.57,20.06,8436930
Repsol,2026-03-05,20.22,0.11,0.55,20.88,20.07,7698358
Repsol,2026-03-06,20.76,0.54,2.67,20.82,20.19,8121288
Repsol,2026-03-09,20.97,0.21,1.01,21.11,20.63,7374520
Repsol,2026-03-10,20.75,-0.22,-1.05,21.06,19.2,8143164
Repsol,2026-03-11,21.7,0.95,4.58,21.78,20.77,6036241
Repsol,2026-03-12,22.27,0.57,2.63,22.37,21.63,6941384
Repsol,2026-03-13,23.0,0.73,3.28,23.0,22.35,10027236
Repsol,2026-03-16,23.32,0.32,1.39,24.3,23.01,8822412
Sabadell,2025-03-17,2.5,0.0,0.0,2.52,2.47,9175146
Sabadell,2025-03-18,2.57,0.06,2.45,2.57,2.52,15182359
Sabadell,2025-03-19,2.55,-0.01,-0.5,2.56,2.5,14262471
Sabadell,2025-03-20,2.51,-0.04,-1.58,2.57,2.48,16831157
Sabadell,2025-03-21,2.55,0.03,1.39,2.56,2.49,27810044
Sabadell,2025-03-24,2.53,-0.02,-0.72,2.59,2.51,15105840
Sabadell,2025-03-25,2.57,0.04,1.67,2.58,2.53,26707080
Sabadell,2025-03-26,2.55,-0.02,-0.66,2.59,2.54,23588959
Sabadell,2025-03-27,2.54,-0.02,-0.68,2.54,2.48,10662558
Sabadell,2025-03-28,2.48,-0.06,-2.19,2.56,2.48,14952071
Sabadell,2025-03-31,2.48,-0.01,-0.27,2.49,2.4,38682907
Sabadell,2025-04-01,2.52,0.05,1.98,2.53,2.46,15576152
Sabadell,2025-04-02,2.52,-0.0,-0.08,2.52,2.49,12525840
Sabadell,2025-04-03,2.48,-0.04,-1.56,2.49,2.4,23066086
Sabadell,2025-04-04,2.21,-0.27,-10.97,2.43,2.14,57376891
Sabadell,2025-04-07,2.09,-0.12,-5.47,2.19,1.82,60328083
Sabadell,2025-04-08,2.16,0.07,3.58,2.22,2.09,30340076
Sabadell,2025-04-09,2.12,-0.04,-1.95,2.16,2.01,28593701
Sabadell,2025-04-10,2.25,0.13,6.19,2.55,2.25,32620017
Sabadell,2025-04-11,2.26,0.01,0.3,2.32,2.22,15114201
Sabadell,2025-04-14,2.32,0.06,2.67,2.33,2.3,14018199
Sabadell,2025-04-15,2.39,0.07,2.93,2.39,2.32,15237860
Sabadell,2025-04-16,2.4,0.01,0.52,2.4,2.33,14837999
Sabadell,2025-04-17,2.38,-0.02,-1.04,2.43,2.35,14691654
Sabadell,2025-04-22,2.4,0.02,1.05,2.42,2.35,13452855
Sabadell,2025-04-23,2.48,0.08,3.35,2.48,2.42,17305561
Sabadell,2025-04-24,2.46,-0.02,-0.77,2.49,2.46,11097704
Sabadell,2025-04-25,2.51,0.05,1.95,2.51,2.48,9989199
Sabadell,2025-04-28,2.55,0.04,1.49,2.57,2.53,12520807
Sabadell,2025-04-29,2.51,-0.04,-1.51,2.58,2.48,14762784
Sabadell,2025-04-30,2.46,-0.05,-2.03,2.53,2.43,18977889
Sabadell,2025-05-02,2.43,-0.03,-1.33,2.53,2.42,18518201
Sabadell,2025-05-05,2.44,0.01,0.55,2.46,2.42,11303896
Sabadell,2025-05-06,2.41,-0.03,-1.14,2.47,2.4,14984390
Sabadell,2025-05-07,2.45,0.04,1.51,2.46,2.4,13688295
Sabadell,2025-05-08,2.54,0.09,3.64,2.54,2.45,20195113
Sabadell,2025-05-09,2.52,-0.02,-0.76,2.56,2.51,14852430
Sabadell,2025-05-12,2.57,0.05,2.09,2.58,2.53,15866851
Sabadell,2025-05-13,2.59,0.02,0.67,2.61,2.56,14919285
Sabadell,2025-05-14,2.63,0.04,1.44,2.63,2.59,16274437
Sabadell,2025-05-15,2.6,-0.03,-1.1,2.63,2.59,12071660
Sabadell,2025-05-16,2.62,0.02,0.85,2.63,2.59,16895903
Sabadell,2025-05-19,2.66,0.04,1.43,2.67,2.62,14105357
Sabadell,2025-05-20,2.71,0.05,1.99,2.71,2.67,16822059
Sabadell,2025-05-21,2.67,-0.04,-1.38,2.73,2.64,15583522
Sabadell,2025-05-22,2.71,0.03,1.29,2.71,2.66,12548223
Sabadell,2025-05-23,2.65,-0.06,-2.23,2.73,2.55,17283194
Sabadell,2025-05-26,2.68,0.04,1.38,2.71,2.67,11789797
Sabadell,2025-05-27,2.69,0.01,0.29,2.71,2.66,14216487
Sabadell,2025-05-28,2.66,-0.03,-1.18,2.71,2.65,12830525
Sabadell,2025-05-29,2.67,0.02,0.61,2.7,2.66,9678371
Sabadell,2025-05-30,2.69,0.02,0.57,2.7,2.66,17883217
Sabadell,2025-06-02,2.69,0.0,0.0,2.7,2.65,10184518
Sabadell,2025-06-03,2.67,-0.02,-0.82,2.7,2.65,9352779
Sabadell,2025-06-04,2.65,-0.01,-0.54,2.7,2.64,12922010
Sabadell,2025-06-05,2.69,0.04,1.55,2.69,2.64,10965226
Sabadell,2025-06-06,2.7,0.0,0.07,2.72,2.68,10166400
Sabadell,2025-06-09,2.7,0.0,0.04,2.72,2.69,9683267
Sabadell,2025-06-10,2.67,-0.03,-1.0,2.72,2.67,10334943
Sabadell,2025-06-11,2.69,0.02,0.72,2.72,2.67,11440351
Sabadell,2025-06-12,2.72,0.03,1.21,2.73,2.67,13536795
Sabadell,2025-06-13,2.66,-0.06,-2.15,2.71,2.66,12725289
Sabadell,2025-06-16,2.72,0.06,2.16,2.73,2.66,15280016
Sabadell,2025-06-17,2.66,-0.07,-2.43,2.72,2.66,12111681
Sabadell,2025-06-18,2.69,0.03,1.3,2.69,2.65,8194252
Sabadell,2025-06-19,2.63,-0.06,-2.07,2.69,2.63,8570984
Sabadell,2025-06-20,2.6,-0.03,-1.13,2.69,2.6,48130796
Sabadell,2025-06-23,2.58,-0.03,-1.1,2.61,2.55,14119370
Sabadell,2025-06-24,2.59,0.01,0.45,2.65,2.55,26457698
Sabadell,2025-06-25,2.53,-0.06,-2.15,2.6,2.52,17075931
Sabadell,2025-06-26,2.54,0.01,0.27,2.55,2.53,12596045
Sabadell,2025-06-27,2.59,0.05,1.93,2.59,2.56,13822684
Sabadell,2025-06-30,2.59,0.0,0.19,2.6,2.56,14717652
Sabadell,2025-07-01,2.59,-0.0,-0.04,2.63,2.59,14087020
Sabadell,2025-07-02,2.73,0.14,5.22,2.73,2.64,27013927
Sabadell,2025-07-03,2.77,0.04,1.44,2.77,2.73,19234267
Sabadell,2025-07-04,2.75,-0.01,-0.45,2.8,2.74,13969917
Sabadell,2025-07-07,2.81,0.06,2.12,2.81,2.76,14792275
Sabadell,2025-07-08,2.85,0.04,1.47,2.87,2.82,16538423
Sabadell,2025-07-09,2.92,0.07,2.42,2.95,2.87,19846631
Sabadell,2025-07-10,2.88,-0.04,-1.31,2.94,2.88,12827384
Sabadell,2025-07-11,2.81,-0.08,-2.63,2.89,2.81,17901388
Sabadell,2025-07-14,2.83,0.02,0.75,2.84,2.76,15288603
Sabadell,2025-07-15,2.78,-0.05,-1.66,2.85,2.78,14988200
Sabadell,2025-07-16,2.77,-0.01,-0.48,2.82,2.77,15313659
Sabadell,2025-07-17,2.78,0.01,0.24,2.82,2.77,13015114
Sabadell,2025-07-18,2.78,0.0,0.0,2.81,2.77,11894337
Sabadell,2025-07-21,2.77,-0.01,-0.21,2.79,2.74,13034934
Sabadell,2025-07-22,2.79,0.02,0.87,2.81,2.77,13228021
Sabadell,2025-07-23,2.82,0.02,0.86,2.84,2.79,16798785
Sabadell,2025-07-24,2.83,0.02,0.58,2.88,2.83,20681345
Sabadell,2025-07-25,2.83,0.0,0.0,2.86,2.83,10797568
Sabadell,2025-07-28,2.91,0.08,2.71,2.93,2.87,18100913
Sabadell,2025-07-29,2.98,0.07,2.37,3.0,2.92,18665195
Sabadell,2025-07-30,2.98,-0.0,-0.03,3.0,2.95,20011719
Sabadell,2025-07-31,3.11,0.13,4.35,3.15,3.0,23002344
Sabadell,2025-08-01,2.99,-0.12,-3.73,3.1,2.96,16291736
Sabadell,2025-08-04,3.05,0.06,2.08,3.07,3.0,11893752
Sabadell,2025-08-05,3.03,-0.02,-0.78,3.07,3.0,12662819
Sabadell,2025-08-06,3.09,0.06,1.99,3.1,3.04,13384127
Sabadell,2025-08-07,3.14,0.04,1.43,3.15,3.09,12741439
Sabadell,2025-08-08,3.18,0.04,1.35,3.18,3.12,12852391
Sabadell,2025-08-11,3.2,0.02,0.69,3.23,3.18,11144908
Sabadell,2025-08-12,3.23,0.03,0.99,3.28,3.21,15593085
Sabadell,2025-08-13,3.28,0.05,1.45,3.28,3.24,10304729
Sabadell,2025-08-14,3.3,0.02,0.59,3.31,3.26,11720751
Sabadell,2025-08-15,3.3,0.01,0.2,3.34,3.29,9929475
Sabadell,2025-08-18,3.28,-0.02,-0.58,3.3,3.25,8499648
Sabadell,2025-08-19,3.29,0.0,0.09,3.31,3.28,7902227
Sabadell,2025-08-20,3.26,-0.02,-0.76,3.29,3.26,38260155
Sabadell,2025-08-21,3.28,0.02,0.56,3.28,3.25,9301880
Sabadell,2025-08-22,3.28,0.0,0.0,3.3,3.26,25240366
Sabadell,2025-08-25,3.27,-0.01,-0.29,3.32,3.26,9969666
Sabadell,2025-08-26,3.25,-0.02,-0.59,3.29,3.22,41973777
Sabadell,2025-08-27,3.2,-0.05,-1.63,3.27,3.19,10456712
Sabadell,2025-08-28,3.2,-0.0,-0.12,3.23,3.17,4715940
Sabadell,2025-08-29,3.18,-0.02,-0.55,3.19,3.14,9123523
Sabadell,2025-09-01,3.18,0.01,0.18,3.18,3.16,6280035
Sabadell,2025-09-02,3.12,-0.06,-1.85,3.2,3.1,10319471
Sabadell,2025-09-03,3.15,0.02,0.75,3.15,3.1,6622118
Sabadell,2025-09-04,3.18,0.03,1.03,3.18,3.11,6152402
Sabadell,2025-09-05,3.15,-0.03,-0.89,3.21,3.13,9231367
Sabadell,2025-09-08,3.18,0.03,0.81,3.19,3.14,7631326
Sabadell,2025-09-09,3.23,0.06,1.76,3.23,3.14,8513806
Sabadell,2025-09-10,3.29,0.06,1.88,3.29,3.22,15990616
Sabadell,2025-09-11,3.29,-0.01,-0.18,3.3,3.26,8818731
Sabadell,2025-09-12,3.31,0.02,0.71,3.31,3.23,14569074
Sabadell,2025-09-15,3.28,-0.04,-1.06,3.32,3.25,14204253
Sabadell,2025-09-16,3.19,-0.08,-2.54,3.27,3.17,16562053
Sabadell,2025-09-17,3.12,-0.08,-2.36,3.21,3.08,16739739
Sabadell,2025-09-18,3.16,0.04,1.22,3.16,3.11,12205906
Sabadell,2025-09-19,3.27,0.11,3.6,3.27,3.15,46140061
Sabadell,2025-09-22,3.14,-0.13,-3.92,3.25,3.12,23676117
Sabadell,2025-09-23,3.19,0.05,1.56,3.2,3.12,11589786
Sabadell,2025-09-24,3.22,0.03,1.04,3.24,3.15,9138347
Sabadell,2025-09-25,3.2,-0.03,-0.88,3.22,3.18,10219539
Sabadell,2025-09-26,3.27,0.07,2.27,3.27,3.19,12369761
Sabadell,2025-09-29,3.22,-0.04,-1.32,3.26,3.22,9507089
Sabadell,2025-09-30,3.23,0.01,0.21,3.26,3.21,10508840
Sabadell,2025-10-01,3.22,-0.01,-0.21,3.23,3.18,16244828
Sabadell,2025-10-02,3.21,-0.01,-0.3,3.28,3.2,15284665
Sabadell,2025-10-03,3.25,0.04,1.13,3.29,3.21,15366883
Sabadell,2025-10-06,3.24,-0.01,-0.39,3.26,3.18,13416543
Sabadell,2025-10-07,3.21,-0.03,-0.97,3.25,3.21,11094786
Sabadell,2025-10-08,3.24,0.03,1.01,3.27,3.19,19043134
Sabadell,2025-10-09,3.18,-0.05,-1.69,3.24,3.18,20283446
Sabadell,2025-10-10,3.1,-0.08,-2.61,3.21,3.1,19940257
Sabadell,2025-10-13,3.15,0.05,1.71,3.15,3.11,5968034
Sabadell,2025-10-14,3.19,0.03,1.09,3.19,3.12,7034393
Sabadell,2025-10-15,3.16,-0.03,-0.92,3.23,3.16,8383235
Sabadell,2025-10-16,3.16,0.0,0.09,3.19,3.13,7272581
Sabadell,2025-10-17,2.95,-0.21,-6.78,3.0,2.86,75929396
Sabadell,2025-10-20,3.08,0.14,4.65,3.09,2.98,28865712
Sabadell,2025-10-21,3.06,-0.02,-0.73,3.11,3.06,12846012
Sabadell,2025-10-22,3.06,0.0,0.03,3.08,3.03,10408293
Sabadell,2025-10-23,3.03,-0.03,-0.99,3.08,3.03,8105623
Sabadell,2025-10-24,3.04,0.01,0.19,3.06,3.01,12046478
Sabadell,2025-10-27,3.08,0.04,1.26,3.08,3.02,18292034
Sabadell,2025-10-28,3.13,0.06,1.85,3.14,3.06,10134182
Sabadell,2025-10-29,3.15,0.01,0.37,3.15,3.11,12018617
Sabadell,2025-10-30,3.14,-0.01,-0.19,3.15,3.11,9210029
Sabadell,2025-10-31,3.18,0.04,1.15,3.2,3.12,9706914
Sabadell,2025-11-03,3.21,0.03,1.02,3.25,3.18,13493238
Sabadell,2025-11-04,3.23,0.02,0.55,3.23,3.15,8176535
Sabadell,2025-11-05,3.21,-0.02,-0.52,3.21,3.17,8547302
Sabadell,2025-11-06,3.26,0.05,1.5,3.26,3.21,13380097
Sabadell,2025-11-07,3.16,-0.1,-2.95,3.27,3.16,9041363
Sabadell,2025-11-10,3.23,0.07,2.26,3.24,3.21,20653191
Sabadell,2025-11-11,3.31,0.07,2.3,3.31,3.24,14949128
Sabadell,2025-11-12,3.36,0.05,1.54,3.38,3.31,25568952
Sabadell,2025-11-13,3.18,-0.18,-5.22,3.26,3.18,39129942
Sabadell,2025-11-14,3.12,-0.07,-2.09,3.15,3.06,22432338
Sabadell,2025-11-17,3.1,-0.02,-0.57,3.15,3.08,16477751
Sabadell,2025-11-18,3.02,-0.08,-2.56,3.07,3.01,14359127
Sabadell,2025-11-19,3.05,0.03,0.91,3.06,3.0,15296145
Sabadell,2025-11-20,3.05,0.01,0.26,3.12,3.05,9156558
Sabadell,2025-11-21,3.03,-0.02,-0.8,3.03,2.97,9635555
Sabadell,2025-11-24,3.06,0.03,1.13,3.1,3.04,13079850
Sabadell,2025-11-25,3.05,-0.01,-0.45,3.09,3.05,13554541
Sabadell,2025-11-26,3.12,0.07,2.18,3.13,3.07,9279217
Sabadell,2025-11-27,3.11,-0.0,-0.16,3.13,3.09,9403655
Sabadell,2025-11-28,3.07,-0.04,-1.26,3.12,3.07,7564220
Sabadell,2025-12-01,3.1,0.03,0.99,3.12,3.07,8576068
Sabadell,2025-12-02,3.13,0.03,0.82,3.15,3.12,11312508
Sabadell,2025-12-03,3.16,0.03,0.91,3.22,3.12,14958969
Sabadell,2025-12-04,3.22,0.06,1.99,3.22,3.17,12098735
Sabadell,2025-12-05,3.18,-0.04,-1.25,3.27,3.18,10540731
Sabadell,2025-12-08,3.23,0.05,1.45,3.23,3.17,11697246
Sabadell,2025-12-09,3.26,0.03,1.0,3.26,3.21,28300342
Sabadell,2025-12-10,3.22,-0.04,-1.17,3.24,3.21,6260918
Sabadell,2025-12-11,3.26,0.04,1.09,3.28,3.22,13552536
Sabadell,2025-12-12,3.21,-0.05,-1.38,3.3,3.21,11802211
Sabadell,2025-12-15,3.28,0.07,2.2,3.29,3.24,10932454
Sabadell,2025-12-16,3.27,-0.01,-0.33,3.32,3.26,13119980
Sabadell,2025-12-17,3.29,0.02,0.48,3.31,3.28,16736625
Sabadell,2025-12-18,3.3,0.01,0.39,3.32,3.27,12455732
Sabadell,2025-12-19,3.35,0.05,1.51,3.35,3.31,33921184
Sabadell,2025-12-22,3.31,-0.04,-1.2,3.36,3.3,13379721
Sabadell,2025-12-23,3.35,0.04,1.24,3.35,3.28,13439048
Sabadell,2025-12-24,3.35,0.0,0.0,3.35,3.32,2744175
Sabadell,2025-12-29,3.33,-0.02,-0.51,3.38,3.33,11261789
Sabadell,2025-12-30,3.38,0.04,1.29,3.38,3.33,12474098
Sabadell,2025-12-31,3.37,-0.01,-0.3,3.38,3.35,4984616
Sabadell,2026-01-02,3.45,0.08,2.41,3.45,3.35,19118848
Sabadell,2026-01-05,3.43,-0.01,-0.35,3.48,3.39,15152292
Sabadell,2026-01-06,3.4,-0.03,-0.96,3.48,3.4,10090484
Sabadell,2026-01-07,3.29,-0.11,-3.15,3.4,3.29,19023587
Sabadell,2026-01-08,3.33,0.04,1.15,3.35,3.27,7577694
Sabadell,2026-01-09,3.3,-0.03,-0.96,3.35,3.27,12224122
Sabadell,2026-01-12,3.33,0.03,0.97,3.34,3.24,9978690
Sabadell,2026-01-13,3.33,-0.0,-0.06,3.37,3.33,10600332
Sabadell,2026-01-14,3.25,-0.08,-2.31,3.32,3.24,17413493
Sabadell,2026-01-15,3.25,0.0,0.03,3.3,3.23,8593450
Sabadell,2026-01-16,3.24,-0.01,-0.43,3.26,3.22,10553881
Sabadell,2026-01-19,3.21,-0.03,-0.9,3.22,3.17,9319466
Sabadell,2026-01-20,3.16,-0.05,-1.59,3.18,3.07,35635245
Sabadell,2026-01-21,3.21,0.05,1.52,3.22,3.12,12306636
Sabadell,2026-01-22,3.23,0.02,0.69,3.27,3.18,10883217
Sabadell,2026-01-23,3.19,-0.04,-1.18,3.24,3.18,7216712
Sabadell,2026-01-26,3.24,0.05,1.44,3.25,3.2,8289538
Sabadell,2026-01-27,3.3,0.06,1.85,3.3,3.25,13215222
Sabadell,2026-01-28,3.19,-0.11,-3.18,3.31,3.19,15698756
Sabadell,2026-01-29,3.18,-0.01,-0.41,3.24,3.16,9556242
Sabadell,2026-01-30,3.31,0.12,3.93,3.31,3.19,20307829
Sabadell,2026-02-02,3.4,0.09,2.75,3.4,3.26,17461548
Sabadell,2026-02-03,3.4,0.0,0.12,3.45,3.38,15955684
Sabadell,2026-02-04,3.39,-0.01,-0.24,3.44,3.37,11413499
Sabadell,2026-02-05,3.26,-0.13,-3.77,3.4,3.26,12714329
Sabadell,2026-02-06,3.11,-0.15,-4.72,3.17,3.05,47953363
Sabadell,2026-02-09,3.28,0.17,5.53,3.29,3.12,23890034
Sabadell,2026-02-10,3.26,-0.02,-0.64,3.35,3.25,17004542
Sabadell,2026-02-11,3.24,-0.02,-0.67,3.31,3.22,15441131
Sabadell,2026-02-12,3.2,-0.03,-1.05,3.31,3.2,18053539
Sabadell,2026-02-13,3.12,-0.08,-2.5,3.25,3.12,22126399
Sabadell,2026-02-16,3.18,0.05,1.63,3.19,3.16,14042219
Sabadell,2026-02-17,3.2,0.02,0.63,3.22,3.16,22292953
Sabadell,2026-02-18,3.25,0.05,1.72,3.28,3.21,13887934
Sabadell,2026-02-19,3.22,-0.03,-0.92,3.27,3.2,10478436
Sabadell,2026-02-20,3.29,0.07,2.05,3.29,3.21,14834639
Sabadell,2026-02-23,3.34,0.06,1.7,3.4,3.31,21773158
Sabadell,2026-02-24,3.24,-0.1,-3.02,3.33,3.22,17463296
Sabadell,2026-02-25,3.29,0.04,1.36,3.29,3.26,8076565
Sabadell,2026-02-26,3.28,-0.01,-0.18,3.3,3.24,14024763
Sabadell,2026-02-27,3.21,-0.07,-2.2,3.28,3.21,30343326
Sabadell,2026-03-02,3.13,-0.08,-2.49,3.15,3.05,26442556
Sabadell,2026-03-03,3.02,-0.11,-3.58,3.11,2.97,37863843
Sabadell,2026-03-04,3.06,0.04,1.33,3.1,2.94,29113712
Sabadell,2026-03-05,3.01,-0.05,-1.54,3.09,3.01,20879987
Sabadell,2026-03-06,2.99,-0.02,-0.6,3.05,2.94,20851189
Sabadell,2026-03-09,3.02,0.03,1.1,3.04,2.89,21179979
Sabadell,2026-03-10,3.15,0.12,4.1,3.16,3.09,19678730
Sabadell,2026-03-11,3.17,0.02,0.7,3.22,3.12,18760696
Sabadell,2026-03-12,3.04,-0.13,-4.16,3.15,3.0,23640740
Sabadell,2026-03-13,3.02,-0.01,-0.46,3.07,2.99,12315576
Sabadell,2026-03-16,3.04,0.02,0.56,3.06,3.0,9141769
Sacyr,2025-03-17,3.18,0.0,0.0,3.18,3.15,1593154
Sacyr,2025-03-18,3.24,0.06,1.9,3.24,3.17,2200586
Sacyr,2025-03-19,3.24,0.0,0.06,3.24,3.19,2046772
Sacyr,2025-03-20,3.24,0.0,0.06,3.28,3.2,1376261
Sacyr,2025-03-21,3.22,-0.02,-0.54,3.25,3.2,4891591
Sacyr,2025-03-24,3.22,-0.01,-0.18,3.25,3.21,1148989
Sacyr,2025-03-25,3.27,0.05,1.58,3.27,3.22,1833801
Sacyr,2025-03-26,3.25,-0.01,-0.42,3.28,3.25,1452309
Sacyr,2025-03-27,3.28,0.02,0.66,3.29,3.22,1568533
Sacyr,2025-03-28,3.23,-0.04,-1.37,3.29,3.22,1241072
Sacyr,2025-03-31,3.13,-0.1,-3.08,3.22,3.09,2724708
Sacyr,2025-04-01,3.14,0.01,0.19,3.15,3.1,1292266
Sacyr,2025-04-02,3.15,0.01,0.25,3.15,3.1,1131866
Sacyr,2025-04-03,3.07,-0.07,-2.36,3.15,3.06,2208217
Sacyr,2025-04-04,2.85,-0.22,-7.24,3.03,2.82,4931817
Sacyr,2025-04-07,2.73,-0.12,-4.24,2.89,2.46,5921154
Sacyr,2025-04-08,2.78,0.06,2.07,2.83,2.7,2728462
Sacyr,2025-04-09,2.69,-0.09,-3.22,2.75,2.63,3186302
Sacyr,2025-04-10,2.83,0.13,4.99,3.03,2.82,3149125
Sacyr,2025-04-11,2.83,0.0,0.14,2.86,2.79,1834120
Sacyr,2025-04-14,2.92,0.09,3.17,2.93,2.89,1495428
Sacyr,2025-04-15,2.99,0.07,2.4,3.0,2.93,2052561
Sacyr,2025-04-16,3.02,0.02,0.78,3.02,2.97,1438177
Sacyr,2025-04-17,3.01,-0.01,-0.26,3.03,3.0,1562439
Sacyr,2025-04-22,3.02,0.01,0.39,3.04,2.99,2415251
Sacyr,2025-04-23,3.04,0.02,0.71,3.08,3.04,2235830
Sacyr,2025-04-24,3.06,0.02,0.64,3.08,3.05,1371329
Sacyr,2025-04-25,3.15,0.09,2.8,3.15,3.08,5036266
Sacyr,2025-04-28,3.16,0.01,0.37,3.18,3.15,1272450
Sacyr,2025-04-29,3.13,-0.03,-0.93,3.19,3.12,1146712
Sacyr,2025-04-30,3.14,0.01,0.44,3.18,3.1,1493869
Sacyr,2025-05-02,3.19,0.05,1.55,3.22,3.12,2172974
Sacyr,2025-05-05,3.2,0.01,0.18,3.21,3.19,1194073
Sacyr,2025-05-06,3.24,0.04,1.28,3.24,3.18,1783192
Sacyr,2025-05-07,3.22,-0.02,-0.66,3.25,3.2,1190203
Sacyr,2025-05-08,3.23,0.01,0.3,3.25,3.22,1676026
Sacyr,2025-05-09,3.24,0.01,0.3,3.24,3.23,1397234
Sacyr,2025-05-12,3.28,0.05,1.45,3.32,3.26,2625828
Sacyr,2025-05-13,3.34,0.06,1.72,3.35,3.28,2098312
Sacyr,2025-05-14,3.33,-0.01,-0.41,3.38,3.32,5549891
Sacyr,2025-05-15,3.35,0.03,0.76,3.36,3.2,3730262
Sacyr,2025-05-16,3.36,0.01,0.29,3.37,3.35,1591976
Sacyr,2025-05-19,3.41,0.05,1.45,3.42,3.34,1823155
Sacyr,2025-05-20,3.44,0.03,0.91,3.45,3.41,2008007
Sacyr,2025-05-21,3.44,-0.0,-0.06,3.46,3.41,1605792
Sacyr,2025-05-22,3.48,0.04,1.25,3.49,3.38,2177232
Sacyr,2025-05-23,3.44,-0.04,-1.12,3.51,3.38,2763789
Sacyr,2025-05-26,3.47,0.03,0.91,3.5,3.46,1290958
Sacyr,2025-05-27,3.47,-0.0,-0.11,3.5,3.45,1341163
Sacyr,2025-05-28,3.48,0.01,0.34,3.5,3.47,6623328
Sacyr,2025-05-29,3.48,0.0,0.0,3.53,3.48,1743770
Sacyr,2025-05-30,3.47,-0.01,-0.22,3.53,3.47,1729035
Sacyr,2025-06-02,3.49,0.01,0.39,3.52,3.46,1533075
Sacyr,2025-06-03,3.47,-0.01,-0.39,3.49,3.45,2861785
Sacyr,2025-06-04,3.41,-0.07,-1.96,3.49,3.39,2164728
Sacyr,2025-06-05,3.4,-0.01,-0.17,3.44,3.39,1855648
Sacyr,2025-06-06,3.39,-0.01,-0.29,3.42,3.39,1449204
Sacyr,2025-06-09,3.38,-0.01,-0.35,3.41,3.38,26021400
Sacyr,2025-06-10,3.49,0.11,3.23,3.51,3.37,2887312
Sacyr,2025-06-11,3.46,-0.03,-0.78,3.54,3.46,4506611
Sacyr,2025-06-12,3.47,0.01,0.34,3.48,3.42,1338869
Sacyr,2025-06-13,3.44,-0.03,-0.9,3.46,3.39,2366305
Sacyr,2025-06-16,3.48,0.04,1.08,3.49,3.42,26898643
Sacyr,2025-06-17,3.46,-0.02,-0.62,3.48,3.43,1229992
Sacyr,2025-06-18,3.47,0.01,0.28,3.48,3.44,1136552
Sacyr,2025-06-19,3.38,-0.09,-2.59,3.46,3.38,3198625
Sacyr,2025-06-20,3.39,0.01,0.23,3.42,3.38,2723748
Sacyr,2025-06-23,3.35,-0.04,-1.15,3.38,3.32,1913436
Sacyr,2025-06-24,3.36,0.01,0.35,3.4,3.36,1731099
Sacyr,2025-06-25,3.34,-0.02,-0.64,3.39,3.34,1155328
Sacyr,2025-06-26,3.38,0.05,1.4,3.42,3.35,1933925
Sacyr,2025-06-27,3.43,0.04,1.31,3.43,3.39,2083009
Sacyr,2025-06-30,3.43,-0.0,-0.06,3.45,3.4,1625750
Sacyr,2025-07-01,3.46,0.03,0.92,3.48,3.43,1387481
Sacyr,2025-07-02,3.48,0.02,0.57,3.49,3.45,1289579
Sacyr,2025-07-03,3.52,0.04,1.14,3.52,3.48,1715065
Sacyr,2025-07-04,3.49,-0.02,-0.62,3.53,3.47,999827
Sacyr,2025-07-07,3.51,0.01,0.34,3.51,3.49,986950
Sacyr,2025-07-08,3.49,-0.01,-0.39,3.52,3.49,1012774
Sacyr,2025-07-09,3.54,0.05,1.41,3.55,3.48,1579190
Sacyr,2025-07-10,3.53,-0.01,-0.33,3.58,3.52,2522786
Sacyr,2025-07-11,3.51,-0.02,-0.45,3.54,3.49,2046748
Sacyr,2025-07-14,3.52,0.01,0.28,3.52,3.46,1835785
Sacyr,2025-07-15,3.47,-0.05,-1.46,3.53,3.46,1469921
Sacyr,2025-07-16,3.43,-0.04,-1.14,3.51,3.43,1154125
Sacyr,2025-07-17,3.5,0.07,2.01,3.51,3.45,1380559
Sacyr,2025-07-18,3.53,0.03,0.85,3.53,3.5,1502705
Sacyr,2025-07-21,3.49,-0.05,-1.34,3.59,3.48,2269431
Sacyr,2025-07-22,3.49,0.01,0.17,3.51,3.48,1273381
Sacyr,2025-07-23,3.58,0.08,2.43,3.59,3.49,3896818
Sacyr,2025-07-24,3.58,0.01,0.17,3.61,3.56,2233416
Sacyr,2025-07-25,3.56,-0.02,-0.5,3.59,3.53,1487880
Sacyr,2025-07-28,3.56,0.0,0.0,3.61,3.54,2240128
Sacyr,2025-07-29,3.57,0.01,0.17,3.58,3.51,2713100
Sacyr,2025-07-30,3.67,0.1,2.93,3.68,3.53,6809049
Sacyr,2025-07-31,3.55,-0.13,-3.49,3.68,3.55,3503281
Sacyr,2025-08-01,3.46,-0.09,-2.51,3.55,3.42,3047656
Sacyr,2025-08-04,3.43,-0.03,-0.86,3.48,3.42,1495293
Sacyr,2025-08-05,3.46,0.03,0.92,3.48,3.43,1267649
Sacyr,2025-08-06,3.52,0.06,1.77,3.54,3.47,1755508
Sacyr,2025-08-07,3.59,0.07,2.08,3.61,3.53,2676682
Sacyr,2025-08-08,3.62,0.02,0.66,3.63,3.6,2084892
Sacyr,2025-08-11,3.65,0.03,0.87,3.65,3.61,1792342
Sacyr,2025-08-12,3.68,0.03,0.81,3.69,3.65,2171443
Sacyr,2025-08-13,3.69,0.01,0.27,3.72,3.69,2149909
Sacyr,2025-08-14,3.7,0.02,0.43,3.72,3.68,2382348
Sacyr,2025-08-15,3.73,0.03,0.69,3.75,3.7,2148030
Sacyr,2025-08-18,3.74,0.01,0.26,3.74,3.71,1483329
Sacyr,2025-08-19,3.71,-0.03,-0.74,3.74,3.71,3133798
Sacyr,2025-08-20,3.71,-0.01,-0.16,3.72,3.7,1487475
Sacyr,2025-08-21,3.7,-0.0,-0.11,3.71,3.68,1744183
Sacyr,2025-08-22,3.73,0.03,0.85,3.74,3.7,1686923
Sacyr,2025-08-25,3.63,-0.1,-2.8,3.73,3.62,1978478
Sacyr,2025-08-26,3.61,-0.02,-0.44,3.63,3.57,1837228
Sacyr,2025-08-27,3.58,-0.03,-0.87,3.62,3.56,1158715
Sacyr,2025-08-28,3.58,0.0,0.0,3.6,3.57,953917
Sacyr,2025-08-29,3.56,-0.02,-0.55,3.6,3.55,1029235
Sacyr,2025-09-01,3.56,0.0,0.0,3.58,3.53,1461718
Sacyr,2025-09-02,3.5,-0.07,-1.83,3.56,3.48,1259571
Sacyr,2025-09-03,3.51,0.02,0.51,3.52,3.47,1162116
Sacyr,2025-09-04,3.55,0.04,1.01,3.55,3.51,804174
Sacyr,2025-09-05,3.52,-0.03,-0.89,3.58,3.5,944429
Sacyr,2025-09-08,3.57,0.05,1.46,3.58,3.53,1143005
Sacyr,2025-09-09,3.55,-0.02,-0.55,3.59,3.54,1307402
Sacyr,2025-09-10,3.58,0.03,0.89,3.6,3.55,1357365
Sacyr,2025-09-11,3.61,0.03,0.88,3.63,3.56,1142662
Sacyr,2025-09-12,3.63,0.01,0.38,3.65,3.62,1393545
Sacyr,2025-09-15,3.63,0.0,0.05,3.69,3.63,2008081
Sacyr,2025-09-16,3.58,-0.05,-1.47,3.65,3.57,1049405
Sacyr,2025-09-17,3.57,-0.01,-0.17,3.59,3.56,1178326
Sacyr,2025-09-18,3.55,-0.02,-0.44,3.61,3.54,841797
Sacyr,2025-09-19,3.54,-0.02,-0.44,3.58,3.52,9566076
Sacyr,2025-09-22,3.5,-0.04,-1.17,3.53,3.48,1466380
Sacyr,2025-09-23,3.47,-0.03,-0.85,3.52,3.47,935170
Sacyr,2025-09-24,3.46,-0.0,-0.11,3.49,3.46,1136308
Sacyr,2025-09-25,3.45,-0.02,-0.46,3.46,3.41,1847514
Sacyr,2025-09-26,3.44,-0.01,-0.29,3.47,3.43,3591913
Sacyr,2025-09-29,3.43,-0.01,-0.29,3.45,3.42,751211
Sacyr,2025-09-30,3.52,0.09,2.65,3.52,3.42,1308516
Sacyr,2025-10-01,3.51,-0.0,-0.11,3.55,3.51,1115023
Sacyr,2025-10-02,3.57,0.06,1.57,3.57,3.52,1649604
Sacyr,2025-10-03,3.6,0.03,0.77,3.64,3.59,6995504
Sacyr,2025-10-06,3.65,0.05,1.32,3.65,3.56,1776372
Sacyr,2025-10-07,3.63,-0.02,-0.54,3.66,3.58,1844177
Sacyr,2025-10-08,3.65,0.02,0.54,3.65,3.61,1666226
Sacyr,2025-10-09,3.67,0.02,0.65,3.7,3.64,1847436
Sacyr,2025-10-10,3.71,0.05,1.24,3.74,3.66,2870255
Sacyr,2025-10-13,3.76,0.05,1.33,3.8,3.73,3053329
Sacyr,2025-10-14,3.8,0.04,1.05,3.8,3.72,3493477
Sacyr,2025-10-15,3.8,-0.01,-0.16,3.84,3.79,2396314
Sacyr,2025-10-16,3.83,0.03,0.78,3.83,3.78,5166999
Sacyr,2025-10-17,3.83,0.01,0.21,3.87,3.79,3680934
Sacyr,2025-10-20,3.88,0.05,1.24,3.89,3.85,1521872
Sacyr,2025-10-21,3.81,-0.07,-1.88,3.89,3.8,3331114
Sacyr,2025-10-22,3.85,0.05,1.19,3.87,3.81,2884212
Sacyr,2025-10-23,3.87,0.02,0.46,3.89,3.83,1667743
Sacyr,2025-10-24,3.89,0.02,0.56,3.9,3.82,1517885
Sacyr,2025-10-27,3.88,-0.01,-0.3,3.91,3.87,2326536
Sacyr,2025-10-28,3.9,0.01,0.36,3.9,3.85,4235740
Sacyr,2025-10-29,3.86,-0.03,-0.86,3.9,3.86,1545311
Sacyr,2025-10-30,3.86,0.0,0.0,3.88,3.83,1442853
Sacyr,2025-10-31,3.77,-0.09,-2.4,3.87,3.76,1800767
Sacyr,2025-11-03,3.75,-0.02,-0.58,3.77,3.69,2337965
Sacyr,2025-11-04,3.78,0.03,0.74,3.78,3.69,1270284
Sacyr,2025-11-05,3.81,0.03,0.84,3.81,3.75,1728389
Sacyr,2025-11-06,3.73,-0.08,-2.08,3.8,3.71,1545357
Sacyr,2025-11-07,3.64,-0.09,-2.49,3.78,3.63,2711575
Sacyr,2025-11-10,3.69,0.06,1.52,3.72,3.65,2105009
Sacyr,2025-11-11,3.73,0.04,1.07,3.73,3.69,1189160
Sacyr,2025-11-12,3.75,0.02,0.53,3.77,3.74,969449
Sacyr,2025-11-13,3.73,-0.02,-0.47,3.78,3.73,1305372
Sacyr,2025-11-14,3.69,-0.04,-1.11,3.71,3.65,1266526
Sacyr,2025-11-17,3.67,-0.02,-0.54,3.72,3.66,1330248
Sacyr,2025-11-18,3.57,-0.1,-2.8,3.64,3.57,1907630
Sacyr,2025-11-19,3.6,0.03,0.83,3.6,3.51,3098945
Sacyr,2025-11-20,3.66,0.06,1.76,3.68,3.6,1642790
Sacyr,2025-11-21,3.63,-0.03,-0.92,3.65,3.59,2405702
Sacyr,2025-11-24,3.72,0.09,2.56,3.73,3.65,2608915
Sacyr,2025-11-25,3.72,0.0,0.11,3.74,3.68,838334
Sacyr,2025-11-26,3.76,0.03,0.9,3.77,3.71,2183139
Sacyr,2025-11-27,3.81,0.05,1.26,3.83,3.76,2303118
Sacyr,2025-11-28,3.8,-0.0,-0.1,3.83,3.79,1118079
Sacyr,2025-12-01,3.78,-0.02,-0.62,3.8,3.7,1418073
Sacyr,2025-12-02,3.77,-0.01,-0.31,3.82,3.76,1412070
Sacyr,2025-12-03,3.79,0.03,0.73,3.8,3.77,1005690
Sacyr,2025-12-04,3.83,0.04,1.04,3.83,3.78,1073824
Sacyr,2025-12-05,3.82,-0.01,-0.31,3.89,3.82,1316789
Sacyr,2025-12-08,3.94,0.12,3.1,3.94,3.84,1991975
Sacyr,2025-12-09,3.91,-0.03,-0.75,3.96,3.91,1834366
Sacyr,2025-12-10,3.68,-0.23,-5.96,3.77,3.63,8770100
Sacyr,2025-12-11,3.7,0.02,0.59,3.7,3.65,3273587
Sacyr,2025-12-12,3.71,0.01,0.37,3.78,3.71,2737458
Sacyr,2025-12-15,3.8,0.08,2.29,3.82,3.73,3152182
Sacyr,2025-12-16,3.76,-0.04,-1.04,3.81,3.75,5356492
Sacyr,2025-12-17,3.73,-0.03,-0.84,3.77,3.71,1677829
Sacyr,2025-12-18,3.75,0.03,0.69,3.76,3.7,2350080
Sacyr,2025-12-19,3.76,0.01,0.32,3.77,3.74,2533322
Sacyr,2025-12-22,3.79,0.03,0.73,3.8,3.75,1355130
Sacyr,2025-12-23,3.78,-0.01,-0.26,3.8,3.76,1058514
Sacyr,2025-12-24,3.78,0.0,0.05,3.79,3.77,544368
Sacyr,2025-12-29,3.78,-0.0,-0.05,3.79,3.76,1130201
Sacyr,2025-12-30,3.81,0.03,0.84,3.82,3.76,1774451
Sacyr,2025-12-31,3.82,0.01,0.16,3.83,3.81,874500
Sacyr,2026-01-02,3.88,0.06,1.55,3.89,3.81,11100842
Sacyr,2026-01-05,3.95,0.07,1.78,3.97,3.88,7627257
Sacyr,2026-01-06,4.01,0.06,1.55,4.06,3.98,2584587
Sacyr,2026-01-07,4.08,0.07,1.72,4.08,4.02,3620902
Sacyr,2026-01-08,4.03,-0.05,-1.21,4.09,4.01,12190629
Sacyr,2026-01-09,3.98,-0.05,-1.18,4.04,3.95,5009566
Sacyr,2026-01-12,3.98,-0.0,-0.1,3.99,3.92,1809304
Sacyr,2026-01-13,4.0,0.02,0.48,4.01,3.93,3531079
Sacyr,2026-01-14,3.95,-0.05,-1.15,4.01,3.92,2271614
Sacyr,2026-01-15,3.97,0.02,0.61,3.99,3.94,1574631
Sacyr,2026-01-16,4.02,0.04,1.06,4.02,3.97,2476750
Sacyr,2026-01-19,3.99,-0.02,-0.6,3.99,3.93,1900231
Sacyr,2026-01-20,3.91,-0.08,-2.0,3.95,3.87,2004769
Sacyr,2026-01-21,3.92,0.01,0.15,3.95,3.88,1988852
Sacyr,2026-01-22,3.98,0.06,1.58,3.99,3.93,2693149
Sacyr,2026-01-23,3.95,-0.03,-0.8,3.98,3.92,1306002
Sacyr,2026-01-26,3.95,0.0,0.05,3.97,3.91,1218153
Sacyr,2026-01-27,4.0,0.05,1.22,4.01,3.94,1372594
Sacyr,2026-01-28,3.98,-0.02,-0.5,4.03,3.96,1086627
Sacyr,2026-01-29,3.93,-0.05,-1.31,4.0,3.92,1331297
Sacyr,2026-01-30,3.97,0.04,1.02,3.99,3.94,1953259
Sacyr,2026-02-02,4.0,0.04,0.96,4.02,3.94,1285892
Sacyr,2026-02-03,4.04,0.04,0.95,4.07,4.01,2236234
Sacyr,2026-02-04,4.0,-0.04,-0.94,4.1,4.0,1681306
Sacyr,2026-02-05,4.03,0.03,0.75,4.05,3.99,1385789
Sacyr,2026-02-06,4.26,0.22,5.55,4.26,4.04,5090078
Sacyr,2026-02-09,4.31,0.06,1.32,4.32,4.18,13511672
Sacyr,2026-02-10,4.33,0.01,0.32,4.33,4.28,3113146
Sacyr,2026-02-11,4.41,0.08,1.85,4.44,4.29,2727470
Sacyr,2026-02-12,4.4,-0.01,-0.27,4.45,4.37,3305374
Sacyr,2026-02-13,4.4,0.0,0.09,4.4,4.35,1813306
Sacyr,2026-02-16,4.45,0.05,1.14,4.45,4.4,1941097
Sacyr,2026-02-17,4.41,-0.04,-0.9,4.43,4.37,6143228
Sacyr,2026-02-18,4.41,-0.0,-0.05,4.43,4.37,2225893
Sacyr,2026-02-19,4.34,-0.07,-1.54,4.39,4.29,2921606
Sacyr,2026-02-20,4.39,0.05,1.15,4.41,4.35,2119088
Sacyr,2026-02-23,4.46,0.07,1.59,4.48,4.38,2168692
Sacyr,2026-02-24,4.49,0.03,0.58,4.51,4.45,2932439
Sacyr,2026-02-25,4.49,0.0,0.09,4.52,4.46,2430318
Sacyr,2026-02-26,4.51,0.02,0.4,4.55,4.43,2951579
Sacyr,2026-02-27,4.54,0.03,0.62,4.6,4.46,3489875
Sacyr,2026-03-02,4.47,-0.06,-1.37,4.5,4.26,3539918
Sacyr,2026-03-03,4.18,-0.29,-6.57,4.38,4.1,7606150
Sacyr,2026-03-04,4.26,0.08,1.91,4.29,4.06,6849404
Sacyr,2026-03-05,4.2,-0.06,-1.31,4.32,4.17,14482295
Sacyr,2026-03-06,4.16,-0.05,-1.09,4.23,4.06,3138911
Sacyr,2026-03-09,4.11,-0.05,-1.11,4.12,3.92,3489550
Sacyr,2026-03-10,4.26,0.14,3.5,4.29,4.2,1988259
Sacyr,2026-03-11,4.2,-0.06,-1.32,4.25,4.19,1746731
Sacyr,2026-03-12,4.18,-0.02,-0.48,4.2,4.11,1793753
Sacyr,2026-03-13,4.11,-0.07,-1.67,4.2,4.06,2656485
Sacyr,2026-03-16,4.15,0.04,1.07,4.18,4.08,2824761
Santander,2025-03-17,6.14,0.0,0.0,6.14,5.97,36775448
Santander,2025-03-18,6.39,0.25,4.0,6.39,6.14,57264709
Santander,2025-03-19,6.37,-0.02,-0.29,6.4,6.3,41123749
Santander,2025-03-20,6.21,-0.16,-2.45,6.39,6.13,39847499
Santander,2025-03-21,6.25,0.04,0.62,6.29,6.1,98618295
Santander,2025-03-24,6.31,0.06,0.96,6.42,6.3,28398468
Santander,2025-03-25,6.42,0.11,1.8,6.43,6.31,27078866
Santander,2025-03-26,6.31,-0.11,-1.77,6.47,6.31,24367771
Santander,2025-03-27,6.26,-0.05,-0.77,6.34,6.12,29719139
Santander,2025-03-28,6.13,-0.13,-2.08,6.24,6.09,30081507
Santander,2025-03-31,6.01,-0.12,-1.93,6.07,5.92,31557031
Santander,2025-04-01,6.14,0.12,2.05,6.19,6.01,25457408
Santander,2025-04-02,6.17,0.03,0.46,6.18,6.07,23452769
Santander,2025-04-03,5.84,-0.32,-5.2,6.0,5.81,54228206
Santander,2025-04-04,5.33,-0.51,-8.77,5.75,5.19,101128034
Santander,2025-04-07,5.09,-0.24,-4.57,5.36,4.51,120129181
Santander,2025-04-08,5.34,0.25,4.98,5.46,5.07,61699323
Santander,2025-04-09,5.21,-0.13,-2.53,5.3,5.1,51576911
Santander,2025-04-10,5.5,0.29,5.54,6.18,5.5,63808362
Santander,2025-04-11,5.42,-0.07,-1.31,5.54,5.35,26583954
Santander,2025-04-14,5.63,0.2,3.76,5.66,5.53,23822824
Santander,2025-04-15,5.83,0.2,3.59,5.86,5.64,75254251
Santander,2025-04-16,5.85,0.02,0.32,5.85,5.74,32782998
Santander,2025-04-17,5.77,-0.08,-1.38,5.85,5.74,29440530
Santander,2025-04-22,5.87,0.11,1.87,5.9,5.77,32702948
Santander,2025-04-23,6.13,0.26,4.41,6.15,5.98,72866381
Santander,2025-04-24,6.07,-0.06,-1.04,6.14,6.02,21640415
Santander,2025-04-25,6.23,0.16,2.59,6.23,6.1,71501779
Santander,2025-04-28,6.34,0.12,1.85,6.37,6.22,43510206
Santander,2025-04-29,6.35,0.01,0.12,6.45,6.29,28793861
Santander,2025-04-30,6.1,-0.25,-3.9,6.31,5.92,74223251
Santander,2025-05-02,6.26,0.15,2.51,6.26,6.13,36002038
Santander,2025-05-05,6.3,0.05,0.74,6.35,6.24,22761188
Santander,2025-05-06,6.27,-0.03,-0.55,6.35,6.18,20839214
Santander,2025-05-07,6.27,0.0,0.03,6.33,6.25,50070559
Santander,2025-05-08,6.48,0.21,3.31,6.48,6.28,68061588
Santander,2025-05-09,6.57,0.09,1.4,6.57,6.45,36699029
Santander,2025-05-12,6.68,0.11,1.68,6.71,6.59,32708258
Santander,2025-05-13,6.7,0.02,0.27,6.7,6.63,23079652
Santander,2025-05-14,6.81,0.11,1.68,6.81,6.67,43690301
Santander,2025-05-15,6.78,-0.03,-0.39,6.81,6.72,22033617
Santander,2025-05-16,6.82,0.04,0.63,6.84,6.75,28832179
Santander,2025-05-19,6.85,0.03,0.43,6.9,6.79,22839083
Santander,2025-05-20,6.95,0.1,1.45,7.0,6.78,36140996
Santander,2025-05-21,6.95,-0.01,-0.11,7.06,6.92,26381193
Santander,2025-05-22,6.98,0.04,0.54,6.99,6.78,25087439
Santander,2025-05-23,6.88,-0.1,-1.47,7.1,6.67,44073679
Santander,2025-05-26,6.97,0.09,1.26,7.01,6.93,29624703
Santander,2025-05-27,7.01,0.05,0.67,7.02,6.92,27277308
Santander,2025-05-28,6.94,-0.07,-1.0,7.05,6.94,27072509
Santander,2025-05-29,6.94,-0.0,-0.06,7.02,6.94,17158157
Santander,2025-05-30,6.94,0.0,0.01,7.01,6.87,53590400
Santander,2025-06-02,6.95,0.01,0.14,6.99,6.88,22429660
Santander,2025-06-03,6.91,-0.04,-0.58,6.97,6.81,23324156
Santander,2025-06-04,6.86,-0.05,-0.71,6.96,6.8,17347495
Santander,2025-06-05,6.96,0.1,1.42,6.97,6.83,18045880
Santander,2025-06-06,6.99,0.03,0.41,7.03,6.91,19535304
Santander,2025-06-09,6.99,0.0,0.07,7.0,6.94,13797577
Santander,2025-06-10,6.85,-0.14,-2.02,6.97,6.85,21888841
Santander,2025-06-11,6.87,0.02,0.32,6.93,6.83,20931432
Santander,2025-06-12,6.91,0.04,0.53,6.94,6.79,19128697
Santander,2025-06-13,6.77,-0.14,-2.0,6.8,6.72,25213452
Santander,2025-06-16,7.04,0.27,3.92,7.04,6.8,31554905
Santander,2025-06-17,6.85,-0.19,-2.68,6.99,6.79,24132683
Santander,2025-06-18,6.87,0.02,0.36,6.87,6.77,20808095
Santander,2025-06-19,6.71,-0.16,-2.4,6.85,6.7,19429003
Santander,2025-06-20,6.83,0.12,1.77,6.89,6.73,55590398
Santander,2025-06-23,6.77,-0.06,-0.84,6.87,6.71,19708254
Santander,2025-06-24,6.98,0.21,3.14,7.0,6.86,27221580
Santander,2025-06-25,6.81,-0.17,-2.39,6.99,6.77,19895867
Santander,2025-06-26,6.8,-0.02,-0.25,6.85,6.75,18452693
Santander,2025-06-27,6.95,0.15,2.19,6.95,6.8,20846038
Santander,2025-06-30,6.94,-0.01,-0.14,6.96,6.83,19668686
Santander,2025-07-01,6.88,-0.06,-0.88,6.98,6.85,15620463
Santander,2025-07-02,7.03,0.15,2.23,7.1,6.92,35840398
Santander,2025-07-03,7.16,0.13,1.8,7.16,6.97,25504547
Santander,2025-07-04,7.04,-0.12,-1.64,7.15,6.98,17153534
Santander,2025-07-07,7.21,0.17,2.38,7.21,7.03,21436746
Santander,2025-07-08,7.28,0.08,1.04,7.3,7.19,29819062
Santander,2025-07-09,7.45,0.17,2.37,7.45,7.29,31053946
Santander,2025-07-10,7.25,-0.21,-2.77,7.44,7.25,24243393
Santander,2025-07-11,7.12,-0.13,-1.76,7.24,7.08,16799768
Santander,2025-07-14,7.14,0.02,0.26,7.16,7.01,17880963
Santander,2025-07-15,7.05,-0.09,-1.2,7.21,7.0,14636373
Santander,2025-07-16,7.08,0.03,0.39,7.16,7.04,17207251
Santander,2025-07-17,7.2,0.12,1.65,7.2,7.11,14577670
Santander,2025-07-18,7.16,-0.04,-0.49,7.23,7.14,18054994
Santander,2025-07-21,7.19,0.03,0.41,7.2,7.08,14225152
Santander,2025-07-22,7.14,-0.06,-0.77,7.19,7.05,14243350
Santander,2025-07-23,7.29,0.15,2.14,7.3,7.17,22974227
Santander,2025-07-24,7.48,0.19,2.63,7.5,7.36,26668228
Santander,2025-07-25,7.5,0.02,0.21,7.52,7.41,16256498
Santander,2025-07-28,7.46,-0.04,-0.54,7.63,7.45,20472316
Santander,2025-07-29,7.62,0.16,2.18,7.7,7.5,34090279
Santander,2025-07-30,7.6,-0.02,-0.3,7.6,7.38,31293948
Santander,2025-07-31,7.44,-0.16,-2.05,7.65,7.41,35725077
Santander,2025-08-01,7.1,-0.34,-4.52,7.38,7.07,43001454
Santander,2025-08-04,7.38,0.28,3.96,7.39,7.17,19684572
Santander,2025-08-05,7.4,0.01,0.15,7.44,7.27,18763333
Santander,2025-08-06,7.51,0.12,1.56,7.51,7.39,17105999
Santander,2025-08-07,7.68,0.16,2.2,7.68,7.52,24457666
Santander,2025-08-08,7.85,0.18,2.32,7.85,7.68,27106103
Santander,2025-08-11,7.9,0.04,0.57,7.9,7.71,19951706
Santander,2025-08-12,7.91,0.01,0.19,7.96,7.85,20424787
Santander,2025-08-13,8.03,0.12,1.51,8.04,7.93,22508974
Santander,2025-08-14,8.11,0.08,1.01,8.12,8.01,20837073
Santander,2025-08-15,8.14,0.03,0.32,8.22,8.11,20486079
Santander,2025-08-18,8.1,-0.04,-0.5,8.13,7.99,15654911
Santander,2025-08-19,8.13,0.04,0.45,8.21,8.09,17730647
Santander,2025-08-20,8.07,-0.07,-0.8,8.11,7.99,15291431
Santander,2025-08-21,8.15,0.08,1.02,8.15,8.02,15945761
Santander,2025-08-22,8.21,0.06,0.71,8.21,8.1,15131083
Santander,2025-08-25,8.18,-0.03,-0.38,8.23,8.15,10437398
Santander,2025-08-26,8.04,-0.13,-1.63,8.1,7.98,36739905
Santander,2025-08-27,7.96,-0.08,-1.06,8.07,7.89,20680096
Santander,2025-08-28,8.13,0.17,2.13,8.16,8.0,19077378
Santander,2025-08-29,8.06,-0.07,-0.91,8.13,7.94,21419641
Santander,2025-09-01,8.09,0.04,0.48,8.1,8.01,10909249
Santander,2025-09-02,7.95,-0.15,-1.82,8.11,7.88,18274257
Santander,2025-09-03,7.98,0.03,0.42,7.98,7.89,14317072
Santander,2025-09-04,8.08,0.1,1.26,8.08,7.91,20100628
Santander,2025-09-05,7.99,-0.1,-1.18,8.14,7.95,18758770
Santander,2025-09-08,8.18,0.2,2.47,8.18,8.01,20458366
Santander,2025-09-09,8.22,0.03,0.41,8.22,8.08,17835524
Santander,2025-09-10,8.37,0.15,1.83,8.39,8.19,29798860
Santander,2025-09-11,8.43,0.07,0.78,8.43,8.29,22997149
Santander,2025-09-12,8.38,-0.05,-0.6,8.43,8.27,23727275
Santander,2025-09-15,8.5,0.12,1.41,8.52,8.4,20760204
Santander,2025-09-16,8.3,-0.2,-2.4,8.48,8.3,23014562
Santander,2025-09-17,8.28,-0.01,-0.14,8.35,8.26,18510581
Santander,2025-09-18,8.42,0.14,1.67,8.47,8.32,23117647
Santander,2025-09-19,8.54,0.12,1.44,8.62,8.43,96935853
Santander,2025-09-22,8.44,-0.1,-1.19,8.58,8.4,21979066
Santander,2025-09-23,8.58,0.13,1.59,8.59,8.44,21782874
Santander,2025-09-24,8.63,0.05,0.59,8.68,8.46,31264194
Santander,2025-09-25,8.6,-0.03,-0.33,8.64,8.54,19752407
Santander,2025-09-26,8.74,0.14,1.62,8.77,8.61,20914585
Santander,2025-09-29,8.63,-0.1,-1.16,8.76,8.63,19780674
Santander,2025-09-30,8.76,0.13,1.45,8.77,8.64,19908172
Santander,2025-10-01,8.71,-0.05,-0.6,8.8,8.61,22854206
Santander,2025-10-02,8.55,-0.16,-1.8,8.76,8.55,23541205
Santander,2025-10-03,8.63,0.08,0.98,8.72,8.6,15431949
Santander,2025-10-06,8.58,-0.05,-0.62,8.68,8.5,17676636
Santander,2025-10-07,8.49,-0.09,-1.1,8.59,8.47,19839479
Santander,2025-10-08,8.65,0.16,1.92,8.69,8.5,20024887
Santander,2025-10-09,8.54,-0.11,-1.31,8.63,8.5,14303075
Santander,2025-10-10,8.41,-0.13,-1.47,8.65,8.41,19949700
Santander,2025-10-13,8.51,0.1,1.19,8.57,8.46,13336681
Santander,2025-10-14,8.41,-0.1,-1.15,8.45,8.32,22539068
Santander,2025-10-15,8.37,-0.04,-0.46,8.52,8.37,18250080
Santander,2025-10-16,8.47,0.09,1.13,8.47,8.31,18745326
Santander,2025-10-17,8.18,-0.28,-3.36,8.3,8.0,56752377
Santander,2025-10-20,8.33,0.15,1.8,8.4,8.27,40503665
Santander,2025-10-21,8.26,-0.07,-0.89,8.39,8.26,46461909
Santander,2025-10-22,8.28,0.02,0.29,8.36,8.24,29811260
Santander,2025-10-23,8.29,0.0,0.06,8.37,8.26,13233829
Santander,2025-10-24,8.26,-0.02,-0.27,8.36,8.2,17105426
Santander,2025-10-27,8.4,0.14,1.67,8.44,8.3,27482152
Santander,2025-10-28,8.5,0.09,1.13,8.53,8.37,31031001
Santander,2025-10-29,8.86,0.37,4.33,8.87,8.44,58187805
Santander,2025-10-30,8.75,-0.11,-1.3,8.96,8.6,31127250
Santander,2025-10-31,8.83,0.08,0.87,8.85,8.72,20602993
Santander,2025-11-03,8.85,0.02,0.24,8.93,8.76,17179638
Santander,2025-11-04,8.81,-0.04,-0.46,8.81,8.62,63755238
Santander,2025-11-05,8.88,0.07,0.81,8.88,8.69,16308128
Santander,2025-11-06,8.94,0.07,0.74,8.98,8.84,22007844
Santander,2025-11-07,8.85,-0.09,-1.05,9.0,8.81,21927577
Santander,2025-11-10,9.17,0.32,3.67,9.17,8.97,27304790
Santander,2025-11-11,9.31,0.14,1.47,9.31,9.15,24049035
Santander,2025-11-12,9.56,0.26,2.74,9.6,9.31,51788574
Santander,2025-11-13,9.55,-0.01,-0.15,9.6,9.53,23033220
Santander,2025-11-14,9.29,-0.26,-2.71,9.41,9.2,22844848
Santander,2025-11-17,9.1,-0.19,-2.06,9.31,9.06,18544257
Santander,2025-11-18,8.77,-0.33,-3.59,8.94,8.72,34698068
Santander,2025-11-19,8.92,0.15,1.68,8.96,8.74,23855535
Santander,2025-11-20,8.92,0.0,0.02,9.06,8.92,19507217
Santander,2025-11-21,8.81,-0.12,-1.31,8.87,8.73,25090259
Santander,2025-11-24,8.83,0.02,0.26,8.95,8.79,55325921
Santander,2025-11-25,9.04,0.21,2.36,9.06,8.82,22070538
Santander,2025-11-26,9.21,0.18,1.96,9.22,9.07,22532248
Santander,2025-11-27,9.24,0.03,0.3,9.29,9.16,15386600
Santander,2025-11-28,9.24,0.0,0.02,9.28,9.19,15926871
Santander,2025-12-01,9.3,0.05,0.56,9.3,9.18,18727043
Santander,2025-12-02,9.43,0.14,1.46,9.48,9.31,18695936
Santander,2025-12-03,9.32,-0.11,-1.22,9.5,9.3,29772975
Santander,2025-12-04,9.48,0.17,1.78,9.48,9.33,19478546
Santander,2025-12-05,9.46,-0.02,-0.23,9.63,9.46,18249119
Santander,2025-12-08,9.49,0.03,0.32,9.49,9.28,14742312
Santander,2025-12-09,9.52,0.03,0.36,9.57,9.47,40693482
Santander,2025-12-10,9.6,0.08,0.81,9.61,9.47,17007701
Santander,2025-12-11,9.78,0.18,1.84,9.82,9.55,20495653
Santander,2025-12-12,9.63,-0.15,-1.49,9.9,9.63,20362633
Santander,2025-12-15,9.87,0.24,2.5,9.88,9.77,20763044
Santander,2025-12-16,9.82,-0.06,-0.57,9.99,9.8,28885720
Santander,2025-12-17,9.87,0.05,0.55,9.97,9.84,23541623
Santander,2025-12-18,9.99,0.12,1.26,10.0,9.82,25690802
Santander,2025-12-19,9.97,-0.02,-0.25,10.04,9.89,57042702
Santander,2025-12-22,9.94,-0.03,-0.31,10.04,9.92,21241654
Santander,2025-12-23,10.0,0.06,0.63,10.03,9.85,20022685
Santander,2025-12-24,9.99,-0.01,-0.13,10.02,9.92,5100182
Santander,2025-12-29,9.97,-0.02,-0.23,10.04,9.95,23050496
Santander,2025-12-30,10.13,0.16,1.61,10.16,9.93,17490811
Santander,2025-12-31,10.07,-0.06,-0.55,10.1,10.03,7146353
Santander,2026-01-02,10.25,0.18,1.81,10.26,10.0,20908016
Santander,2026-01-05,10.33,0.07,0.72,10.37,10.13,23942247
Santander,2026-01-06,10.31,-0.02,-0.15,10.49,10.24,17099629
Santander,2026-01-07,10.13,-0.18,-1.75,10.3,10.09,19240559
Santander,2026-01-08,10.21,0.08,0.81,10.25,10.02,15703238
Santander,2026-01-09,10.25,0.04,0.39,10.29,10.16,18183508
Santander,2026-01-12,10.34,0.09,0.84,10.34,9.96,25834422
Santander,2026-01-13,10.48,0.15,1.41,10.54,10.36,24318798
Santander,2026-01-14,10.49,0.01,0.06,10.58,10.42,26070448
Santander,2026-01-15,10.54,0.05,0.48,10.63,10.45,17231658
Santander,2026-01-16,10.54,-0.0,-0.04,10.54,10.41,20480380
Santander,2026-01-19,10.49,-0.04,-0.4,10.52,10.27,18586501
Santander,2026-01-20,10.33,-0.17,-1.58,10.45,10.24,17150121
Santander,2026-01-21,10.32,-0.0,-0.04,10.4,10.11,20347939
Santander,2026-01-22,10.63,0.31,2.98,10.63,10.41,21867211
Santander,2026-01-23,10.48,-0.15,-1.45,10.6,10.44,15641297
Santander,2026-01-26,10.65,0.18,1.68,10.7,10.49,17158462
Santander,2026-01-27,10.79,0.13,1.26,10.81,10.67,23512125
Santander,2026-01-28,10.6,-0.19,-1.76,10.85,10.51,20062963
Santander,2026-01-29,10.63,0.03,0.26,10.83,10.58,21696111
Santander,2026-01-30,10.78,0.15,1.45,10.86,10.66,21359564
Santander,2026-02-02,11.05,0.27,2.49,11.05,10.62,27011847
Santander,2026-02-03,11.09,0.04,0.34,11.26,11.03,26072209
Santander,2026-02-04,10.7,-0.39,-3.48,10.91,10.53,58519861
Santander,2026-02-05,10.47,-0.23,-2.19,10.78,10.42,39299339
Santander,2026-02-06,10.66,0.19,1.85,10.69,10.33,28701717
Santander,2026-02-09,10.82,0.16,1.54,10.88,10.69,25969916
Santander,2026-02-10,10.77,-0.05,-0.48,11.05,10.77,39966932
Santander,2026-02-11,10.45,-0.32,-2.99,10.8,10.37,28163027
Santander,2026-02-12,10.3,-0.15,-1.45,10.64,10.22,29127570
Santander,2026-02-13,10.03,-0.26,-2.56,10.35,9.94,54163735
Santander,2026-02-16,10.29,0.25,2.53,10.39,10.17,22333688
Santander,2026-02-17,10.41,0.13,1.22,10.45,10.22,21310591
Santander,2026-02-18,10.72,0.31,2.94,10.77,10.48,27461707
Santander,2026-02-19,10.58,-0.14,-1.27,10.77,10.53,27158511
Santander,2026-02-20,10.76,0.17,1.63,10.8,10.5,37421586
Santander,2026-02-23,10.93,0.17,1.6,11.23,10.82,33403956
Santander,2026-02-24,10.65,-0.28,-2.53,10.86,10.56,33878976
Santander,2026-02-25,11.16,0.51,4.81,11.16,10.79,42949578
Santander,2026-02-26,11.1,-0.07,-0.59,11.19,10.97,25039132
Santander,2026-02-27,10.79,-0.31,-2.78,11.15,10.69,53508127
Santander,2026-03-02,10.27,-0.52,-4.84,10.44,10.15,47900073
Santander,2026-03-03,9.61,-0.66,-6.42,10.11,9.37,90103632
Santander,2026-03-04,9.98,0.37,3.88,10.06,9.36,52485095
Santander,2026-03-05,9.7,-0.28,-2.82,10.13,9.64,35350836
Santander,2026-03-06,9.58,-0.12,-1.23,9.82,9.36,42159364
Santander,2026-03-09,9.47,-0.11,-1.18,9.51,9.11,46238598
Santander,2026-03-10,10.01,0.54,5.73,10.09,9.84,39487977
Santander,2026-03-11,9.85,-0.16,-1.59,10.05,9.76,26668823
Santander,2026-03-12,9.65,-0.21,-2.09,9.8,9.48,30309459
Santander,2026-03-13,9.54,-0.11,-1.15,9.78,9.39,25002581
Santander,2026-03-16,9.51,-0.03,-0.28,9.64,9.32,22326602
Solaria,2025-03-17,7.57,0.0,0.0,7.58,7.32,776756
Solaria,2025-03-18,7.61,0.04,0.59,7.68,7.57,1100992
Solaria,2025-03-19,7.58,-0.03,-0.46,7.66,7.53,454116
Solaria,2025-03-20,7.51,-0.07,-0.86,7.66,7.43,660867
Solaria,2025-03-21,7.35,-0.16,-2.2,7.55,7.35,1191005
Solaria,2025-03-24,7.1,-0.25,-3.4,7.41,7.07,1384342
Solaria,2025-03-25,7.26,0.16,2.32,7.38,7.08,749274
Solaria,2025-03-26,7.12,-0.14,-2.0,7.32,7.11,798647
Solaria,2025-03-27,7.1,-0.02,-0.28,7.14,6.96,904187
Solaria,2025-03-28,7.13,0.03,0.42,7.32,7.01,712253
Solaria,2025-03-31,6.87,-0.26,-3.65,7.12,6.83,827274
Solaria,2025-04-01,6.91,0.04,0.58,7.05,6.75,899047
Solaria,2025-04-02,6.88,-0.03,-0.43,6.93,6.79,509132
Solaria,2025-04-03,7.25,0.37,5.38,7.34,6.78,1417745
Solaria,2025-04-04,6.68,-0.57,-7.86,7.45,6.64,1706562
Solaria,2025-04-07,6.29,-0.39,-5.9,6.6,6.09,2222002
Solaria,2025-04-08,6.38,0.1,1.56,6.53,6.25,1043384
Solaria,2025-04-09,6.18,-0.21,-3.26,6.31,6.12,1216330
Solaria,2025-04-10,6.36,0.18,2.98,6.83,6.36,1599088
Solaria,2025-04-11,6.59,0.23,3.62,6.75,6.31,1012949
Solaria,2025-04-14,6.57,-0.02,-0.3,6.75,6.57,505328
Solaria,2025-04-15,6.68,0.11,1.7,6.69,6.58,647888
Solaria,2025-04-16,6.65,-0.03,-0.51,6.7,6.61,446998
Solaria,2025-04-17,6.53,-0.11,-1.71,6.61,6.5,590639
Solaria,2025-04-22,6.75,0.22,3.31,6.75,6.47,720086
Solaria,2025-04-23,6.61,-0.14,-2.1,6.9,6.58,823381
Solaria,2025-04-24,6.82,0.21,3.15,6.86,6.62,860369
Solaria,2025-04-25,6.95,0.13,1.97,6.96,6.82,821290
Solaria,2025-04-28,6.84,-0.11,-1.61,7.05,6.8,690155
Solaria,2025-04-29,6.75,-0.09,-1.35,6.96,6.75,513686
Solaria,2025-04-30,6.63,-0.11,-1.66,6.75,6.51,778172
Solaria,2025-05-02,6.37,-0.27,-4.04,6.71,6.36,1598094
Solaria,2025-05-05,6.51,0.15,2.32,6.58,6.37,685103
Solaria,2025-05-06,6.33,-0.18,-2.82,6.55,6.32,765524
Solaria,2025-05-07,6.33,0.0,0.06,6.48,6.31,801974
Solaria,2025-05-08,6.28,-0.05,-0.82,6.39,6.25,605693
Solaria,2025-05-09,6.4,0.12,1.88,6.55,6.29,847446
Solaria,2025-05-12,6.56,0.16,2.53,6.69,6.37,918549
Solaria,2025-05-13,6.72,0.16,2.47,6.94,6.6,1264340
Solaria,2025-05-14,6.58,-0.15,-2.17,6.82,6.57,749850
Solaria,2025-05-15,6.56,-0.02,-0.33,6.62,6.38,936238
Solaria,2025-05-16,6.68,0.12,1.83,6.7,6.59,631711
Solaria,2025-05-19,6.5,-0.18,-2.64,6.7,6.44,1066911
Solaria,2025-05-20,6.82,0.32,4.89,6.91,6.54,2399005
Solaria,2025-05-21,6.53,-0.29,-4.19,6.88,6.4,2729618
Solaria,2025-05-22,6.59,0.06,0.89,6.69,6.42,1386137
Solaria,2025-05-23,6.52,-0.07,-1.03,6.65,6.42,1271815
Solaria,2025-05-26,6.7,0.18,2.73,6.72,6.58,991704
Solaria,2025-05-27,6.62,-0.08,-1.19,6.8,6.59,783782
Solaria,2025-05-28,6.71,0.09,1.3,6.73,6.62,666876
Solaria,2025-05-29,7.0,0.3,4.41,7.12,6.72,1955585
Solaria,2025-05-30,7.6,0.6,8.6,7.61,7.19,4876339
Solaria,2025-06-02,7.67,0.06,0.82,7.73,7.53,1874814
Solaria,2025-06-03,8.39,0.72,9.44,8.94,7.66,45651611
Solaria,2025-06-04,9.47,1.08,12.9,9.64,8.63,7940781
Solaria,2025-06-05,8.89,-0.58,-6.1,9.62,8.78,5384479
Solaria,2025-06-06,8.7,-0.19,-2.18,9.16,8.56,3296221
Solaria,2025-06-09,8.77,0.07,0.83,8.9,8.64,1875945
Solaria,2025-06-10,8.79,0.01,0.16,8.89,8.64,1375415
Solaria,2025-06-11,8.75,-0.04,-0.41,8.83,8.66,992719
Solaria,2025-06-12,8.86,0.11,1.21,8.89,8.72,1129378
Solaria,2025-06-13,8.86,0.0,0.05,9.06,8.73,1542699
Solaria,2025-06-16,9.05,0.19,2.17,9.13,8.86,1137278
Solaria,2025-06-17,9.19,0.14,1.5,9.19,8.93,1416759
Solaria,2025-06-18,9.2,0.01,0.15,9.25,9.07,1280977
Solaria,2025-06-19,9.59,0.39,4.24,9.63,9.21,1921158
Solaria,2025-06-20,9.62,0.03,0.31,9.83,9.33,2061716
Solaria,2025-06-23,9.84,0.22,2.29,9.84,9.4,1561679
Solaria,2025-06-24,10.06,0.21,2.16,10.19,9.8,1584402
Solaria,2025-06-25,10.09,0.03,0.35,10.27,10.06,1179418
Solaria,2025-06-26,10.05,-0.05,-0.45,10.25,9.8,2121156
Solaria,2025-06-27,9.9,-0.15,-1.44,10.21,9.81,1308257
Solaria,2025-06-30,9.84,-0.06,-0.65,10.03,9.7,1290446
Solaria,2025-07-01,9.98,0.15,1.5,10.01,9.82,1039224
Solaria,2025-07-02,10.22,0.23,2.31,10.34,10.02,1522216
Solaria,2025-07-03,10.44,0.23,2.25,10.65,10.14,1713276
Solaria,2025-07-04,10.45,0.01,0.05,10.49,10.27,1002612
Solaria,2025-07-07,10.15,-0.3,-2.87,10.47,10.14,961633
Solaria,2025-07-08,10.02,-0.12,-1.23,10.22,10.01,1196230
Solaria,2025-07-09,10.43,0.4,3.99,10.47,10.1,1119218
Solaria,2025-07-10,10.19,-0.23,-2.21,10.55,10.19,954565
Solaria,2025-07-11,10.14,-0.05,-0.54,10.27,10.1,549802
Solaria,2025-07-14,10.12,-0.02,-0.15,10.15,10.01,728788
Solaria,2025-07-15,10.16,0.04,0.4,10.39,10.14,966276
Solaria,2025-07-16,10.26,0.1,0.93,10.35,10.12,607365
Solaria,2025-07-17,10.38,0.12,1.17,10.53,10.32,1267769
Solaria,2025-07-18,10.4,0.02,0.14,10.61,10.35,1091361
Solaria,2025-07-21,10.61,0.21,2.07,10.61,10.36,823112
Solaria,2025-07-22,11.31,0.7,6.6,11.36,10.61,2919295
Solaria,2025-07-23,11.0,-0.31,-2.74,11.26,10.95,1832800
Solaria,2025-07-24,10.7,-0.3,-2.68,11.11,10.69,1915173
Solaria,2025-07-25,10.94,0.23,2.2,10.94,10.66,895458
Solaria,2025-07-28,10.81,-0.12,-1.14,11.15,10.79,1140506
Solaria,2025-07-29,10.87,0.06,0.51,10.89,10.7,1369534
Solaria,2025-07-30,11.15,0.28,2.53,11.49,10.82,2274671
Solaria,2025-07-31,11.27,0.12,1.12,11.41,11.05,1463840
Solaria,2025-08-01,11.28,0.01,0.13,11.46,11.19,1363856
Solaria,2025-08-04,11.49,0.2,1.82,11.51,11.35,841164
Solaria,2025-08-05,11.45,-0.04,-0.35,11.64,11.44,1007493
Solaria,2025-08-06,11.56,0.11,0.96,11.6,11.39,795134
Solaria,2025-08-07,11.49,-0.07,-0.56,11.57,11.41,781670
Solaria,2025-08-08,11.52,0.03,0.22,11.69,11.49,901153
Solaria,2025-08-11,11.85,0.33,2.86,11.85,11.42,1078517
Solaria,2025-08-12,11.9,0.05,0.46,12.09,11.72,1079998
Solaria,2025-08-13,11.94,0.03,0.29,12.1,11.91,665002
Solaria,2025-08-14,12.05,0.11,0.92,12.25,11.97,953806
Solaria,2025-08-15,12.14,0.09,0.75,12.23,12.03,809046
Solaria,2025-08-18,12.45,0.31,2.59,12.52,12.18,1368380
Solaria,2025-08-19,12.52,0.06,0.48,12.59,12.35,1302232
Solaria,2025-08-20,12.51,-0.01,-0.04,12.6,12.41,439544
Solaria,2025-08-21,12.52,0.01,0.04,12.56,12.45,508732
Solaria,2025-08-22,12.71,0.19,1.56,12.77,12.47,661796
Solaria,2025-08-25,12.59,-0.12,-0.94,12.73,12.51,819337
Solaria,2025-08-26,12.9,0.31,2.46,13.09,12.58,1574782
Solaria,2025-08-27,13.97,1.07,8.29,14.27,12.84,2881852
Solaria,2025-08-28,14.21,0.24,1.72,14.21,13.28,2177290
Solaria,2025-08-29,13.84,-0.38,-2.64,14.31,13.84,1474419
Solaria,2025-09-01,13.23,-0.6,-4.34,13.83,13.03,2029370
Solaria,2025-09-02,13.1,-0.14,-1.06,13.38,12.93,1616890
Solaria,2025-09-03,12.98,-0.12,-0.92,13.2,12.82,1091729
Solaria,2025-09-04,12.72,-0.26,-1.97,13.15,12.72,1074169
Solaria,2025-09-05,12.88,0.16,1.26,12.96,12.72,784752
Solaria,2025-09-08,12.74,-0.14,-1.09,13.03,12.71,657260
Solaria,2025-09-09,11.68,-1.06,-8.36,12.76,11.64,2923323
Solaria,2025-09-10,12.04,0.36,3.13,12.15,11.29,4669861
Solaria,2025-09-11,12.1,0.06,0.54,12.14,11.89,1030881
Solaria,2025-09-12,11.95,-0.15,-1.24,12.27,11.84,846654
Solaria,2025-09-15,11.93,-0.02,-0.21,12.14,11.88,643979
Solaria,2025-09-16,11.76,-0.17,-1.42,11.92,11.68,671840
Solaria,2025-09-17,11.47,-0.29,-2.47,11.72,11.39,920834
Solaria,2025-09-18,11.3,-0.17,-1.48,11.55,11.17,666167
Solaria,2025-09-19,11.12,-0.18,-1.55,11.39,10.94,1548238
Solaria,2025-09-22,11.08,-0.05,-0.4,11.19,10.96,573498
Solaria,2025-09-23,11.01,-0.07,-0.68,11.32,11.01,556433
Solaria,2025-09-24,10.83,-0.18,-1.59,11.07,10.68,1034208
Solaria,2025-09-25,10.63,-0.2,-1.85,10.87,10.55,742484
Solaria,2025-09-26,10.38,-0.26,-2.4,10.65,10.31,943002
Solaria,2025-09-29,10.35,-0.02,-0.24,10.67,10.27,921883
Solaria,2025-09-30,10.9,0.55,5.27,10.95,10.2,2798437
Solaria,2025-10-01,11.76,0.86,7.89,12.02,11.06,3580170
Solaria,2025-10-02,12.62,0.87,7.4,12.62,12.05,3988777
Solaria,2025-10-03,13.22,0.6,4.71,13.24,12.58,3118347
Solaria,2025-10-06,14.17,0.95,7.19,14.27,13.3,3747548
Solaria,2025-10-07,13.6,-0.57,-4.06,14.23,13.0,3935120
Solaria,2025-10-08,13.85,0.25,1.84,14.21,13.53,2032453
Solaria,2025-10-09,14.4,0.56,4.04,14.72,13.85,2675537
Solaria,2025-10-10,14.4,-0.01,-0.03,14.58,14.04,1536167
Solaria,2025-10-13,14.58,0.18,1.25,14.77,14.05,902379
Solaria,2025-10-14,14.65,0.07,0.48,14.67,14.36,859299
Solaria,2025-10-15,14.77,0.12,0.78,14.95,14.65,1113051
Solaria,2025-10-16,15.15,0.38,2.61,15.52,14.8,1689178
Solaria,2025-10-17,14.76,-0.39,-2.57,15.15,14.76,1365890
Solaria,2025-10-20,14.66,-0.1,-0.64,14.87,14.52,1095718
Solaria,2025-10-21,14.49,-0.18,-1.19,14.76,14.36,663019
Solaria,2025-10-22,14.44,-0.05,-0.31,14.98,14.4,967065
Solaria,2025-10-23,14.77,0.33,2.25,14.84,14.4,611745
Solaria,2025-10-24,14.98,0.2,1.39,14.98,14.58,596252
Solaria,2025-10-27,15.06,0.09,0.57,15.14,14.86,607122
Solaria,2025-10-28,15.19,0.13,0.86,15.3,14.95,678661
Solaria,2025-10-29,15.15,-0.04,-0.26,15.45,15.03,718670
Solaria,2025-10-30,15.0,-0.15,-0.99,15.09,14.72,711271
Solaria,2025-10-31,14.99,-0.01,-0.03,15.43,14.99,587710
Solaria,2025-11-03,15.01,0.02,0.1,15.28,14.61,1040190
Solaria,2025-11-04,15.35,0.34,2.23,15.35,14.88,736561
Solaria,2025-11-05,15.61,0.27,1.76,15.69,15.07,846890
Solaria,2025-11-06,15.09,-0.53,-3.39,15.72,15.09,755274
Solaria,2025-11-07,15.15,0.07,0.46,15.92,15.03,1433098
Solaria,2025-11-10,15.65,0.49,3.27,15.9,15.5,806783
Solaria,2025-11-11,15.08,-0.57,-3.64,15.8,14.96,1175805
Solaria,2025-11-12,15.66,0.58,3.85,15.72,15.2,788988
Solaria,2025-11-13,15.2,-0.46,-2.94,15.75,15.15,1063208
Solaria,2025-11-14,15.52,0.32,2.11,15.52,14.66,1256864
Solaria,2025-11-17,17.96,2.44,15.72,18.76,15.8,5143004
Solaria,2025-11-18,17.66,-0.3,-1.67,18.7,17.56,1458504
Solaria,2025-11-19,17.85,0.19,1.1,17.97,16.94,1163960
Solaria,2025-11-20,17.68,-0.17,-0.98,18.94,17.68,1533760
Solaria,2025-11-21,17.23,-0.45,-2.57,17.46,17.0,1042241
Solaria,2025-11-24,17.26,0.03,0.2,17.47,16.39,1130156
Solaria,2025-11-25,16.57,-0.69,-4.0,17.25,16.49,1397850
Solaria,2025-11-26,16.66,0.09,0.54,16.77,16.19,1120603
Solaria,2025-11-27,16.76,0.1,0.6,16.97,16.6,1281543
Solaria,2025-11-28,16.67,-0.09,-0.57,16.82,16.51,310706
Solaria,2025-12-01,16.34,-0.33,-1.95,16.67,16.12,713238
Solaria,2025-12-02,16.81,0.47,2.88,17.03,16.16,767732
Solaria,2025-12-03,16.94,0.14,0.8,17.29,16.78,718047
Solaria,2025-12-04,17.16,0.21,1.24,17.27,16.83,467783
Solaria,2025-12-05,16.86,-0.29,-1.69,17.28,16.83,490949
Solaria,2025-12-08,16.84,-0.02,-0.12,17.29,16.77,699454
Solaria,2025-12-09,17.17,0.32,1.9,17.17,16.57,697426
Solaria,2025-12-10,17.0,-0.17,-0.96,17.23,16.88,370150
Solaria,2025-12-11,16.61,-0.39,-2.29,17.07,16.4,604353
Solaria,2025-12-12,16.79,0.18,1.08,17.19,16.6,677662
Solaria,2025-12-15,16.82,0.02,0.15,16.99,16.57,535387
Solaria,2025-12-16,16.91,0.09,0.56,16.96,16.64,456837
Solaria,2025-12-17,16.54,-0.37,-2.19,17.19,16.54,841774
Solaria,2025-12-18,16.94,0.4,2.42,17.02,16.4,1164413
Solaria,2025-12-19,17.16,0.22,1.27,17.25,16.78,1849243
Solaria,2025-12-22,17.25,0.09,0.55,17.25,16.72,851684
Solaria,2025-12-23,17.69,0.44,2.55,17.95,17.1,1157162
Solaria,2025-12-24,17.68,-0.01,-0.06,17.76,17.58,158265
Solaria,2025-12-29,17.98,0.3,1.67,17.98,17.52,645056
Solaria,2025-12-30,18.05,0.07,0.39,18.09,17.85,543752
Solaria,2025-12-31,18.15,0.1,0.58,18.27,17.93,521621
Solaria,2026-01-02,18.2,0.05,0.28,18.27,17.8,1110530
Solaria,2026-01-05,18.28,0.08,0.44,18.41,17.35,1816459
Solaria,2026-01-06,18.03,-0.25,-1.34,18.42,17.96,1107832
Solaria,2026-01-07,18.65,0.61,3.41,18.7,17.97,1715619
Solaria,2026-01-08,17.96,-0.69,-3.7,18.64,17.92,868948
Solaria,2026-01-09,17.83,-0.13,-0.72,18.19,17.57,862582
Solaria,2026-01-12,17.35,-0.48,-2.69,17.85,17.32,777584
Solaria,2026-01-13,17.81,0.45,2.62,17.85,17.43,941479
Solaria,2026-01-14,18.19,0.39,2.16,18.23,17.57,887331
Solaria,2026-01-15,17.99,-0.2,-1.13,18.55,17.68,940613
Solaria,2026-01-16,17.77,-0.22,-1.2,18.06,17.75,1144723
Solaria,2026-01-19,17.42,-0.35,-1.94,17.68,17.11,712955
Solaria,2026-01-20,16.77,-0.65,-3.76,17.33,16.48,875756
Solaria,2026-01-21,17.03,0.26,1.55,17.07,16.5,607193
Solaria,2026-01-22,17.5,0.47,2.79,17.55,16.98,554832
Solaria,2026-01-23,18.09,0.59,3.37,18.1,17.48,751537
Solaria,2026-01-26,18.0,-0.09,-0.53,18.04,17.82,484642
Solaria,2026-01-27,18.53,0.53,2.94,18.53,17.93,1017636
Solaria,2026-01-28,18.25,-0.28,-1.51,18.59,17.72,1123899
Solaria,2026-01-29,18.04,-0.21,-1.15,18.6,17.97,877300
Solaria,2026-01-30,18.59,0.55,3.05,18.85,17.95,1337127
Solaria,2026-02-02,18.13,-0.46,-2.47,18.39,18.09,904636
Solaria,2026-02-03,18.17,0.04,0.22,18.36,17.78,761563
Solaria,2026-02-04,17.57,-0.6,-3.3,18.23,17.57,980967
Solaria,2026-02-05,17.48,-0.09,-0.51,17.96,17.17,832144
Solaria,2026-02-06,17.68,0.2,1.14,17.94,17.35,480222
Solaria,2026-02-09,18.2,0.52,2.97,18.37,17.81,1084116
Solaria,2026-02-10,18.78,0.58,3.19,18.78,17.94,1185646
Solaria,2026-02-11,18.82,0.03,0.19,18.85,18.46,991209
Solaria,2026-02-12,18.02,-0.8,-4.22,19.43,17.92,1990666
Solaria,2026-02-13,18.33,0.31,1.69,18.47,17.94,714782
Solaria,2026-02-16,18.59,0.26,1.42,18.64,18.24,449415
Solaria,2026-02-17,18.96,0.37,1.99,18.98,18.5,847456
Solaria,2026-02-18,19.41,0.45,2.37,19.52,18.85,1166142
Solaria,2026-02-19,18.79,-0.62,-3.19,19.42,18.5,1158498
Solaria,2026-02-20,18.74,-0.05,-0.27,19.03,18.66,467919
Solaria,2026-02-23,19.02,0.28,1.52,19.03,18.41,737798
Solaria,2026-02-24,19.1,0.08,0.39,19.44,18.85,935027
Solaria,2026-02-25,19.52,0.42,2.23,19.54,18.99,1007022
Solaria,2026-02-26,21.23,1.7,8.73,22.05,19.55,3182150
Solaria,2026-02-27,21.97,0.74,3.49,24.18,21.96,5322625
Solaria,2026-03-02,21.22,-0.75,-3.41,21.64,20.64,1712928
Solaria,2026-03-03,18.89,-2.33,-11.0,20.69,18.25,2472839
Solaria,2026-03-04,19.81,0.92,4.9,20.01,18.5,1573010
Solaria,2026-03-05,19.58,-0.23,-1.19,20.8,19.58,1523764
Solaria,2026-03-06,19.32,-0.26,-1.3,20.08,18.96,1269907
Solaria,2026-03-09,19.14,-0.18,-0.93,19.14,18.26,1126771
Solaria,2026-03-10,20.05,0.91,4.75,20.18,19.67,1100935
Solaria,2026-03-11,20.62,0.57,2.84,21.4,20.13,1563814
Solaria,2026-03-12,20.53,-0.09,-0.44,20.72,20.07,711520
Solaria,2026-03-13,20.86,0.33,1.61,21.6,20.11,950411
Solaria,2026-03-16,21.46,0.6,2.88,21.83,20.69,1160646
Telefonica,2025-03-17,4.05,0.0,0.0,4.07,4.03,7806150
Telefonica,2025-03-18,4.06,0.01,0.21,4.07,4.03,10383193
Telefonica,2025-03-19,4.02,-0.03,-0.82,4.06,4.02,10828741
Telefonica,2025-03-20,4.02,-0.01,-0.16,4.04,3.97,8647826
Telefonica,2025-03-21,4.03,0.01,0.3,4.06,3.99,28738950
Telefonica,2025-03-24,3.95,-0.08,-1.94,4.03,3.95,11456575
Telefonica,2025-03-25,3.97,0.02,0.59,4.0,3.95,7641930
Telefonica,2025-03-26,3.99,0.02,0.54,3.99,3.95,6574563
Telefonica,2025-03-27,4.01,0.02,0.51,4.03,3.98,9407979
Telefonica,2025-03-28,4.01,-0.0,-0.07,4.06,4.01,9737732
Telefonica,2025-03-31,4.04,0.03,0.74,4.05,4.0,8370517
Telefonica,2025-04-01,4.1,0.06,1.47,4.1,4.04,10207750
Telefonica,2025-04-02,4.06,-0.04,-1.0,4.13,4.05,9602612
Telefonica,2025-04-03,4.15,0.09,2.24,4.15,4.04,12190621
Telefonica,2025-04-04,3.99,-0.16,-3.8,4.19,3.97,19860931
Telefonica,2025-04-07,3.81,-0.19,-4.7,3.91,3.66,25380599
Telefonica,2025-04-08,3.79,-0.02,-0.46,3.81,3.7,14564203
Telefonica,2025-04-09,3.61,-0.18,-4.7,3.75,3.56,28947892
Telefonica,2025-04-10,3.67,0.06,1.57,3.93,3.65,17313956
Telefonica,2025-04-11,3.71,0.04,1.16,3.72,3.63,11383000
Telefonica,2025-04-14,3.83,0.12,3.13,3.83,3.72,9105005
Telefonica,2025-04-15,3.87,0.04,1.09,3.87,3.83,7063709
Telefonica,2025-04-16,3.96,0.1,2.47,3.96,3.87,10487071
Telefonica,2025-04-17,4.02,0.06,1.41,4.03,3.93,9968747
Telefonica,2025-04-22,4.05,0.04,0.88,4.08,3.97,9116305
Telefonica,2025-04-23,4.04,-0.01,-0.27,4.08,3.98,10390077
Telefonica,2025-04-24,4.05,0.0,0.09,4.08,4.03,5544346
Telefonica,2025-04-25,4.08,0.03,0.83,4.11,4.03,9343334
Telefonica,2025-04-28,4.14,0.06,1.43,4.14,4.09,7158273
Telefonica,2025-04-29,4.16,0.02,0.52,4.18,4.12,6983798
Telefonica,2025-04-30,4.19,0.03,0.83,4.19,4.15,10380743
Telefonica,2025-05-02,4.17,-0.02,-0.49,4.25,4.15,8471018
Telefonica,2025-05-05,4.15,-0.02,-0.51,4.2,4.15,4491971
Telefonica,2025-05-06,4.22,0.07,1.59,4.23,4.16,9043874
Telefonica,2025-05-07,4.2,-0.01,-0.35,4.25,4.2,8536803
Telefonica,2025-05-08,4.15,-0.06,-1.33,4.19,4.1,9968207
Telefonica,2025-05-09,4.16,0.01,0.18,4.18,4.13,5639017
Telefonica,2025-05-12,4.1,-0.05,-1.32,4.19,4.05,10727218
Telefonica,2025-05-13,4.1,-0.0,-0.11,4.17,4.08,8331921
Telefonica,2025-05-14,4.0,-0.09,-2.24,4.13,3.94,24605217
Telefonica,2025-05-15,4.05,0.05,1.23,4.05,3.96,11810051
Telefonica,2025-05-16,4.12,0.06,1.53,4.12,4.05,10068702
Telefonica,2025-05-19,4.17,0.06,1.42,4.19,4.11,8873203
Telefonica,2025-05-20,4.22,0.05,1.2,4.23,4.17,11044326
Telefonica,2025-05-21,4.24,0.02,0.46,4.25,4.2,7683546
Telefonica,2025-05-22,4.28,0.03,0.79,4.28,4.21,9187478
Telefonica,2025-05-23,4.28,-0.0,-0.02,4.28,4.23,10567344
Telefonica,2025-05-26,4.3,0.03,0.59,4.32,4.28,6500175
Telefonica,2025-05-27,4.32,0.02,0.47,4.36,4.3,9642952
Telefonica,2025-05-28,4.32,0.0,0.04,4.37,4.31,7390700
Telefonica,2025-05-29,4.34,0.01,0.32,4.35,4.27,5743343
Telefonica,2025-05-30,4.37,0.04,0.86,4.39,4.33,39050260
Telefonica,2025-06-02,4.38,0.01,0.15,4.4,4.34,6648945
Telefonica,2025-06-03,4.34,-0.04,-1.0,4.4,4.33,8248466
Telefonica,2025-06-04,4.33,-0.01,-0.24,4.35,4.31,6262862
Telefonica,2025-06-05,4.37,0.04,0.94,4.38,4.31,9571910
Telefonica,2025-06-06,4.35,-0.01,-0.34,4.4,4.35,10205031
Telefonica,2025-06-09,4.33,-0.03,-0.6,4.37,4.33,5766903
Telefonica,2025-06-10,4.31,-0.02,-0.41,4.37,4.31,6467493
Telefonica,2025-06-11,4.28,-0.03,-0.71,4.32,4.27,7011173
Telefonica,2025-06-12,4.28,-0.0,-0.02,4.31,4.26,12158915
Telefonica,2025-06-13,4.26,-0.01,-0.3,4.28,4.22,54911641
Telefonica,2025-06-16,4.39,0.13,3.0,4.41,4.26,36171715
Telefonica,2025-06-17,4.36,-0.03,-0.79,4.39,4.32,9400153
Telefonica,2025-06-18,4.39,0.03,0.73,4.42,4.36,9820314
Telefonica,2025-06-19,4.39,-0.0,-0.02,4.41,4.36,5796399
Telefonica,2025-06-20,4.36,-0.03,-0.76,4.42,4.36,38248437
Telefonica,2025-06-23,4.36,0.01,0.18,4.38,4.31,32991777
Telefonica,2025-06-24,4.39,0.02,0.55,4.4,4.35,6997066
Telefonica,2025-06-25,4.29,-0.09,-2.16,4.39,4.29,13394790
Telefonica,2025-06-26,4.3,0.01,0.16,4.32,4.25,5664317
Telefonica,2025-06-27,4.3,0.0,0.02,4.32,4.27,6476225
Telefonica,2025-06-30,4.27,-0.03,-0.6,4.33,4.25,8874694
Telefonica,2025-07-01,4.36,0.09,2.04,4.36,4.28,12417088
Telefonica,2025-07-02,4.37,0.01,0.13,4.39,4.35,6050857
Telefonica,2025-07-03,4.35,-0.01,-0.29,4.39,4.33,4581369
Telefonica,2025-07-04,4.37,0.01,0.29,4.39,4.34,3482118
Telefonica,2025-07-07,4.36,-0.01,-0.18,4.38,4.33,4543977
Telefonica,2025-07-08,4.31,-0.05,-1.1,4.36,4.3,6750625
Telefonica,2025-07-09,4.33,0.02,0.47,4.35,4.31,4950186
Telefonica,2025-07-10,4.3,-0.03,-0.62,4.33,4.28,5537692
Telefonica,2025-07-11,4.3,-0.01,-0.22,4.31,4.28,4403038
Telefonica,2025-07-14,4.32,0.03,0.67,4.32,4.27,3316773
Telefonica,2025-07-15,4.3,-0.02,-0.44,4.32,4.27,4359352
Telefonica,2025-07-16,4.3,-0.0,-0.11,4.34,4.29,5960350
Telefonica,2025-07-17,4.3,-0.0,-0.11,4.32,4.28,4605672
Telefonica,2025-07-18,4.32,0.02,0.51,4.34,4.3,6548297
Telefonica,2025-07-21,4.36,0.04,1.02,4.36,4.3,4792384
Telefonica,2025-07-22,4.37,0.01,0.26,4.38,4.33,4860712
Telefonica,2025-07-23,4.37,-0.01,-0.15,4.39,4.35,7044182
Telefonica,2025-07-24,4.43,0.07,1.49,4.46,4.37,9150025
Telefonica,2025-07-25,4.44,0.01,0.17,4.44,4.38,7183011
Telefonica,2025-07-28,4.37,-0.07,-1.6,4.46,4.37,7870401
Telefonica,2025-07-29,4.38,0.01,0.31,4.39,4.34,7125862
Telefonica,2025-07-30,4.39,0.01,0.13,4.5,4.3,8174217
Telefonica,2025-07-31,4.34,-0.05,-1.14,4.39,4.27,8987216
Telefonica,2025-08-01,4.36,0.02,0.57,4.36,4.3,6994609
Telefonica,2025-08-04,4.4,0.04,0.81,4.41,4.32,5358085
Telefonica,2025-08-05,4.39,-0.01,-0.24,4.41,4.35,3584176
Telefonica,2025-08-06,4.46,0.08,1.75,4.49,4.33,9770459
Telefonica,2025-08-07,4.44,-0.03,-0.58,4.47,4.4,5609714
Telefonica,2025-08-08,4.46,0.02,0.5,4.49,4.45,5928554
Telefonica,2025-08-11,4.5,0.04,0.97,4.51,4.47,7016241
Telefonica,2025-08-12,4.5,-0.01,-0.13,4.55,4.5,6279566
Telefonica,2025-08-13,4.54,0.04,0.94,4.55,4.5,5192500
Telefonica,2025-08-14,4.58,0.04,0.91,4.6,4.54,11531135
Telefonica,2025-08-15,4.61,0.03,0.71,4.61,4.57,6256747
Telefonica,2025-08-18,4.64,0.03,0.58,4.65,4.61,5286378
Telefonica,2025-08-19,4.65,0.01,0.25,4.68,4.64,7874088
Telefonica,2025-08-20,4.68,0.03,0.68,4.69,4.65,5273680
Telefonica,2025-08-21,4.46,-0.23,-4.81,4.66,4.38,25835865
Telefonica,2025-08-22,4.46,0.0,0.0,4.49,4.43,9107925
Telefonica,2025-08-25,4.43,-0.02,-0.56,4.44,4.39,7166691
Telefonica,2025-08-26,4.43,-0.0,-0.04,4.45,4.39,10142867
Telefonica,2025-08-27,4.42,-0.01,-0.26,4.44,4.41,3947874
Telefonica,2025-08-28,4.38,-0.04,-0.89,4.44,4.35,7138893
Telefonica,2025-08-29,4.39,0.01,0.2,4.4,4.35,4849695
Telefonica,2025-09-01,4.43,0.05,1.03,4.43,4.37,5058447
Telefonica,2025-09-02,4.39,-0.04,-0.93,4.42,4.37,5061767
Telefonica,2025-09-03,4.32,-0.07,-1.62,4.4,4.32,7073963
Telefonica,2025-09-04,4.33,0.01,0.22,4.36,4.29,5615103
Telefonica,2025-09-05,4.37,0.03,0.8,4.37,4.31,6085130
Telefonica,2025-09-08,4.36,-0.0,-0.07,4.36,4.33,4953995
Telefonica,2025-09-09,4.39,0.03,0.68,4.39,4.34,4627400
Telefonica,2025-09-10,4.35,-0.04,-0.96,4.39,4.33,6978165
Telefonica,2025-09-11,4.39,0.04,0.82,4.4,4.36,3734868
Telefonica,2025-09-12,4.38,-0.0,-0.04,4.39,4.36,4019950
Telefonica,2025-09-15,4.36,-0.02,-0.46,4.39,4.34,7388811
Telefonica,2025-09-16,4.35,-0.02,-0.4,4.35,4.3,9804875
Telefonica,2025-09-17,4.36,0.01,0.22,4.36,4.32,7695768
Telefonica,2025-09-18,4.34,-0.02,-0.37,4.37,4.32,4756207
Telefonica,2025-09-19,4.32,-0.02,-0.44,4.37,4.31,16401287
Telefonica,2025-09-22,4.22,-0.1,-2.42,4.28,4.21,10439503
Telefonica,2025-09-23,4.2,-0.02,-0.48,4.21,4.15,9686603
Telefonica,2025-09-24,4.18,-0.02,-0.46,4.23,4.17,6607098
Telefonica,2025-09-25,4.17,-0.01,-0.14,4.19,4.15,5091767
Telefonica,2025-09-26,4.19,0.01,0.34,4.19,4.14,4541002
Telefonica,2025-09-29,4.16,-0.02,-0.5,4.18,4.13,6460627
Telefonica,2025-09-30,4.22,0.05,1.24,4.22,4.13,6289483
Telefonica,2025-10-01,4.19,-0.03,-0.66,4.24,4.19,8633295
Telefonica,2025-10-02,4.16,-0.03,-0.64,4.2,4.15,5005386
Telefonica,2025-10-03,4.14,-0.03,-0.62,4.19,4.13,6998221
Telefonica,2025-10-06,4.15,0.01,0.25,4.18,4.1,7294348
Telefonica,2025-10-07,4.15,-0.0,-0.02,4.17,4.13,6230873
Telefonica,2025-10-08,4.17,0.03,0.69,4.19,4.14,7211956
Telefonica,2025-10-09,4.19,0.02,0.48,4.21,4.17,5846160
Telefonica,2025-10-10,4.2,0.01,0.21,4.23,4.2,7287892
Telefonica,2025-10-13,4.16,-0.04,-1.03,4.19,4.14,17343176
Telefonica,2025-10-14,4.21,0.05,1.18,4.22,4.16,8884519
Telefonica,2025-10-15,4.3,0.09,2.05,4.32,4.2,17487319
Telefonica,2025-10-16,4.27,-0.02,-0.54,4.29,4.24,7729358
Telefonica,2025-10-17,4.31,0.04,0.92,4.32,4.26,14837785
Telefonica,2025-10-20,4.39,0.08,1.87,4.41,4.31,11730707
Telefonica,2025-10-21,4.39,-0.0,-0.11,4.42,4.38,6814946
Telefonica,2025-10-22,4.43,0.05,1.03,4.44,4.38,7120756
Telefonica,2025-10-23,4.38,-0.05,-1.15,4.44,4.38,6768148
Telefonica,2025-10-24,4.37,-0.01,-0.31,4.38,4.32,5801953
Telefonica,2025-10-27,4.38,0.01,0.29,4.39,4.36,4955905
Telefonica,2025-10-28,4.38,-0.0,-0.07,4.41,4.31,7670304
Telefonica,2025-10-29,4.31,-0.06,-1.47,4.39,4.3,10699956
Telefonica,2025-10-30,4.28,-0.03,-0.69,4.33,4.23,7402453
Telefonica,2025-10-31,4.21,-0.08,-1.81,4.37,4.17,18098400
Telefonica,2025-11-03,4.11,-0.09,-2.17,4.2,4.11,15652768
Telefonica,2025-11-04,3.58,-0.54,-13.12,3.87,3.56,78459578
Telefonica,2025-11-05,3.48,-0.1,-2.76,3.56,3.41,35383086
Telefonica,2025-11-06,3.49,0.02,0.44,3.52,3.45,32312534
Telefonica,2025-11-07,3.5,0.01,0.36,3.52,3.43,14597756
Telefonica,2025-11-10,3.44,-0.06,-1.7,3.49,3.43,13469682
Telefonica,2025-11-11,3.52,0.08,2.23,3.55,3.42,14229931
Telefonica,2025-11-12,3.49,-0.03,-0.82,3.53,3.49,14205002
Telefonica,2025-11-13,3.56,0.07,1.98,3.6,3.45,15358550
Telefonica,2025-11-14,3.58,0.02,0.46,3.63,3.56,12560062
Telefonica,2025-11-17,3.58,-0.0,-0.05,3.6,3.53,7951311
Telefonica,2025-11-18,3.48,-0.09,-2.63,3.55,3.48,11710039
Telefonica,2025-11-19,3.47,-0.01,-0.33,3.5,3.47,11924529
Telefonica,2025-11-20,3.47,-0.0,-0.11,3.49,3.45,10569940
Telefonica,2025-11-21,3.52,0.06,1.6,3.54,3.45,9725189
Telefonica,2025-11-24,3.5,-0.02,-0.52,3.56,3.49,19991103
Telefonica,2025-11-25,3.57,0.07,2.0,3.58,3.49,10412465
Telefonica,2025-11-26,3.59,0.01,0.32,3.6,3.54,7399719
Telefonica,2025-11-27,3.63,0.04,1.12,3.63,3.58,5796865
Telefonica,2025-11-28,3.58,-0.05,-1.24,3.63,3.57,10386441
Telefonica,2025-12-01,3.52,-0.06,-1.79,3.6,3.51,10324245
Telefonica,2025-12-02,3.48,-0.03,-0.98,3.54,3.48,9279954
Telefonica,2025-12-03,3.48,0.0,0.03,3.51,3.47,9055727
Telefonica,2025-12-04,3.5,0.01,0.36,3.52,3.45,11896539
Telefonica,2025-12-05,3.52,0.02,0.66,3.55,3.5,10094025
Telefonica,2025-12-08,3.48,-0.04,-1.04,3.52,3.48,10022310
Telefonica,2025-12-09,3.49,0.01,0.19,3.52,3.47,12522269
Telefonica,2025-12-10,3.5,0.01,0.25,3.5,3.46,6377302
Telefonica,2025-12-11,3.52,0.02,0.66,3.53,3.48,7877224
Telefonica,2025-12-12,3.56,0.04,1.14,3.57,3.51,9050240
Telefonica,2025-12-15,3.48,-0.08,-2.18,3.56,3.48,22550936
Telefonica,2025-12-16,3.46,-0.02,-0.72,3.51,3.46,34605512
Telefonica,2025-12-17,3.49,0.03,0.93,3.5,3.42,16660254
Telefonica,2025-12-18,3.48,-0.01,-0.29,3.5,3.45,27606425
Telefonica,2025-12-19,3.42,-0.06,-1.72,3.47,3.39,56409660
Telefonica,2025-12-22,3.42,-0.0,-0.03,3.42,3.37,19546829
Telefonica,2025-12-23,3.44,0.02,0.5,3.47,3.4,12480301
Telefonica,2025-12-24,3.44,0.01,0.26,3.46,3.41,4205101
Telefonica,2025-12-29,3.47,0.03,0.84,3.49,3.4,18862862
Telefonica,2025-12-30,3.51,0.03,0.89,3.52,3.46,15313188
Telefonica,2025-12-31,3.49,-0.01,-0.34,3.53,3.48,8331505
Telefonica,2026-01-02,3.48,-0.01,-0.34,3.53,3.44,10670053
Telefonica,2026-01-05,3.46,-0.02,-0.57,3.51,3.44,11128622
Telefonica,2026-01-06,3.42,-0.04,-1.13,3.51,3.42,9729923
Telefonica,2026-01-07,3.49,0.06,1.87,3.49,3.4,14233566
Telefonica,2026-01-08,3.45,-0.03,-0.92,3.5,3.44,8690536
Telefonica,2026-01-09,3.42,-0.04,-1.04,3.45,3.41,9632497
Telefonica,2026-01-12,3.44,0.02,0.56,3.44,3.39,8509836
Telefonica,2026-01-13,3.35,-0.08,-2.41,3.42,3.35,64369743
Telefonica,2026-01-14,3.41,0.05,1.58,3.42,3.32,13093071
Telefonica,2026-01-15,3.38,-0.03,-0.88,3.4,3.37,8880775
Telefonica,2026-01-16,3.34,-0.04,-1.18,3.38,3.33,11703340
Telefonica,2026-01-19,3.33,-0.01,-0.24,3.38,3.31,8884772
Telefonica,2026-01-20,3.29,-0.04,-1.14,3.37,3.29,10792004
Telefonica,2026-01-21,3.24,-0.05,-1.67,3.32,3.24,12883891
Telefonica,2026-01-22,3.31,0.07,2.19,3.33,3.28,10372965
Telefonica,2026-01-23,3.37,0.06,1.91,3.37,3.31,7623350
Telefonica,2026-01-26,3.38,0.01,0.42,3.4,3.36,7328339
Telefonica,2026-01-27,3.35,-0.04,-1.09,3.39,3.33,7965124
Telefonica,2026-01-28,3.38,0.04,1.05,3.39,3.32,7897256
Telefonica,2026-01-29,3.4,0.01,0.41,3.42,3.36,7592461
Telefonica,2026-01-30,3.41,0.02,0.56,3.41,3.36,11391561
Telefonica,2026-02-02,3.45,0.04,1.02,3.46,3.42,10272049
Telefonica,2026-02-03,3.47,0.02,0.46,3.47,3.37,10839776
Telefonica,2026-02-04,3.66,0.19,5.57,3.66,3.46,25255500
Telefonica,2026-02-05,3.63,-0.03,-0.85,3.66,3.57,12233373
Telefonica,2026-02-06,3.62,-0.01,-0.25,3.64,3.6,10205461
Telefonica,2026-02-09,3.61,-0.01,-0.22,3.62,3.54,8331059
Telefonica,2026-02-10,3.61,-0.01,-0.17,3.65,3.6,11536450
Telefonica,2026-02-11,3.64,0.04,0.97,3.67,3.59,13632744
Telefonica,2026-02-12,3.71,0.07,1.81,3.72,3.6,12590731
Telefonica,2026-02-13,3.67,-0.04,-0.94,3.72,3.65,9394987
Telefonica,2026-02-16,3.69,0.02,0.52,3.69,3.64,6261896
Telefonica,2026-02-17,3.66,-0.03,-0.73,3.73,3.65,8938309
Telefonica,2026-02-18,3.56,-0.1,-2.7,3.68,3.56,14672671
Telefonica,2026-02-19,3.59,0.03,0.84,3.61,3.55,9363528
Telefonica,2026-02-20,3.58,-0.02,-0.42,3.61,3.55,10154088
Telefonica,2026-02-23,3.65,0.07,1.96,3.66,3.58,13297199
Telefonica,2026-02-24,3.65,0.0,0.08,3.75,3.6,22044266
Telefonica,2026-02-25,3.68,0.03,0.88,3.74,3.64,12881021
Telefonica,2026-02-26,3.65,-0.04,-0.95,3.73,3.61,13431506
Telefonica,2026-02-27,3.85,0.2,5.51,3.87,3.62,40040369
Telefonica,2026-03-02,3.72,-0.13,-3.27,3.79,3.7,23161193
Telefonica,2026-03-03,3.56,-0.16,-4.32,3.71,3.54,23102191
Telefonica,2026-03-04,3.6,0.04,1.12,3.62,3.52,10688164
Telefonica,2026-03-05,3.57,-0.03,-0.97,3.65,3.55,15085325
Telefonica,2026-03-06,3.67,0.1,2.89,3.67,3.57,16984918
Telefonica,2026-03-09,3.58,-0.09,-2.4,3.61,3.53,12286718
Telefonica,2026-03-10,3.62,0.03,0.89,3.65,3.59,9144316
Telefonica,2026-03-11,3.51,-0.1,-2.79,3.62,3.5,14990438
Telefonica,2026-03-12,3.55,0.04,1.0,3.55,3.47,10191128
Telefonica,2026-03-13,3.59,0.04,1.13,3.63,3.49,11860032
Telefonica,2026-03-16,3.56,-0.03,-0.7,3.6,3.54,10005838
Unicaja,2025-03-17,1.62,0.0,0.0,1.62,1.6,3822246
Unicaja,2025-03-18,1.67,0.05,3.33,1.67,1.62,4366991
Unicaja,2025-03-19,1.68,0.01,0.33,1.69,1.66,4836245
Unicaja,2025-03-20,1.6,-0.08,-4.6,1.68,1.6,9129732
Unicaja,2025-03-21,1.59,-0.01,-0.75,1.61,1.58,18305439
Unicaja,2025-03-24,1.61,0.03,1.64,1.62,1.61,4655912
Unicaja,2025-03-25,1.64,0.03,1.84,1.65,1.61,7853690
Unicaja,2025-03-26,1.65,0.0,0.23,1.65,1.64,4423701
Unicaja,2025-03-27,1.62,-0.02,-1.41,1.64,1.6,3958038
Unicaja,2025-03-28,1.59,-0.04,-2.23,1.62,1.59,4629941
Unicaja,2025-03-31,1.58,-0.0,-0.23,1.59,1.56,9273130
Unicaja,2025-04-01,1.62,0.04,2.34,1.63,1.59,8346338
Unicaja,2025-04-02,1.63,0.01,0.52,1.63,1.61,4786215
Unicaja,2025-04-03,1.56,-0.06,-3.99,1.61,1.56,8129052
Unicaja,2025-04-04,1.4,-0.17,-10.56,1.54,1.38,18171874
Unicaja,2025-04-07,1.34,-0.06,-4.05,1.39,1.16,19616579
Unicaja,2025-04-08,1.4,0.06,4.15,1.43,1.33,13716726
Unicaja,2025-04-09,1.38,-0.01,-1.06,1.39,1.34,9910608
Unicaja,2025-04-10,1.42,0.04,2.95,1.61,1.42,22630485
Unicaja,2025-04-11,1.46,0.04,2.74,1.47,1.42,10841935
Unicaja,2025-04-14,1.5,0.04,2.86,1.51,1.49,10651694
Unicaja,2025-04-15,1.55,0.04,2.9,1.55,1.51,6621066
Unicaja,2025-04-16,1.55,0.01,0.42,1.56,1.52,8393827
Unicaja,2025-04-17,1.53,-0.02,-1.31,1.56,1.52,8912768
Unicaja,2025-04-22,1.54,0.0,0.18,1.58,1.52,6653290
Unicaja,2025-04-23,1.6,0.06,3.98,1.61,1.56,9227447
Unicaja,2025-04-24,1.61,0.01,0.85,1.62,1.59,8577806
Unicaja,2025-04-25,1.63,0.02,1.15,1.64,1.61,7767340
Unicaja,2025-04-28,1.67,0.04,2.74,1.69,1.64,11480591
Unicaja,2025-04-29,1.65,-0.03,-1.51,1.7,1.64,8183467
Unicaja,2025-04-30,1.63,-0.02,-1.3,1.68,1.59,9423770
Unicaja,2025-05-02,1.66,0.03,1.67,1.67,1.64,8401074
Unicaja,2025-05-05,1.7,0.04,2.46,1.7,1.65,8988922
Unicaja,2025-05-06,1.7,0.01,0.4,1.74,1.68,9646693
Unicaja,2025-05-07,1.71,0.0,0.29,1.73,1.71,7695269
Unicaja,2025-05-08,1.75,0.05,2.67,1.75,1.71,7403102
Unicaja,2025-05-09,1.75,-0.0,-0.11,1.76,1.73,7277886
Unicaja,2025-05-12,1.78,0.03,1.55,1.79,1.77,6956720
Unicaja,2025-05-13,1.83,0.05,3.06,1.83,1.78,7955523
Unicaja,2025-05-14,1.88,0.05,2.49,1.88,1.82,9151477
Unicaja,2025-05-15,1.85,-0.03,-1.55,1.88,1.84,4470410
Unicaja,2025-05-16,1.86,0.01,0.63,1.86,1.83,6480318
Unicaja,2025-05-19,1.83,-0.03,-1.41,1.86,1.82,6336003
Unicaja,2025-05-20,1.87,0.03,1.75,1.88,1.85,5627816
Unicaja,2025-05-21,1.88,0.01,0.47,1.91,1.87,6131748
Unicaja,2025-05-22,1.88,0.0,0.16,1.88,1.85,5399817
Unicaja,2025-05-23,1.84,-0.04,-2.22,1.89,1.78,10913273
Unicaja,2025-05-26,1.85,0.02,0.9,1.88,1.85,5928381
Unicaja,2025-05-27,1.88,0.03,1.42,1.88,1.85,7592052
Unicaja,2025-05-28,1.87,-0.01,-0.41,1.89,1.87,4438264
Unicaja,2025-05-29,1.89,0.02,1.19,1.92,1.88,6041200
Unicaja,2025-05-30,1.88,-0.01,-0.67,1.89,1.87,5616445
Unicaja,2025-06-02,1.89,0.01,0.36,1.9,1.86,5210776
Unicaja,2025-06-03,1.87,-0.02,-1.08,1.89,1.85,8256651
Unicaja,2025-06-04,1.84,-0.03,-1.46,1.88,1.83,5246103
Unicaja,2025-06-05,1.88,0.03,1.9,1.88,1.83,3860203
Unicaja,2025-06-06,1.88,0.0,0.0,1.88,1.85,2965474
Unicaja,2025-06-09,1.9,0.02,1.14,1.9,1.87,4445697
Unicaja,2025-06-10,1.89,-0.01,-0.61,1.89,1.87,4573583
Unicaja,2025-06-11,1.87,-0.02,-0.82,1.9,1.86,4172172
Unicaja,2025-06-12,1.87,0.0,0.26,1.88,1.85,3973679
Unicaja,2025-06-13,1.84,-0.04,-2.02,1.85,1.82,5295012
Unicaja,2025-06-16,1.85,0.01,0.74,1.87,1.84,9326162
Unicaja,2025-06-17,1.83,-0.02,-1.05,1.85,1.82,3761984
Unicaja,2025-06-18,1.86,0.03,1.43,1.86,1.82,7383322
Unicaja,2025-06-19,1.82,-0.04,-1.99,1.85,1.81,3278694
Unicaja,2025-06-20,1.83,0.01,0.75,1.85,1.82,18643340
Unicaja,2025-06-23,1.83,-0.01,-0.48,1.85,1.81,3982975
Unicaja,2025-06-24,1.88,0.06,3.19,1.89,1.85,7680078
Unicaja,2025-06-25,1.86,-0.02,-1.08,1.89,1.85,4493944
Unicaja,2025-06-26,1.88,0.02,0.99,1.88,1.86,4581979
Unicaja,2025-06-27,1.92,0.04,2.27,1.93,1.89,5795176
Unicaja,2025-06-30,1.95,0.02,1.26,1.95,1.9,4994185
Unicaja,2025-07-01,1.93,-0.02,-1.2,1.96,1.93,4474463
Unicaja,2025-07-02,1.94,0.01,0.55,1.97,1.92,4453198
Unicaja,2025-07-03,1.99,0.06,2.86,1.99,1.94,4383619
Unicaja,2025-07-04,1.96,-0.03,-1.46,2.0,1.96,3596760
Unicaja,2025-07-07,2.01,0.05,2.48,2.01,1.96,4134610
Unicaja,2025-07-08,2.03,0.02,0.97,2.05,2.02,5211860
Unicaja,2025-07-09,2.05,0.02,0.77,2.06,2.03,5595008
Unicaja,2025-07-10,2.03,-0.02,-0.95,2.05,2.02,3004228
Unicaja,2025-07-11,1.99,-0.04,-1.82,2.03,1.97,3865680
Unicaja,2025-07-14,2.01,0.02,1.17,2.01,1.97,2213016
Unicaja,2025-07-15,1.97,-0.04,-2.03,2.02,1.97,3214475
Unicaja,2025-07-16,1.98,0.0,0.2,2.0,1.97,80383912
Unicaja,2025-07-17,1.99,0.01,0.49,1.99,1.96,2917131
Unicaja,2025-07-18,1.98,-0.01,-0.39,2.0,1.96,2454257
Unicaja,2025-07-21,1.97,-0.01,-0.49,1.98,1.93,4438881
Unicaja,2025-07-22,1.96,-0.01,-0.59,1.96,1.94,3207883
Unicaja,2025-07-23,1.97,0.01,0.6,1.98,1.95,3953087
Unicaja,2025-07-24,2.02,0.05,2.67,2.03,1.99,5407087
Unicaja,2025-07-25,2.01,-0.01,-0.29,2.02,2.0,2751841
Unicaja,2025-07-28,2.06,0.04,2.12,2.06,2.03,5883207
Unicaja,2025-07-29,2.22,0.17,8.03,2.25,2.07,13079513
Unicaja,2025-07-30,2.24,0.02,0.7,2.24,2.18,4734718
Unicaja,2025-07-31,2.24,0.0,0.09,2.28,2.23,5381169
Unicaja,2025-08-01,2.16,-0.08,-3.38,2.24,2.14,5801239
Unicaja,2025-08-04,2.2,0.03,1.44,2.2,2.17,4558832
Unicaja,2025-08-05,2.19,-0.01,-0.27,2.21,2.17,4762851
Unicaja,2025-08-06,2.21,0.02,0.8,2.22,2.18,4877514
Unicaja,2025-08-07,2.25,0.04,1.85,2.26,2.22,5249271
Unicaja,2025-08-08,2.31,0.06,2.77,2.31,2.25,4409317
Unicaja,2025-08-11,2.33,0.02,0.93,2.34,2.28,4824839
Unicaja,2025-08-12,2.32,-0.01,-0.58,2.35,2.31,4855719
Unicaja,2025-08-13,2.33,0.01,0.42,2.34,2.33,3915266
Unicaja,2025-08-14,2.34,0.02,0.75,2.34,2.29,4271584
Unicaja,2025-08-15,2.33,-0.02,-0.75,2.37,2.32,3485270
Unicaja,2025-08-18,2.34,0.01,0.58,2.34,2.3,2875347
Unicaja,2025-08-19,2.34,0.0,0.08,2.35,2.34,3566780
Unicaja,2025-08-20,2.33,-0.01,-0.41,2.34,2.32,2362119
Unicaja,2025-08-21,2.36,0.02,1.0,2.36,2.33,3126107
Unicaja,2025-08-22,2.38,0.02,0.82,2.38,2.34,2541580
Unicaja,2025-08-25,2.36,-0.02,-0.65,2.38,2.36,1968349
Unicaja,2025-08-26,2.34,-0.02,-0.66,2.35,2.29,4495262
Unicaja,2025-08-27,2.3,-0.04,-1.74,2.35,2.28,3263509
Unicaja,2025-08-28,2.31,0.01,0.42,2.32,2.29,2780773
Unicaja,2025-08-29,2.3,-0.01,-0.5,2.32,2.28,3304619
Unicaja,2025-09-01,2.31,0.01,0.25,2.32,2.29,2805343
Unicaja,2025-09-02,2.29,-0.02,-0.67,2.31,2.27,5300738
Unicaja,2025-09-03,2.25,-0.05,-2.03,2.3,2.23,5935256
Unicaja,2025-09-04,2.27,0.02,0.87,2.27,2.23,4646427
Unicaja,2025-09-05,2.25,-0.02,-0.77,2.29,2.24,4106392
Unicaja,2025-09-08,2.29,0.04,1.9,2.29,2.26,2974182
Unicaja,2025-09-09,2.3,0.01,0.25,2.32,2.26,4560811
Unicaja,2025-09-10,2.31,0.02,0.68,2.32,2.28,6916714
Unicaja,2025-09-11,2.33,0.02,0.92,2.34,2.29,3196869
Unicaja,2025-09-12,2.31,-0.02,-1.0,2.34,2.29,3170490
Unicaja,2025-09-15,2.35,0.04,1.93,2.36,2.33,26936786
Unicaja,2025-09-16,2.29,-0.07,-2.81,2.35,2.29,6382718
Unicaja,2025-09-17,2.26,-0.03,-1.19,2.31,2.25,9139057
Unicaja,2025-09-18,2.26,0.0,0.09,2.29,2.24,31574102
Unicaja,2025-09-19,2.29,0.02,1.03,2.29,2.26,32034985
Unicaja,2025-09-22,2.23,-0.05,-2.29,2.29,2.22,9911388
Unicaja,2025-09-23,2.26,0.02,0.98,2.27,2.22,6205399
Unicaja,2025-09-24,2.29,0.03,1.33,2.29,2.24,4582992
Unicaja,2025-09-25,2.26,-0.02,-1.05,2.27,2.22,6810479
Unicaja,2025-09-26,2.31,0.05,2.3,2.31,2.27,5838650
Unicaja,2025-09-29,2.31,-0.01,-0.26,2.32,2.28,4751350
Unicaja,2025-09-30,2.33,0.02,0.95,2.34,2.3,6791042
Unicaja,2025-10-01,2.33,-0.0,-0.09,2.34,2.29,4486714
Unicaja,2025-10-02,2.32,-0.0,-0.17,2.37,2.32,5565062
Unicaja,2025-10-03,2.32,0.0,0.0,2.36,2.31,5652997
Unicaja,2025-10-06,2.3,-0.02,-0.95,2.33,2.28,6066146
Unicaja,2025-10-07,2.3,-0.0,-0.17,2.31,2.29,4902198
Unicaja,2025-10-08,2.36,0.06,2.79,2.36,2.31,6229907
Unicaja,2025-10-09,2.33,-0.03,-1.19,2.36,2.33,4311553
Unicaja,2025-10-10,2.28,-0.05,-2.31,2.36,2.28,7723918
Unicaja,2025-10-13,2.31,0.03,1.23,2.32,2.29,3090769
Unicaja,2025-10-14,2.35,0.04,1.65,2.35,2.28,4133573
Unicaja,2025-10-15,2.31,-0.04,-1.62,2.37,2.31,5888281
Unicaja,2025-10-16,2.31,0.01,0.26,2.34,2.29,4540448
Unicaja,2025-10-17,2.31,-0.01,-0.26,2.36,2.24,10038382
Unicaja,2025-10-20,2.35,0.04,1.91,2.37,2.33,5105924
Unicaja,2025-10-21,2.35,0.0,0.0,2.38,2.35,5805493
Unicaja,2025-10-22,2.34,-0.01,-0.43,2.37,2.31,5895864
Unicaja,2025-10-23,2.29,-0.05,-2.13,2.34,2.29,5777875
Unicaja,2025-10-24,2.32,0.03,1.13,2.32,2.29,3810297
Unicaja,2025-10-27,2.33,0.01,0.6,2.35,2.33,5739402
Unicaja,2025-10-28,2.35,0.02,0.77,2.36,2.32,4386532
Unicaja,2025-10-29,2.34,-0.01,-0.26,2.36,2.32,5343218
Unicaja,2025-10-30,2.35,0.01,0.26,2.37,2.33,4753946
Unicaja,2025-10-31,2.34,-0.01,-0.43,2.45,2.27,15889251
Unicaja,2025-11-03,2.37,0.03,1.45,2.4,2.32,7309139
Unicaja,2025-11-04,2.4,0.02,1.01,2.4,2.32,7136367
Unicaja,2025-11-05,2.43,0.03,1.42,2.43,2.37,5947388
Unicaja,2025-11-06,2.49,0.05,2.22,2.51,2.44,9228359
Unicaja,2025-11-07,2.42,-0.07,-2.65,2.5,2.42,5322278
Unicaja,2025-11-10,2.51,0.09,3.64,2.51,2.45,7218193
Unicaja,2025-11-11,2.5,-0.01,-0.24,2.51,2.49,4242978
Unicaja,2025-11-12,2.56,0.06,2.24,2.57,2.51,8247617
Unicaja,2025-11-13,2.52,-0.04,-1.49,2.56,2.52,5732756
Unicaja,2025-11-14,2.45,-0.07,-2.94,2.5,2.43,4457320
Unicaja,2025-11-17,2.45,0.01,0.33,2.49,2.44,4075936
Unicaja,2025-11-18,2.41,-0.04,-1.71,2.44,2.39,3871820
Unicaja,2025-11-19,2.41,-0.0,-0.08,2.42,2.37,4386878
Unicaja,2025-11-20,2.44,0.03,1.08,2.48,2.43,4657940
Unicaja,2025-11-21,2.39,-0.05,-1.89,2.41,2.35,4898495
Unicaja,2025-11-24,2.47,0.08,3.51,2.47,2.4,7021319
Unicaja,2025-11-25,2.48,0.0,0.16,2.5,2.44,4061486
Unicaja,2025-11-26,2.52,0.04,1.61,2.53,2.47,4920646
Unicaja,2025-11-27,2.51,-0.01,-0.24,2.55,2.51,2820409
Unicaja,2025-11-28,2.53,0.02,0.72,2.54,2.5,2971261
Unicaja,2025-12-01,2.54,0.01,0.47,2.55,2.51,3410829
Unicaja,2025-12-02,2.59,0.05,1.97,2.6,2.55,3975843
Unicaja,2025-12-03,2.61,0.02,0.77,2.64,2.59,6408281
Unicaja,2025-12-04,2.63,0.02,0.69,2.63,2.58,4956107
Unicaja,2025-12-05,2.63,0.0,0.0,2.67,2.62,4071622
Unicaja,2025-12-08,2.64,0.01,0.53,2.65,2.62,3083069
Unicaja,2025-12-09,2.67,0.03,0.98,2.68,2.64,4012108
Unicaja,2025-12-10,2.66,-0.01,-0.37,2.68,2.63,9464936
Unicaja,2025-12-11,2.71,0.05,1.95,2.72,2.65,6633006
Unicaja,2025-12-12,2.68,-0.03,-1.11,2.75,2.68,7455366
Unicaja,2025-12-15,2.74,0.06,2.09,2.75,2.7,5215144
Unicaja,2025-12-16,2.7,-0.03,-1.24,2.77,2.7,4863840
Unicaja,2025-12-17,2.71,0.01,0.37,2.74,2.7,5363177
Unicaja,2025-12-18,2.75,0.03,1.25,2.75,2.7,3103640
Unicaja,2025-12-19,2.77,0.02,0.8,2.79,2.74,5953020
Unicaja,2025-12-22,2.77,-0.0,-0.14,2.79,2.76,2872403
Unicaja,2025-12-23,2.79,0.02,0.8,2.79,2.74,2701106
Unicaja,2025-12-24,2.78,-0.01,-0.22,2.78,2.77,918144
Unicaja,2025-12-29,2.74,-0.04,-1.37,2.79,2.74,4422245
Unicaja,2025-12-30,2.8,0.05,1.9,2.8,2.74,3245776
Unicaja,2025-12-31,2.78,-0.02,-0.64,2.79,2.77,1544730
Unicaja,2026-01-02,2.83,0.05,1.94,2.84,2.76,5363830
Unicaja,2026-01-05,2.83,-0.01,-0.21,2.87,2.78,4649525
Unicaja,2026-01-06,2.78,-0.05,-1.7,2.84,2.77,4580294
Unicaja,2026-01-07,2.71,-0.07,-2.38,2.78,2.71,8840958
Unicaja,2026-01-08,2.74,0.03,1.03,2.75,2.68,4143657
Unicaja,2026-01-09,2.75,0.01,0.22,2.77,2.72,2690596
Unicaja,2026-01-12,2.77,0.02,0.73,2.78,2.7,3962796
Unicaja,2026-01-13,2.81,0.04,1.59,2.84,2.78,5022516
Unicaja,2026-01-14,2.82,0.01,0.5,2.85,2.79,5356331
Unicaja,2026-01-15,2.82,-0.01,-0.21,2.85,2.8,3886629
Unicaja,2026-01-16,2.83,0.01,0.28,2.83,2.79,5103354
Unicaja,2026-01-19,2.83,0.0,0.14,2.84,2.76,3395300
Unicaja,2026-01-20,2.79,-0.04,-1.34,2.83,2.76,8448422
Unicaja,2026-01-21,2.81,0.01,0.5,2.81,2.74,4480073
Unicaja,2026-01-22,2.82,0.02,0.57,2.85,2.79,5518272
Unicaja,2026-01-23,2.79,-0.03,-0.99,2.83,2.78,2532578
Unicaja,2026-01-26,2.84,0.04,1.57,2.86,2.8,3556699
Unicaja,2026-01-27,2.9,0.06,2.04,2.9,2.86,3437268
Unicaja,2026-01-28,2.84,-0.06,-2.07,2.9,2.83,5039355
Unicaja,2026-01-29,2.81,-0.02,-0.85,2.87,2.8,3772172
Unicaja,2026-01-30,2.89,0.07,2.63,2.9,2.83,5664861
Unicaja,2026-02-02,2.97,0.09,3.05,2.98,2.85,8888047
Unicaja,2026-02-03,2.83,-0.15,-4.91,3.04,2.82,15528093
Unicaja,2026-02-04,2.82,-0.01,-0.42,2.87,2.8,7557904
Unicaja,2026-02-05,2.76,-0.06,-2.06,2.87,2.75,7778323
Unicaja,2026-02-06,2.75,-0.01,-0.22,2.77,2.72,5352556
Unicaja,2026-02-09,2.81,0.06,2.18,2.82,2.77,3929339
Unicaja,2026-02-10,2.76,-0.05,-1.78,2.82,2.76,5604462
Unicaja,2026-02-11,2.71,-0.05,-1.96,2.77,2.7,6420834
Unicaja,2026-02-12,2.65,-0.05,-1.99,2.76,2.64,5809295
Unicaja,2026-02-13,2.61,-0.05,-1.73,2.67,2.59,5622333
Unicaja,2026-02-16,2.62,0.01,0.38,2.65,2.61,4424773
Unicaja,2026-02-17,2.64,0.02,0.76,2.64,2.6,4542761
Unicaja,2026-02-18,2.7,0.07,2.5,2.71,2.66,3136601
Unicaja,2026-02-19,2.69,-0.01,-0.37,2.72,2.68,4109302
Unicaja,2026-02-20,2.72,0.03,1.04,2.74,2.69,4256829
Unicaja,2026-02-23,2.75,0.03,1.1,2.79,2.74,5015814
Unicaja,2026-02-24,2.7,-0.05,-1.96,2.73,2.67,4382837
Unicaja,2026-02-25,2.72,0.02,0.74,2.73,2.7,3088494
Unicaja,2026-02-26,2.73,0.01,0.44,2.74,2.69,3727249
Unicaja,2026-02-27,2.7,-0.03,-1.1,2.75,2.69,5097590
Unicaja,2026-03-02,2.6,-0.1,-3.7,2.61,2.55,9459743
Unicaja,2026-03-03,2.49,-0.11,-4.38,2.57,2.44,11649135
Unicaja,2026-03-04,2.56,0.07,2.82,2.56,2.42,8517181
Unicaja,2026-03-05,2.53,-0.02,-0.94,2.61,2.52,5575715
Unicaja,2026-03-06,2.5,-0.03,-1.18,2.56,2.46,6629131
Unicaja,2026-03-09,2.51,0.01,0.4,2.52,2.4,6670937
Unicaja,2026-03-10,2.59,0.08,3.03,2.61,2.57,5652622
Unicaja,2026-03-11,2.59,-0.0,-0.08,2.61,2.56,4116205
Unicaja,2026-03-12,2.47,-0.12,-4.56,2.58,2.45,11892331
Unicaja,2026-03-13,2.45,-0.02,-0.89,2.48,2.43,7942301
Unicaja,2026-03-16,2.46,0.01,0.49,2.47,2.42,7350302
